code,domain,domain_fa,axis,source_order,indicator,coefficient,coefficient_label,direction,category_weight_percent,domain_weight_percent,driver_id,mapping_confidence,template,calc_family,access_mode,playbook_codes,source_requirements,formula_text,registry_status
PHY-001,physical,کالبدی–زیرساختی,دسترسی,1,میزان فاصلۀ دسترسی کودکان تا مدرسه,4,زیاد,مستقیم (مقدار بیشتر = ظرفیت/وضعیت بهتر),20.0,0.5486968449931412,P2,medium,access,network_access,ترکیبی: برخط + درخواست سازمانی,"N01,N02,N06,N23",GIS/SDI شهرداری یا دهیاری و طرح جامع/تفصیلی؛ مرز محله، قطعه، بنا، کاربری و شبکه معابر + ثبت اداری دستگاه متولی + مرکز آمار ایران؛ سرشماری نفوس و مسکن در سطح بلوک/آبادی و، حسب نیاز، طرح نیروی کار و هزینه–درآمد خانوار,تحلیل شبکه معابر از مرکز جمعیت بلوک تا نزدیک‌ترین خدمت/مقصد تصریح‌شده در عنوان شاخص؛ نرخ پوشش = جمعیتِ درون آستانه خدمت مصوب ÷ کل جمعیت محله ×۱۰۰؛ میانه زمان/فاصله نیز گزارش شود.,baseline_requires_method_owner_approval
PHY-002,physical,کالبدی–زیرساختی,دسترسی,2,میزان فاصلۀ دسترسی به اتوبوس واحد و تاکسی,4,زیاد,مستقیم (مقدار بیشتر = ظرفیت/وضعیت بهتر),20.0,0.5486968449931412,P2,medium,transport_access,network_access,درخواست سازمانی/داده غیرعمومی,"N01,N10",سازمان حمل‌ونقل و ترافیک/اتوبوسرانی؛ مسیر، ایستگاه، فراوانی سرویس، زمان سفر و پارکینگ + GIS/SDI شهرداری یا دهیاری و طرح جامع/تفصیلی؛ مرز محله، قطعه، بنا، کاربری و شبکه معابر,تحلیل شبکه معابر از مرکز جمعیت بلوک تا نزدیک‌ترین ایستگاه حمل‌ونقل عمومی با سرویس فعال؛ نرخ پوشش = جمعیتِ درون ۴۰۰ متر پیاده ÷ کل جمعیت محله ×۱۰۰؛ میانه زمان/فاصله نیز گزارش شود.,baseline_requires_method_owner_approval
PHY-003,physical,کالبدی–زیرساختی,دسترسی,3,میزان فاصله دسترسی به پارک,4,زیاد,مستقیم (مقدار بیشتر = ظرفیت/وضعیت بهتر),20.0,0.5486968449931412,P2,medium,access,network_access,درخواست سازمانی/داده غیرعمومی,N01,GIS/SDI شهرداری یا دهیاری و طرح جامع/تفصیلی؛ مرز محله، قطعه، بنا، کاربری و شبکه معابر,تحلیل شبکه معابر از مرکز جمعیت بلوک تا نزدیک‌ترین پارک/فضای سبز عمومی؛ نرخ پوشش = جمعیتِ درون ۴۰۰ متر شبکه‌ای ÷ کل جمعیت محله ×۱۰۰؛ میانه زمان/فاصله نیز گزارش شود.,baseline_requires_method_owner_approval
PHY-004,physical,کالبدی–زیرساختی,دسترسی,4,میزان فاصلۀ دسترسی به خدماتی مثل مغازه,4,زیاد,مستقیم (مقدار بیشتر = ظرفیت/وضعیت بهتر),20.0,0.5486968449931412,P2,medium,access,network_access,ترکیبی: برخط + درخواست سازمانی,"N01,N02,N06,N23",GIS/SDI شهرداری یا دهیاری و طرح جامع/تفصیلی؛ مرز محله، قطعه، بنا، کاربری و شبکه معابر + ثبت اداری دستگاه متولی + مرکز آمار ایران؛ سرشماری نفوس و مسکن در سطح بلوک/آبادی و، حسب نیاز، طرح نیروی کار و هزینه–درآمد خانوار,تحلیل شبکه معابر از مرکز جمعیت بلوک تا نزدیک‌ترین خدمت/مقصد تصریح‌شده در عنوان شاخص؛ نرخ پوشش = جمعیتِ درون آستانه خدمت مصوب ÷ کل جمعیت محله ×۱۰۰؛ میانه زمان/فاصله نیز گزارش شود.,baseline_requires_method_owner_approval
PHY-005,physical,کالبدی–زیرساختی,دسترسی,5,مناسب بودن مسیر شرکت اتوبوسرانی برای رفت و آمد دانش آموزان به مدرسه,4,زیاد,مستقیم (مقدار بیشتر = ظرفیت/وضعیت بهتر),20.0,0.5486968449931412,P2,medium,access,network_access,درخواست سازمانی/داده غیرعمومی,"N01,N16",آموزش‌وپرورش و سازمان نوسازی مدارس؛ مکان، مقطع، ظرفیت، ثبت‌نام، معلم و نتایج آموزشی + GIS/SDI شهرداری یا دهیاری و طرح جامع/تفصیلی؛ مرز محله، قطعه، بنا، کاربری و شبکه معابر,تحلیل شبکه معابر از مرکز جمعیت بلوک تا نزدیک‌ترین مدرسه متناسب با مقطع؛ نرخ پوشش = جمعیتِ درون ۸۰۰ متر شبکه‌ای یا آستانه مصوب ÷ کل جمعیت محله ×۱۰۰؛ میانه زمان/فاصله نیز گزارش شود.,baseline_requires_method_owner_approval
PHY-006,physical,کالبدی–زیرساختی,کالبدی,1,میزان رضایت از امکانات اوقات فراغت مخصوص کودکان,3,متوسط,مستقیم (مقدار بیشتر = ظرفیت/وضعیت بهتر),1.7142857142857144,0.411522633744856,P2,medium,survey,survey_or_assessment,تولید میدانی,N03,پیمایش نمونه‌ای خانوار/کاربر محله با شناسه مکانی و پرسش استاندارد لیکرت ۱ تا ۵,میانگین وزنی پاسخ به گویه «میزان رضایت از امکانات اوقات فراغت مخصوص کودکان» در مقیاس ۱–۵؛ تبدیل به ۰–۱۰۰: (میانگین−۱)÷۴×۱۰۰. وزن نمونه برحسب جمعیت بلوک اعمال شود.,baseline_requires_method_owner_approval
PHY-007,physical,کالبدی–زیرساختی,کالبدی,2,میزان برخورداری از امکانات ورزشی لازم برای کودکان و نوجوانان,4,زیاد,مستقیم (مقدار بیشتر = ظرفیت/وضعیت بهتر),2.2857142857142856,0.5486968449931412,P2,medium,culture,formula_specific,ترکیبی: برخط + درخواست سازمانی,"N01,N02,N06,N15",ادارات فرهنگ‌وارشاد، ورزش، میراث فرهنگی و اوقاف؛ مکان، مساحت، ظرفیت و برنامه مراکز + GIS/SDI شهرداری یا دهیاری و طرح جامع/تفصیلی؛ مرز محله، قطعه، بنا، کاربری و شبکه معابر + مرکز آمار ایران؛ سرشماری نفوس و مسکن در سطح بلوک/آبادی و، حسب نیاز، طرح نیروی کار و هزینه–درآمد خانوار,ظرفیت/مساحت فعال به ازای ۱۰۰۰ نفر + درصد جمعیت در ۱۵ دقیقه پیاده؛ شاخص نهایی میانگین نرمال‌شده دسترسی و ظرفیت.,baseline_requires_method_owner_approval
PHY-008,physical,کالبدی–زیرساختی,کالبدی,3,میزان رضایت از فضای سبز و کلگاری پارک نزدیک منزل,3,متوسط,مستقیم (مقدار بیشتر = ظرفیت/وضعیت بهتر),1.7142857142857144,0.411522633744856,P2,medium,survey,survey_or_assessment,تولید میدانی,N03,پیمایش نمونه‌ای خانوار/کاربر محله با شناسه مکانی و پرسش استاندارد لیکرت ۱ تا ۵,میانگین وزنی پاسخ به گویه «میزان رضایت از فضای سبز و کلگاری پارک نزدیک منزل» در مقیاس ۱–۵؛ تبدیل به ۰–۱۰۰: (میانگین−۱)÷۴×۱۰۰. وزن نمونه برحسب جمعیت بلوک اعمال شود.,baseline_requires_method_owner_approval
PHY-009,physical,کالبدی–زیرساختی,کالبدی,4,میزان رضایت از آسفالت خیابان‌های شهر,3,متوسط,مستقیم (مقدار بیشتر = ظرفیت/وضعیت بهتر),1.7142857142857144,0.411522633744856,P2,medium,survey,survey_or_assessment,تولید میدانی,N03,پیمایش نمونه‌ای خانوار/کاربر محله با شناسه مکانی و پرسش استاندارد لیکرت ۱ تا ۵,میانگین وزنی پاسخ به گویه «میزان رضایت از آسفالت خیابان‌های شهر» در مقیاس ۱–۵؛ تبدیل به ۰–۱۰۰: (میانگین−۱)÷۴×۱۰۰. وزن نمونه برحسب جمعیت بلوک اعمال شود.,baseline_requires_method_owner_approval
PHY-010,physical,کالبدی–زیرساختی,کالبدی,5,میزان احساس شادمانی در مواقعی که در پارک سپری می‌کنند,3,متوسط,مستقیم (مقدار بیشتر = ظرفیت/وضعیت بهتر),1.7142857142857144,0.411522633744856,P2,medium,survey,survey_or_assessment,تولید میدانی,N03,پیمایش نمونه‌ای خانوار/کاربر محله با شناسه مکانی و پرسش استاندارد لیکرت ۱ تا ۵,میانگین وزنی پاسخ به گویه «میزان احساس شادمانی در مواقعی که در پارک سپری می‌کنند» در مقیاس ۱–۵؛ تبدیل به ۰–۱۰۰: (میانگین−۱)÷۴×۱۰۰. وزن نمونه برحسب جمعیت بلوک اعمال شود.,baseline_requires_method_owner_approval
PHY-011,physical,کالبدی–زیرساختی,کالبدی,6,زیرساخت‌ها,4,زیاد,مستقیم (مقدار بیشتر = ظرفیت/وضعیت بهتر),2.2857142857142856,0.5486968449931412,P2,medium,composite,composite,ترکیبی: تولید میدانی + درخواست سازمانی,"N03,N04,N23",پیمایش نمونه‌ای خانوار/کاربر محله با شناسه مکانی و پرسش استاندارد لیکرت ۱ تا ۵ + ممیزی میدانی مکان‌مند و چک‌لیست مشاهده استاندارد؛ مختصات، زمان، وضعیت و عکس کنترل‌شده + ثبت اداری/GIS متولی,هر زیرمولفه به ۰–۱۰۰ نرمال شود؛ شاخص مرکب = میانگین وزنی سنجش عینیِ پوشش/انطباق و سنجش ادراکی مرتبط با عنوان شاخص. وزن زیرمولفه‌ها در نسخه پایه برابر و سپس با AHP/دلفی محلی کالیبره شود.,baseline_requires_method_owner_approval
PHY-012,physical,کالبدی–زیرساختی,کالبدی,7,مسکن,4,زیاد,مستقیم (مقدار بیشتر = ظرفیت/وضعیت بهتر),2.2857142857142856,0.5486968449931412,P1,high,housing_composite,composite,ترکیبی: تولید میدانی + درخواست سازمانی,"N04,N02,N06,N07",مرکز آمار ایران؛ سرشماری نفوس و مسکن در سطح بلوک/آبادی و، حسب نیاز، طرح نیروی کار و هزینه–درآمد خانوار + شهرداری، سازمان ثبت اسناد/کاداستر و راه‌وشهرسازی؛ مالکیت، قطعه، پروانه، عمر و ارزش ملک + ممیزی میدانی مکان‌مند و چک‌لیست مشاهده استاندارد؛ مختصات، زمان، وضعیت و عکس کنترل‌شده,هر زیرمولفه به ۰–۱۰۰ نرمال شود؛ شاخص مرکب = میانگین وزنی استحکام، سن بنا، تراکم سکونت، برخورداری از خدمات، استطاعت و رضایت سکونتی. وزن زیرمولفه‌ها در نسخه پایه برابر و سپس با AHP/دلفی محلی کالیبره شود.,baseline_requires_method_owner_approval
PHY-013,physical,کالبدی–زیرساختی,کالبدی,8,خدمات عمومی,4,زیاد,مستقیم (مقدار بیشتر = ظرفیت/وضعیت بهتر),2.2857142857142856,0.5486968449931412,P2,medium,services,per_capita_or_density,درخواست سازمانی/داده غیرعمومی,"N01,N23",GIS/SDI شهرداری یا دهیاری و طرح جامع/تفصیلی؛ مرز محله، قطعه، بنا، کاربری و شبکه معابر + ثبت دارایی و ظرفیت دستگاه‌های خدمت‌رسان,هر زیرمولفه به ۰–۱۰۰ نرمال شود؛ شاخص مرکب = میانگین وزنی پوشش مکانی، ظرفیت سرانه، ساعات فعالیت و کیفیت خدمت. وزن زیرمولفه‌ها در نسخه پایه برابر و سپس با AHP/دلفی محلی کالیبره شود.,baseline_requires_method_owner_approval
PHY-014,physical,کالبدی–زیرساختی,کالبدی,9,درصد واحدهای مسکونی با مصالح کم دوام,5,بسیار زیاد,معکوس (مقدار بیشتر = وضعیت نامطلوب‌تر),2.857142857142857,0.6858710562414266,P1,high,housing,formula_specific,ترکیبی: تولید میدانی + درخواست سازمانی,"N04,N02,N06",مرکز آمار ایران؛ سرشماری نفوس و مسکن در سطح بلوک/آبادی و، حسب نیاز، طرح نیروی کار و هزینه–درآمد خانوار + ممیزی میدانی مکان‌مند و چک‌لیست مشاهده استاندارد؛ مختصات، زمان، وضعیت و عکس کنترل‌شده,درصد = تعداد/مساحت واحدهای مسکونی با مصالح کم‌دوام طبق طبقه‌بندی مرکز آمار ÷ کل کل واحدهای مسکونی محله ×۱۰۰.,baseline_requires_method_owner_approval
PHY-015,physical,کالبدی–زیرساختی,کالبدی,10,درصد ریزدانگی,4,زیاد,مستقیم (مقدار بیشتر = ظرفیت/وضعیت بهتر),2.2857142857142856,0.5486968449931412,P2,medium,morphology,spatial_statistic,درخواست سازمانی/داده غیرعمومی,"N01,N07",شهرداری، سازمان ثبت اسناد/کاداستر و راه‌وشهرسازی؛ مالکیت، قطعه، پروانه، عمر و ارزش ملک + GIS/SDI شهرداری یا دهیاری و طرح جامع/تفصیلی؛ مرز محله، قطعه، بنا، کاربری و شبکه معابر,تعداد/مساحت قطعات کوچک‌تر از حد نصاب مصوب ÷ کل تعداد/مساحت قطعات مسکونی ×۱۰۰؛ هر دو مبنا گزارش شود.,baseline_requires_method_owner_approval
PHY-016,physical,کالبدی–زیرساختی,کالبدی,11,دسترسی به معابر شریانی,4,زیاد,مستقیم (مقدار بیشتر = ظرفیت/وضعیت بهتر),2.2857142857142856,0.5486968449931412,P2,medium,access,network_access,درخواست سازمانی/داده غیرعمومی,N01,GIS/SDI شهرداری یا دهیاری و طرح جامع/تفصیلی؛ مرز محله، قطعه، بنا، کاربری و شبکه معابر,میانه زمان شبکه‌ای از مرکز جمعیت بلوک‌ها تا نزدیک‌ترین معبر شریانی؛ سهم جمعیت در آستانه ۱۰ دقیقه نیز گزارش شود.,baseline_requires_method_owner_approval
PHY-017,physical,کالبدی–زیرساختی,کالبدی,12,الگوی بافت شهری,4,زیاد,آستانه‌ای/بهینه (فاصله از دامنه معیار سنجیده شود),2.2857142857142856,0.5486968449931412,P2,medium,morphology,spatial_statistic,ترکیبی: برخط + درخواست سازمانی,"N01,N08",GIS/SDI شهرداری یا دهیاری و طرح جامع/تفصیلی؛ مرز محله، قطعه، بنا، کاربری و شبکه معابر + سازمان نقشه‌برداری/NSDI و تصاویر Sentinel/Landsat؛ پوشش زمین، NDVI، توسعه کالبدی و مخاطرات,شاخص ریخت‌شناسی مرکب از پیوستگی شبکه، اندازه بلوک، فشردگی قطعه و اختلاط کاربری؛ هر جزء ۰–۱۰۰ و میانگین وزنی.,baseline_requires_method_owner_approval
PHY-018,physical,کالبدی–زیرساختی,کالبدی,13,درصد ساختمان‌های نوساز,4,زیاد,مستقیم (مقدار بیشتر = ظرفیت/وضعیت بهتر),2.2857142857142856,0.5486968449931412,P1,high,housing,formula_specific,ترکیبی: برخط + درخواست سازمانی,"N02,N06,N07",شهرداری، سازمان ثبت اسناد/کاداستر و راه‌وشهرسازی؛ مالکیت، قطعه، پروانه، عمر و ارزش ملک + مرکز آمار ایران؛ سرشماری نفوس و مسکن در سطح بلوک/آبادی و، حسب نیاز، طرح نیروی کار و هزینه–درآمد خانوار,درصد = تعداد/مساحت ساختمان‌های با عمر حداکثر ۱۰ سال ÷ کل کل ساختمان‌ها محله ×۱۰۰.,baseline_requires_method_owner_approval
PHY-019,physical,کالبدی–زیرساختی,کالبدی,14,مبادرت به ایجاد نقشه‌های معیار و استاندار سازی آن‌ها,4,زیاد,مستقیم (مقدار بیشتر = ظرفیت/وضعیت بهتر),2.2857142857142856,0.5486968449931412,P2,medium,gis_quality,formula_specific,ترکیبی: برخط + درخواست سازمانی,"N01,N08",GIS/SDI شهرداری یا دهیاری و طرح جامع/تفصیلی؛ مرز محله، قطعه، بنا، کاربری و شبکه معابر + سازمان نقشه‌برداری,لایه‌های پایه دارای مقیاس، دستگاه مختصات، فراداده و به‌روزرسانی معتبر ÷ کل لایه‌های الزامی ×۱۰۰.,baseline_requires_method_owner_approval
PHY-020,physical,کالبدی–زیرساختی,کالبدی,15,پهنه بندی فقر کالبدی در گسترۀ بلوک‌ها,5,بسیار زیاد,معکوس (مقدار بیشتر = وضعیت نامطلوب‌تر),2.857142857142857,0.6858710562414266,P2,medium,morphology,spatial_statistic,درخواست سازمانی/داده غیرعمومی,"N01,N07",GIS/SDI شهرداری یا دهیاری و طرح جامع/تفصیلی؛ مرز محله، قطعه، بنا، کاربری و شبکه معابر + شرکت بازآفرینی شهری/راه‌وشهرسازی,مساحت پهنه مصوب فرسوده/ناکارآمد ÷ مساحت بافت محله ×۱۰۰؛ سه معیار ریزدانگی، ناپایداری و نفوذناپذیری جدا نگهداری شود.,baseline_requires_method_owner_approval
PHY-021,physical,کالبدی–زیرساختی,کالبدی,16,عوامل جغرافیایی,4,زیاد,مستقیم (مقدار بیشتر = ظرفیت/وضعیت بهتر),2.2857142857142856,0.5486968449931412,P2,medium,geography,formula_specific,ترکیبی: برخط + درخواست سازمانی,"N01,N08,N12",GIS/SDI شهرداری یا دهیاری و طرح جامع/تفصیلی؛ مرز محله، قطعه، بنا، کاربری و شبکه معابر + سازمان نقشه‌برداری/NSDI و تصاویر Sentinel/Landsat؛ پوشش زمین، NDVI، توسعه کالبدی و مخاطرات + سازمان هواشناسی,هر زیرمولفه به ۰–۱۰۰ نرمال شود؛ شاخص مرکب = میانگین وزنی شیب و ارتفاع، اقلیم، فاصله از مرکز/شبکه، محدودیت طبیعی و خطرپذیری. وزن زیرمولفه‌ها در نسخه پایه برابر و سپس با AHP/دلفی محلی کالیبره شود.,baseline_requires_method_owner_approval
PHY-022,physical,کالبدی–زیرساختی,کالبدی,17,محدودیت زمین,4,زیاد,مستقیم (مقدار بیشتر = ظرفیت/وضعیت بهتر),2.2857142857142856,0.5486968449931412,P2,medium,land,spatial_statistic,درخواست سازمانی/داده غیرعمومی,"N01,N07",GIS/SDI شهرداری یا دهیاری و طرح جامع/تفصیلی؛ مرز محله، قطعه، بنا، کاربری و شبکه معابر + شهرداری، سازمان ثبت اسناد/کاداستر و راه‌وشهرسازی؛ مالکیت، قطعه، پروانه، عمر و ارزش ملک,مساحت زمین قابل توسعه بدون منع حقوقی/محیطی ÷ کل مساحت بالقوه ×۱۰۰؛ برای اثر منفی، ۱۰۰ منهای این مقدار.,baseline_requires_method_owner_approval
PHY-023,physical,کالبدی–زیرساختی,کالبدی,18,تک هسته‌ای بودن شهر,4,زیاد,مستقیم (مقدار بیشتر = ظرفیت/وضعیت بهتر),2.2857142857142856,0.5486968449931412,P2,medium,morphology,spatial_statistic,ترکیبی: برخط + درخواست سازمانی,"N01,N08",GIS/SDI شهرداری یا دهیاری و طرح جامع/تفصیلی؛ مرز محله، قطعه، بنا، کاربری و شبکه معابر + سازمان نقشه‌برداری/NSDI و تصاویر Sentinel/Landsat؛ پوشش زمین، NDVI، توسعه کالبدی و مخاطرات,شاخص ریخت‌شناسی مرکب از پیوستگی شبکه، اندازه بلوک، فشردگی قطعه و اختلاط کاربری؛ هر جزء ۰–۱۰۰ و میانگین وزنی.,baseline_requires_method_owner_approval
PHY-024,physical,کالبدی–زیرساختی,کالبدی,19,حمل و نقل عمومی نامناسب,4,زیاد,معکوس (مقدار بیشتر = وضعیت نامطلوب‌تر),2.2857142857142856,0.5486968449931412,P3,high,transport_quality,survey_or_assessment,ترکیبی: تولید میدانی + درخواست سازمانی,"N03,N10",سازمان حمل‌ونقل و ترافیک/اتوبوسرانی؛ مسیر، ایستگاه، فراوانی سرویس، زمان سفر و پارکینگ + پیمایش نمونه‌ای خانوار/کاربر محله با شناسه مکانی و پرسش استاندارد لیکرت ۱ تا ۵,شاخص خدمت = میانگین نرمال‌شده پوشش ایستگاه، تواتر، وقت‌شناسی، هزینه‌پذیری و رضایت؛ برای عبارت منفی، ۱۰۰ منهای شاخص خدمت.,baseline_requires_method_owner_approval
PHY-025,physical,کالبدی–زیرساختی,کالبدی,20,دسترسی به خدمات آموزشی و مراکز فرهنگی,4,زیاد,مستقیم (مقدار بیشتر = ظرفیت/وضعیت بهتر),2.2857142857142856,0.5486968449931412,P2,medium,access,network_access,ترکیبی: برخط + درخواست سازمانی,"N01,N02,N06,N23",GIS/SDI شهرداری یا دهیاری و طرح جامع/تفصیلی؛ مرز محله، قطعه، بنا، کاربری و شبکه معابر + ثبت اداری دستگاه متولی + مرکز آمار ایران؛ سرشماری نفوس و مسکن در سطح بلوک/آبادی و، حسب نیاز، طرح نیروی کار و هزینه–درآمد خانوار,تحلیل شبکه معابر از مرکز جمعیت بلوک تا نزدیک‌ترین خدمت/مقصد تصریح‌شده در عنوان شاخص؛ نرخ پوشش = جمعیتِ درون آستانه خدمت مصوب ÷ کل جمعیت محله ×۱۰۰؛ میانه زمان/فاصله نیز گزارش شود.,baseline_requires_method_owner_approval
PHY-026,physical,کالبدی–زیرساختی,کالبدی,21,دسترسی به فضای سبز و تفریحی و ورزشی,4,زیاد,مستقیم (مقدار بیشتر = ظرفیت/وضعیت بهتر),2.2857142857142856,0.5486968449931412,P2,medium,access,network_access,ترکیبی: برخط + درخواست سازمانی,"N01,N02,N06,N23",GIS/SDI شهرداری یا دهیاری و طرح جامع/تفصیلی؛ مرز محله، قطعه، بنا، کاربری و شبکه معابر + ثبت اداری دستگاه متولی + مرکز آمار ایران؛ سرشماری نفوس و مسکن در سطح بلوک/آبادی و، حسب نیاز، طرح نیروی کار و هزینه–درآمد خانوار,تحلیل شبکه معابر از مرکز جمعیت بلوک تا نزدیک‌ترین خدمت/مقصد تصریح‌شده در عنوان شاخص؛ نرخ پوشش = جمعیتِ درون آستانه خدمت مصوب ÷ کل جمعیت محله ×۱۰۰؛ میانه زمان/فاصله نیز گزارش شود.,baseline_requires_method_owner_approval
PHY-027,physical,کالبدی–زیرساختی,کالبدی,22,دسترسی به امکانات اضطراری,4,زیاد,مستقیم (مقدار بیشتر = ظرفیت/وضعیت بهتر),2.2857142857142856,0.5486968449931412,P2,medium,access,network_access,درخواست سازمانی/داده غیرعمومی,"N01,N09,N14",فراجا/کلانتری، آتش‌نشانی و اورژانس؛ رخداد مکان‌مند، زمان پاسخ و نوع حادثه + GIS/SDI شهرداری یا دهیاری و طرح جامع/تفصیلی؛ مرز محله، قطعه، بنا، کاربری و شبکه معابر,تحلیل شبکه معابر از مرکز جمعیت بلوک تا نزدیک‌ترین آتش‌نشانی/اورژانس؛ نرخ پوشش = جمعیتِ درون زمان پاسخ استاندارد ۸ دقیقه یا معیار محلی ÷ کل جمعیت محله ×۱۰۰؛ میانه زمان/فاصله نیز گزارش شود.,baseline_requires_method_owner_approval
PHY-028,physical,کالبدی–زیرساختی,کالبدی,23,دسترسی به مراکز بهداشت و اورژانس,5,بسیار زیاد,مستقیم (مقدار بیشتر = ظرفیت/وضعیت بهتر),2.857142857142857,0.6858710562414266,P2,medium,health_access,network_access,درخواست سازمانی/داده غیرعمومی,"N01,N09",شبکه بهداشت/دانشگاه علوم پزشکی، اورژانس و ثبت احوال؛ مکان مرکز، ظرفیت، رخداد و پیامد سلامت + GIS/SDI شهرداری یا دهیاری و طرح جامع/تفصیلی؛ مرز محله، قطعه، بنا، کاربری و شبکه معابر,تحلیل شبکه معابر از مرکز جمعیت بلوک تا نزدیک‌ترین مرکز سلامت/اورژانس متناسب با سطح خدمت؛ نرخ پوشش = جمعیتِ درون ۱۵ دقیقه پیاده یا زمان استاندارد محلی ÷ کل جمعیت محله ×۱۰۰؛ میانه زمان/فاصله نیز گزارش شود.,baseline_requires_method_owner_approval
PHY-029,physical,کالبدی–زیرساختی,کالبدی,24,دسترسی به مراکز خرید و مطلوبیت این دسترسی,4,زیاد,مستقیم (مقدار بیشتر = ظرفیت/وضعیت بهتر),2.2857142857142856,0.5486968449931412,P2,medium,access,network_access,ترکیبی: برخط + درخواست سازمانی,"N01,N02,N06,N23",GIS/SDI شهرداری یا دهیاری و طرح جامع/تفصیلی؛ مرز محله، قطعه، بنا، کاربری و شبکه معابر + ثبت اداری دستگاه متولی + مرکز آمار ایران؛ سرشماری نفوس و مسکن در سطح بلوک/آبادی و، حسب نیاز، طرح نیروی کار و هزینه–درآمد خانوار,تحلیل شبکه معابر از مرکز جمعیت بلوک تا نزدیک‌ترین خدمت/مقصد تصریح‌شده در عنوان شاخص؛ نرخ پوشش = جمعیتِ درون آستانه خدمت مصوب ÷ کل جمعیت محله ×۱۰۰؛ میانه زمان/فاصله نیز گزارش شود.,baseline_requires_method_owner_approval
PHY-030,physical,کالبدی–زیرساختی,کالبدی,25,کیفیت خدمات فضای آموزشی,4,زیاد,مستقیم (مقدار بیشتر = ظرفیت/وضعیت بهتر),2.2857142857142856,0.5486968449931412,P2,medium,composite,composite,ترکیبی: تولید میدانی + درخواست سازمانی,"N03,N04,N23",پیمایش نمونه‌ای خانوار/کاربر محله با شناسه مکانی و پرسش استاندارد لیکرت ۱ تا ۵ + ممیزی میدانی مکان‌مند و چک‌لیست مشاهده استاندارد؛ مختصات، زمان، وضعیت و عکس کنترل‌شده + ثبت اداری/GIS متولی,هر زیرمولفه به ۰–۱۰۰ نرمال شود؛ شاخص مرکب = میانگین وزنی سنجش عینیِ پوشش/انطباق و سنجش ادراکی مرتبط با عنوان شاخص. وزن زیرمولفه‌ها در نسخه پایه برابر و سپس با AHP/دلفی محلی کالیبره شود.,baseline_requires_method_owner_approval
PHY-031,physical,کالبدی–زیرساختی,کالبدی,26,کیفیت خدمات بهداشتی محله,5,بسیار زیاد,مستقیم (مقدار بیشتر = ظرفیت/وضعیت بهتر),2.857142857142857,0.6858710562414266,P2,medium,health_access,network_access,درخواست سازمانی/داده غیرعمومی,"N01,N09",شبکه بهداشت/دانشگاه علوم پزشکی، اورژانس و ثبت احوال؛ مکان مرکز، ظرفیت، رخداد و پیامد سلامت + GIS/SDI شهرداری یا دهیاری و طرح جامع/تفصیلی؛ مرز محله، قطعه، بنا، کاربری و شبکه معابر,تحلیل شبکه معابر از مرکز جمعیت بلوک تا نزدیک‌ترین مرکز سلامت/اورژانس متناسب با سطح خدمت؛ نرخ پوشش = جمعیتِ درون ۱۵ دقیقه پیاده یا زمان استاندارد محلی ÷ کل جمعیت محله ×۱۰۰؛ میانه زمان/فاصله نیز گزارش شود.,baseline_requires_method_owner_approval
PHY-032,physical,کالبدی–زیرساختی,کالبدی,27,کیفیت فضای اوقات فراغت و معابر و عرض آن‌ها,4,زیاد,مستقیم (مقدار بیشتر = ظرفیت/وضعیت بهتر),2.2857142857142856,0.5486968449931412,P2,medium,culture,formula_specific,ترکیبی: برخط + درخواست سازمانی,"N01,N02,N06,N15",ادارات فرهنگ‌وارشاد، ورزش، میراث فرهنگی و اوقاف؛ مکان، مساحت، ظرفیت و برنامه مراکز + GIS/SDI شهرداری یا دهیاری و طرح جامع/تفصیلی؛ مرز محله، قطعه، بنا، کاربری و شبکه معابر + مرکز آمار ایران؛ سرشماری نفوس و مسکن در سطح بلوک/آبادی و، حسب نیاز، طرح نیروی کار و هزینه–درآمد خانوار,ظرفیت/مساحت فعال به ازای ۱۰۰۰ نفر + درصد جمعیت در ۱۵ دقیقه پیاده؛ شاخص نهایی میانگین نرمال‌شده دسترسی و ظرفیت.,baseline_requires_method_owner_approval
PHY-033,physical,کالبدی–زیرساختی,کالبدی,28,کیفیت واحد مسکونی و نمای آن‌ها,4,زیاد,مستقیم (مقدار بیشتر = ظرفیت/وضعیت بهتر),2.2857142857142856,0.5486968449931412,P2,medium,audit,field_audit,ترکیبی: تولید میدانی + درخواست سازمانی,"N04,N01",ممیزی میدانی مکان‌مند و چک‌لیست مشاهده استاندارد؛ مختصات، زمان، وضعیت و عکس کنترل‌شده + GIS/SDI شهرداری یا دهیاری و طرح جامع/تفصیلی؛ مرز محله، قطعه، بنا، کاربری و شبکه معابر,واحدهای معبر/فضا منطبق با چک‌لیست استاندارد ÷ کل واحدهای نمونه ×۱۰۰؛ برای کیفیت، امتیاز هر قلم ۰–۲ و مجموع به ۰–۱۰۰ تبدیل شود.,baseline_requires_method_owner_approval
PHY-034,physical,کالبدی–زیرساختی,کالبدی,29,رضایت از فضای بازی کودکان,3,متوسط,مستقیم (مقدار بیشتر = ظرفیت/وضعیت بهتر),1.7142857142857144,0.411522633744856,P2,medium,survey,survey_or_assessment,تولید میدانی,N03,پیمایش نمونه‌ای خانوار/کاربر محله با شناسه مکانی و پرسش استاندارد لیکرت ۱ تا ۵,میانگین وزنی پاسخ به گویه «رضایت از فضای بازی کودکان» در مقیاس ۱–۵؛ تبدیل به ۰–۱۰۰: (میانگین−۱)÷۴×۱۰۰. وزن نمونه برحسب جمعیت بلوک اعمال شود.,baseline_requires_method_owner_approval
PHY-035,physical,کالبدی–زیرساختی,کالبدی,30,تعداد پروانه‌های ساختمانی صادر شده برای کاربری‌ها,4,زیاد,مستقیم (مقدار بیشتر = ظرفیت/وضعیت بهتر),2.2857142857142856,0.5486968449931412,P1,high,permits,ratio_rate_or_trend,درخواست سازمانی/داده غیرعمومی,N07,شهرداری، سازمان ثبت اسناد/کاداستر و راه‌وشهرسازی؛ مالکیت، قطعه، پروانه، عمر و ارزش ملک,تعداد یا مساحت زیربنای پروانه‌های صادرشده در سال ÷ جمعیت یا ÷ مساحت محله؛ کاربری‌ها جدا و روند سه‌ساله ثبت شود.,baseline_requires_method_owner_approval
PHY-036,physical,کالبدی–زیرساختی,کالبدی,31,درصد مساحت پروانه ساختمانی صادر شده و پروژه‌های عمرانی,4,زیاد,مستقیم (مقدار بیشتر = ظرفیت/وضعیت بهتر),2.2857142857142856,0.5486968449931412,P1,high,permits,ratio_rate_or_trend,درخواست سازمانی/داده غیرعمومی,N07,شهرداری، سازمان ثبت اسناد/کاداستر و راه‌وشهرسازی؛ مالکیت، قطعه، پروانه، عمر و ارزش ملک,تعداد یا مساحت زیربنای پروانه‌های صادرشده در سال ÷ جمعیت یا ÷ مساحت محله؛ کاربری‌ها جدا و روند سه‌ساله ثبت شود.,baseline_requires_method_owner_approval
PHY-037,physical,کالبدی–زیرساختی,کالبدی,32,طول معابر و مساحت پیاده‌روها,4,زیاد,مستقیم (مقدار بیشتر = ظرفیت/وضعیت بهتر),2.2857142857142856,0.5486968449931412,P2,medium,network,network_access,ترکیبی: تولید میدانی + درخواست سازمانی,"N04,N01",GIS/SDI شهرداری یا دهیاری و طرح جامع/تفصیلی؛ مرز محله، قطعه، بنا، کاربری و شبکه معابر + ممیزی میدانی مکان‌مند و چک‌لیست مشاهده استاندارد؛ مختصات، زمان، وضعیت و عکس کنترل‌شده,تراکم شبکه = طول/مساحت عارضه استاندارد و پیوسته ÷ مساحت محله؛ برای مسیر، کیلومتر به ازای کیلومترمربع و سهم شبکه پیوسته گزارش شود.,baseline_requires_method_owner_approval
PHY-038,physical,کالبدی–زیرساختی,کالبدی,33,تعداد پهنه‌های بافت فرسوده,5,بسیار زیاد,معکوس (مقدار بیشتر = وضعیت نامطلوب‌تر),2.857142857142857,0.6858710562414266,P1,high,morphology,spatial_statistic,درخواست سازمانی/داده غیرعمومی,"N01,N07",GIS/SDI شهرداری یا دهیاری و طرح جامع/تفصیلی؛ مرز محله، قطعه، بنا، کاربری و شبکه معابر + شرکت بازآفرینی شهری/راه‌وشهرسازی,مساحت پهنه مصوب فرسوده/ناکارآمد ÷ مساحت بافت محله ×۱۰۰؛ سه معیار ریزدانگی، ناپایداری و نفوذناپذیری جدا نگهداری شود.,baseline_requires_method_owner_approval
PHY-039,physical,کالبدی–زیرساختی,کالبدی,34,ریخت شناسی و فرم بافت‌ها,4,زیاد,آستانه‌ای/بهینه (فاصله از دامنه معیار سنجیده شود),2.2857142857142856,0.5486968449931412,P2,medium,morphology,spatial_statistic,ترکیبی: برخط + درخواست سازمانی,"N01,N08",GIS/SDI شهرداری یا دهیاری و طرح جامع/تفصیلی؛ مرز محله، قطعه، بنا، کاربری و شبکه معابر + سازمان نقشه‌برداری/NSDI و تصاویر Sentinel/Landsat؛ پوشش زمین، NDVI، توسعه کالبدی و مخاطرات,شاخص ریخت‌شناسی مرکب از پیوستگی شبکه، اندازه بلوک، فشردگی قطعه و اختلاط کاربری؛ هر جزء ۰–۱۰۰ و میانگین وزنی.,baseline_requires_method_owner_approval
PHY-040,physical,کالبدی–زیرساختی,کالبدی,35,ابعاد فیزیکی (مسکن),4,زیاد,مستقیم (مقدار بیشتر = ظرفیت/وضعیت بهتر),2.2857142857142856,0.5486968449931412,P1,high,housing_area,formula_specific,ترکیبی: برخط + درخواست سازمانی,"N02,N06,N07",مرکز آمار ایران؛ سرشماری نفوس و مسکن در سطح بلوک/آبادی و، حسب نیاز، طرح نیروی کار و هزینه–درآمد خانوار + شهرداری، سازمان ثبت اسناد/کاداستر و راه‌وشهرسازی؛ مالکیت، قطعه، پروانه، عمر و ارزش ملک,زیربنای مسکونی اشغال‌شده ÷ جمعیت ساکن (مترمربع به ازای نفر)؛ ازدحام = نفر ÷ اتاق نیز گزارش شود.,baseline_requires_method_owner_approval
PHY-041,physical,کالبدی–زیرساختی,کالبدی,36,نوع مصالح به کار رفته در ساخت و ساز,4,زیاد,مستقیم (مقدار بیشتر = ظرفیت/وضعیت بهتر),2.2857142857142856,0.5486968449931412,P1,high,housing_material,formula_specific,ترکیبی: تولید میدانی + درخواست سازمانی,"N04,N02,N06",مرکز آمار ایران؛ سرشماری نفوس و مسکن در سطح بلوک/آبادی و، حسب نیاز، طرح نیروی کار و هزینه–درآمد خانوار + ممیزی میدانی مکان‌مند و چک‌لیست مشاهده استاندارد؛ مختصات، زمان، وضعیت و عکس کنترل‌شده,سهم بنا بر گروه مصالح بادوام/میان‌دوام/کم‌دوام؛ امتیاز = Σ(سهم گروه×امتیاز ۱،۳،۵) و تبدیل به ۰–۱۰۰.,baseline_requires_method_owner_approval
PHY-042,physical,کالبدی–زیرساختی,کالبدی,37,تراکم بالای مسکونی,4,زیاد,معکوس (مقدار بیشتر = وضعیت نامطلوب‌تر),2.2857142857142856,0.5486968449931412,P2,medium,housing,formula_specific,ترکیبی: برخط + درخواست سازمانی,"N01,N02,N06",مرکز آمار ایران؛ سرشماری نفوس و مسکن در سطح بلوک/آبادی و، حسب نیاز، طرح نیروی کار و هزینه–درآمد خانوار + GIS/SDI شهرداری یا دهیاری و طرح جامع/تفصیلی؛ مرز محله، قطعه، بنا، کاربری و شبکه معابر,تعداد واحد مسکونی ÷ مساحت خالص مسکونی (واحد در هکتار)؛ فاصله از دامنه ظرفیت طرح تفصیلی امتیازدهی شود.,baseline_requires_method_owner_approval
PHY-043,physical,کالبدی–زیرساختی,کالبدی,38,فقر کالبدی و جدایی گزینی کالبدی,5,بسیار زیاد,معکوس (مقدار بیشتر = وضعیت نامطلوب‌تر),2.857142857142857,0.6858710562414266,P2,medium,morphology,spatial_statistic,درخواست سازمانی/داده غیرعمومی,"N01,N07",GIS/SDI شهرداری یا دهیاری و طرح جامع/تفصیلی؛ مرز محله، قطعه، بنا، کاربری و شبکه معابر + شرکت بازآفرینی شهری/راه‌وشهرسازی,مساحت پهنه مصوب فرسوده/ناکارآمد ÷ مساحت بافت محله ×۱۰۰؛ سه معیار ریزدانگی، ناپایداری و نفوذناپذیری جدا نگهداری شود.,baseline_requires_method_owner_approval
PHY-044,physical,کالبدی–زیرساختی,کالبدی,39,شکل بافت,4,زیاد,آستانه‌ای/بهینه (فاصله از دامنه معیار سنجیده شود),2.2857142857142856,0.5486968449931412,P2,medium,morphology,spatial_statistic,ترکیبی: برخط + درخواست سازمانی,"N01,N08",GIS/SDI شهرداری یا دهیاری و طرح جامع/تفصیلی؛ مرز محله، قطعه، بنا، کاربری و شبکه معابر + سازمان نقشه‌برداری/NSDI و تصاویر Sentinel/Landsat؛ پوشش زمین، NDVI، توسعه کالبدی و مخاطرات,شاخص ریخت‌شناسی مرکب از پیوستگی شبکه، اندازه بلوک، فشردگی قطعه و اختلاط کاربری؛ هر جزء ۰–۱۰۰ و میانگین وزنی.,baseline_requires_method_owner_approval
PHY-045,physical,کالبدی–زیرساختی,کالبدی,40,کمبود کاربری‌های عمومی,4,زیاد,معکوس (مقدار بیشتر = وضعیت نامطلوب‌تر),2.2857142857142856,0.5486968449931412,P2,medium,service_deficit,formula_specific,درخواست سازمانی/داده غیرعمومی,"N01,N23",GIS/SDI شهرداری یا دهیاری و طرح جامع/تفصیلی؛ مرز محله، قطعه، بنا، کاربری و شبکه معابر + ثبت ظرفیت دستگاه‌های خدمت‌رسان,کسری خدمت = max(۰، سرانه معیار−سرانه موجود) ÷ سرانه معیار ×۱۰۰؛ برای امتیاز مثبت، ۱۰۰−کسری.,baseline_requires_method_owner_approval
PHY-046,physical,کالبدی–زیرساختی,کالبدی,41,نسبت برخورداری از انشعاب آب,5,بسیار زیاد,مستقیم (مقدار بیشتر = ظرفیت/وضعیت بهتر),2.857142857142857,0.6858710562414266,P1,high,utilities,ratio_rate_or_trend,ترکیبی: برخط + درخواست سازمانی,"N02,N06,N11",شرکت‌های آبفا، توزیع برق و گاز؛ مشترک فعال، انشعاب، قطعی، مصرف و کیفیت خدمت + مرکز آمار ایران؛ سرشماری نفوس و مسکن در سطح بلوک/آبادی و، حسب نیاز، طرح نیروی کار و هزینه–درآمد خانوار,درصد = تعداد/مساحت واحدهای مسکونی دارای انشعاب آب فعال ÷ کل واحدهای مسکونی اشغال‌شده محله ×۱۰۰.,baseline_requires_method_owner_approval
PHY-047,physical,کالبدی–زیرساختی,کالبدی,42,نسبت برخورداری از انشعاب فاضلاب,5,بسیار زیاد,مستقیم (مقدار بیشتر = ظرفیت/وضعیت بهتر),2.857142857142857,0.6858710562414266,P2,medium,utilities,ratio_rate_or_trend,ترکیبی: برخط + درخواست سازمانی,"N02,N06,N11",شرکت‌های آبفا، توزیع برق و گاز؛ مشترک فعال، انشعاب، قطعی، مصرف و کیفیت خدمت + مرکز آمار ایران؛ سرشماری نفوس و مسکن در سطح بلوک/آبادی و، حسب نیاز، طرح نیروی کار و هزینه–درآمد خانوار,درصد = تعداد/مساحت واحدهای متصل به شبکه جمع‌آوری/تصفیه فاضلاب ÷ کل واحدهای مسکونی اشغال‌شده محله ×۱۰۰.,baseline_requires_method_owner_approval
PHY-048,physical,کالبدی–زیرساختی,کالبدی,43,شکل و فرم سلسله مراتب شبکه‌های دسترسی,4,زیاد,مستقیم (مقدار بیشتر = ظرفیت/وضعیت بهتر),2.2857142857142856,0.5486968449931412,P2,medium,access,network_access,ترکیبی: برخط + درخواست سازمانی,"N01,N02,N06,N23",GIS/SDI شهرداری یا دهیاری و طرح جامع/تفصیلی؛ مرز محله، قطعه، بنا، کاربری و شبکه معابر + ثبت اداری دستگاه متولی + مرکز آمار ایران؛ سرشماری نفوس و مسکن در سطح بلوک/آبادی و، حسب نیاز، طرح نیروی کار و هزینه–درآمد خانوار,تحلیل شبکه معابر از مرکز جمعیت بلوک تا نزدیک‌ترین خدمت/مقصد تصریح‌شده در عنوان شاخص؛ نرخ پوشش = جمعیتِ درون آستانه خدمت مصوب ÷ کل جمعیت محله ×۱۰۰؛ میانه زمان/فاصله نیز گزارش شود.,baseline_requires_method_owner_approval
PHY-049,physical,کالبدی–زیرساختی,طراحی,1,میزان رضایت از مدل رنگ آمیزی و زیبایی در و دیوار شهر,1,بسیار کم,مستقیم (مقدار بیشتر = ظرفیت/وضعیت بهتر),12.5,0.1371742112482853,P2,medium,survey,survey_or_assessment,تولید میدانی,N03,پیمایش نمونه‌ای خانوار/کاربر محله با شناسه مکانی و پرسش استاندارد لیکرت ۱ تا ۵,میانگین وزنی پاسخ به گویه «میزان رضایت از مدل رنگ آمیزی و زیبایی در و دیوار شهر» در مقیاس ۱–۵؛ تبدیل به ۰–۱۰۰: (میانگین−۱)÷۴×۱۰۰. وزن نمونه برحسب جمعیت بلوک اعمال شود.,baseline_requires_method_owner_approval
PHY-050,physical,کالبدی–زیرساختی,طراحی,2,میزان رضایت از طراحی نیمکت‌ها و صندلی‌های پارک و سایر فضاهای شهر,1,بسیار کم,مستقیم (مقدار بیشتر = ظرفیت/وضعیت بهتر),12.5,0.1371742112482853,P2,medium,survey,survey_or_assessment,تولید میدانی,N03,پیمایش نمونه‌ای خانوار/کاربر محله با شناسه مکانی و پرسش استاندارد لیکرت ۱ تا ۵,میانگین وزنی پاسخ به گویه «میزان رضایت از طراحی نیمکت‌ها و صندلی‌های پارک و سایر فضاهای شهر» در مقیاس ۱–۵؛ تبدیل به ۰–۱۰۰: (میانگین−۱)÷۴×۱۰۰. وزن نمونه برحسب جمعیت بلوک اعمال شود.,baseline_requires_method_owner_approval
PHY-051,physical,کالبدی–زیرساختی,طراحی,3,میزان رضایت از نور و روشنایی خیابان‌های شهر,1,بسیار کم,مستقیم (مقدار بیشتر = ظرفیت/وضعیت بهتر),12.5,0.1371742112482853,P3,high,survey,survey_or_assessment,تولید میدانی,N03,پیمایش نمونه‌ای خانوار/کاربر محله با شناسه مکانی و پرسش استاندارد لیکرت ۱ تا ۵,میانگین وزنی پاسخ به گویه «میزان رضایت از نور و روشنایی خیابان‌های شهر» در مقیاس ۱–۵؛ تبدیل به ۰–۱۰۰: (میانگین−۱)÷۴×۱۰۰. وزن نمونه برحسب جمعیت بلوک اعمال شود.,baseline_requires_method_owner_approval
PHY-052,physical,کالبدی–زیرساختی,طراحی,4,میزان رضایت از فواره، مجسمه‌ها و اِلِمان‌های موجود در پارک و سایر فضاهای شهر,1,بسیار کم,مستقیم (مقدار بیشتر = ظرفیت/وضعیت بهتر),12.5,0.1371742112482853,P2,medium,survey,survey_or_assessment,تولید میدانی,N03,پیمایش نمونه‌ای خانوار/کاربر محله با شناسه مکانی و پرسش استاندارد لیکرت ۱ تا ۵,میانگین وزنی پاسخ به گویه «میزان رضایت از فواره، مجسمه‌ها و اِلِمان‌های موجود در پارک و سایر فضاهای شهر» در مقیاس ۱–۵؛ تبدیل به ۰–۱۰۰: (میانگین−۱)÷۴×۱۰۰. وزن نمونه برحسب جمعیت بلوک اعمال شود.,baseline_requires_method_owner_approval
PHY-053,physical,کالبدی–زیرساختی,طراحی,5,وضعیت پیاده‌روهای شهر از نظر سنگفرش، نظافت و عریض بودن,2,کم,مستقیم (مقدار بیشتر = ظرفیت/وضعیت بهتر),25.0,0.2743484224965706,P2,medium,audit,field_audit,ترکیبی: تولید میدانی + درخواست سازمانی,"N04,N01",ممیزی میدانی مکان‌مند و چک‌لیست مشاهده استاندارد؛ مختصات، زمان، وضعیت و عکس کنترل‌شده + GIS/SDI شهرداری یا دهیاری و طرح جامع/تفصیلی؛ مرز محله، قطعه، بنا، کاربری و شبکه معابر,واحدهای معبر/فضا منطبق با چک‌لیست استاندارد ÷ کل واحدهای نمونه ×۱۰۰؛ برای کیفیت، امتیاز هر قلم ۰–۲ و مجموع به ۰–۱۰۰ تبدیل شود.,baseline_requires_method_owner_approval
PHY-054,physical,کالبدی–زیرساختی,طراحی,6,میزان تمایل به رنگ آمیزی در و دیوار شهر توسط کودکان,1,بسیار کم,مستقیم (مقدار بیشتر = ظرفیت/وضعیت بهتر),12.5,0.1371742112482853,P2,medium,survey,survey_or_assessment,تولید میدانی,N03,پیمایش نمونه‌ای خانوار/کاربر محله با شناسه مکانی و پرسش استاندارد لیکرت ۱ تا ۵,میانگین وزنی پاسخ به گویه «میزان تمایل به رنگ آمیزی در و دیوار شهر توسط کودکان» در مقیاس ۱–۵؛ تبدیل به ۰–۱۰۰: (میانگین−۱)÷۴×۱۰۰. وزن نمونه برحسب جمعیت بلوک اعمال شود.,baseline_requires_method_owner_approval
PHY-055,physical,کالبدی–زیرساختی,طراحی,7,میزان موافقت برای خط جداگانه عبور دوچرخه سواری کودکان,1,بسیار کم,مستقیم (مقدار بیشتر = ظرفیت/وضعیت بهتر),12.5,0.1371742112482853,P2,medium,survey,survey_or_assessment,تولید میدانی,N03,پیمایش نمونه‌ای خانوار/کاربر محله با شناسه مکانی و پرسش استاندارد لیکرت ۱ تا ۵,میانگین وزنی پاسخ به گویه «میزان موافقت برای خط جداگانه عبور دوچرخه سواری کودکان» در مقیاس ۱–۵؛ تبدیل به ۰–۱۰۰: (میانگین−۱)÷۴×۱۰۰. وزن نمونه برحسب جمعیت بلوک اعمال شود.,baseline_requires_method_owner_approval
PHY-056,physical,کالبدی–زیرساختی,زیست محیطی,1,سبزینگی,4,زیاد,مستقیم (مقدار بیشتر = ظرفیت/وضعیت بهتر),6.451612903225806,0.5486968449931412,P2,medium,green,spatial_statistic,ترکیبی: برخط + درخواست سازمانی,"N01,N08,N15",GIS/SDI شهرداری یا دهیاری و طرح جامع/تفصیلی؛ مرز محله، قطعه، بنا، کاربری و شبکه معابر + سازمان نقشه‌برداری/NSDI و تصاویر Sentinel/Landsat؛ پوشش زمین، NDVI، توسعه کالبدی و مخاطرات + سازمان بوستان‌ها,سرانه فضای سبز عمومی = مساحت قابل‌استفاده سبز ÷ جمعیت؛ NDVI میانگین و درصد جمعیت در ۴۰۰ متری فضای سبز به‌عنوان کنترل.,baseline_requires_method_owner_approval
PHY-057,physical,کالبدی–زیرساختی,زیست محیطی,2,منابع، آب، خاک، هوا,5,بسیار زیاد,مستقیم (مقدار بیشتر = ظرفیت/وضعیت بهتر),8.064516129032258,0.6858710562414266,P1,high,environment_composite,composite,ترکیبی: برخط + درخواست سازمانی,"N08,N11,N12",سازمان حفاظت محیط زیست و سامانه پایش کیفی هوا + آزمایشگاه آب/خاک و پایش صدای شهرداری + شرکت‌های آبفا، توزیع برق و گاز؛ مشترک فعال، انشعاب، قطعی، مصرف و کیفیت خدمت + سازمان نقشه‌برداری/NSDI و تصاویر Sentinel/Landsat؛ پوشش زمین، NDVI، توسعه کالبدی و مخاطرات,هر زیرمولفه به ۰–۱۰۰ نرمال شود؛ شاخص مرکب = میانگین وزنی کفایت آب، کیفیت خاک، کیفیت هوا و پایداری منابع؛ هر جزء نسبت به استاندارد ملی نرمال شود. وزن زیرمولفه‌ها در نسخه پایه برابر و سپس با AHP/دلفی محلی کالیبره شود.,baseline_requires_method_owner_approval
PHY-058,physical,کالبدی–زیرساختی,زیست محیطی,3,بهداشت و سلامتی,5,بسیار زیاد,مستقیم (مقدار بیشتر = ظرفیت/وضعیت بهتر),8.064516129032258,0.6858710562414266,P2,medium,health_composite,composite,ترکیبی: تولید میدانی + درخواست سازمانی,"N03,N09",شبکه بهداشت/دانشگاه علوم پزشکی، اورژانس و ثبت احوال؛ مکان مرکز، ظرفیت، رخداد و پیامد سلامت + پیمایش نمونه‌ای خانوار/کاربر محله با شناسه مکانی و پرسش استاندارد لیکرت ۱ تا ۵,هر زیرمولفه به ۰–۱۰۰ نرمال شود؛ شاخص مرکب = میانگین وزنی پوشش مراقبت اولیه، بیماری/مرگ قابل پیشگیری، رفتار سلامت و سلامت خوداظهاری. وزن زیرمولفه‌ها در نسخه پایه برابر و سپس با AHP/دلفی محلی کالیبره شود.,baseline_requires_method_owner_approval
PHY-059,physical,کالبدی–زیرساختی,زیست محیطی,4,دسترسی به فضاهای سبز,4,زیاد,مستقیم (مقدار بیشتر = ظرفیت/وضعیت بهتر),6.451612903225806,0.5486968449931412,P2,medium,access,network_access,ترکیبی: برخط + درخواست سازمانی,"N01,N02,N06,N23",GIS/SDI شهرداری یا دهیاری و طرح جامع/تفصیلی؛ مرز محله، قطعه، بنا، کاربری و شبکه معابر + ثبت اداری دستگاه متولی + مرکز آمار ایران؛ سرشماری نفوس و مسکن در سطح بلوک/آبادی و، حسب نیاز، طرح نیروی کار و هزینه–درآمد خانوار,تحلیل شبکه معابر از مرکز جمعیت بلوک تا نزدیک‌ترین خدمت/مقصد تصریح‌شده در عنوان شاخص؛ نرخ پوشش = جمعیتِ درون آستانه خدمت مصوب ÷ کل جمعیت محله ×۱۰۰؛ میانه زمان/فاصله نیز گزارش شود.,baseline_requires_method_owner_approval
PHY-060,physical,کالبدی–زیرساختی,زیست محیطی,5,فاصله از گورستان,4,زیاد,مستقیم (مقدار بیشتر = ظرفیت/وضعیت بهتر),6.451612903225806,0.5486968449931412,P2,medium,buffer,spatial_statistic,درخواست سازمانی/داده غیرعمومی,"N01,N15",GIS/SDI شهرداری یا دهیاری و طرح جامع/تفصیلی؛ مرز محله، قطعه، بنا، کاربری و شبکه معابر + شهرداری/اوقاف,کمینه فاصله شبکه‌ای/خط مستقیم بافت مسکونی تا مرز گورستان؛ سهم جمعیت داخل حریم مصوب ×۱۰۰.,baseline_requires_method_owner_approval
PHY-061,physical,کالبدی–زیرساختی,زیست محیطی,6,فاصله از گسل و سازنده‌های زمین شناسی,4,زیاد,مستقیم (مقدار بیشتر = ظرفیت/وضعیت بهتر),6.451612903225806,0.5486968449931412,P1,high,hazard,spatial_statistic,ترکیبی: برخط + درخواست سازمانی,"N01,N07,N19",سازمان زمین‌شناسی/مرکز تحقیقات راه‌وشهرسازی + GIS/SDI شهرداری یا دهیاری و طرح جامع/تفصیلی؛ مرز محله، قطعه، بنا، کاربری و شبکه معابر,کمینه فاصله ساختمان‌ها تا گسل فعال و سهم جمعیت/بنا در حریم خطر؛ طبقه خطر طبق ضابطه ملی.,baseline_requires_method_owner_approval
PHY-062,physical,کالبدی–زیرساختی,زیست محیطی,7,شلوغی معابر ناشی از رفت و آمد,4,زیاد,مستقیم (مقدار بیشتر = ظرفیت/وضعیت بهتر),6.451612903225806,0.5486968449931412,P2,medium,congestion,formula_specific,درخواست سازمانی/داده غیرعمومی,N10,سازمان حمل‌ونقل و ترافیک/اتوبوسرانی؛ مسیر، ایستگاه، فراوانی سرویس، زمان سفر و پارکینگ + شمارش ترافیکی/داده سرعت,نسبت حجم به ظرفیت (V/C) در ساعت اوج و میانگین سرعت؛ سهم طول معابر با V/C>۰٫۸ گزارش شود.,baseline_requires_method_owner_approval
PHY-063,physical,کالبدی–زیرساختی,زیست محیطی,8,سروصدای ناشی از فعالیت‌های کارگاهی و صنعتی,4,زیاد,معکوس (مقدار بیشتر = وضعیت نامطلوب‌تر),6.451612903225806,0.5486968449931412,P2,medium,noise,ratio_rate_or_trend,تولید میدانی,"N04,N12",سازمان حفاظت محیط زیست و سامانه پایش کیفی هوا + آزمایشگاه آب/خاک و پایش صدای شهرداری + ممیزی میدانی مکان‌مند و چک‌لیست مشاهده استاندارد؛ مختصات، زمان، وضعیت و عکس کنترل‌شده,LAeq روز/شب در نقاط نمونه؛ سهم جمعیت در معرض بیش از آستانه تعیین‌شده = جمعیت بلوک‌های مواجه ÷ کل جمعیت ×۱۰۰.,baseline_requires_method_owner_approval
PHY-064,physical,کالبدی–زیرساختی,زیست محیطی,9,رضایت از پاکیزگی و بهداشت محل,4,زیاد,مستقیم (مقدار بیشتر = ظرفیت/وضعیت بهتر),6.451612903225806,0.5486968449931412,P2,medium,survey,survey_or_assessment,تولید میدانی,N03,پیمایش نمونه‌ای خانوار/کاربر محله با شناسه مکانی و پرسش استاندارد لیکرت ۱ تا ۵,میانگین وزنی پاسخ به گویه «رضایت از پاکیزگی و بهداشت محل» در مقیاس ۱–۵؛ تبدیل به ۰–۱۰۰: (میانگین−۱)÷۴×۱۰۰. وزن نمونه برحسب جمعیت بلوک اعمال شود.,baseline_requires_method_owner_approval
PHY-065,physical,کالبدی–زیرساختی,زیست محیطی,10,وضعیت دفع آب سطحی و مخازن زباله,5,بسیار زیاد,مستقیم (مقدار بیشتر = ظرفیت/وضعیت بهتر),8.064516129032258,0.6858710562414266,P1,high,wastewater,ratio_rate_or_trend,ترکیبی: تولید میدانی + درخواست سازمانی,"N04,N01,N11",شرکت‌های آبفا، توزیع برق و گاز؛ مشترک فعال، انشعاب، قطعی، مصرف و کیفیت خدمت + GIS/SDI شهرداری یا دهیاری و طرح جامع/تفصیلی؛ مرز محله، قطعه، بنا، کاربری و شبکه معابر + ممیزی میدانی مکان‌مند و چک‌لیست مشاهده استاندارد؛ مختصات، زمان، وضعیت و عکس کنترل‌شده,حجم فاضلاب جمع‌آوری و تصفیه‌شده ÷ فاضلاب برآوردی تولیدشده ×۱۰۰؛ نقاط آب‌گرفتگی/تخلیه غیرمجاز به ازای کیلومتر معبر.,baseline_requires_method_owner_approval
PHY-066,physical,کالبدی–زیرساختی,زیست محیطی,11,فقدان سیستم مناسب دفع و هدایت آب‌های سطحی,5,بسیار زیاد,معکوس (مقدار بیشتر = وضعیت نامطلوب‌تر),8.064516129032258,0.6858710562414266,P1,high,stormwater,formula_specific,ترکیبی: تولید میدانی + درخواست سازمانی,"N04,N01,N11",GIS/SDI شهرداری یا دهیاری و طرح جامع/تفصیلی؛ مرز محله، قطعه، بنا، کاربری و شبکه معابر + آبفا/شهرداری + ممیزی میدانی مکان‌مند و چک‌لیست مشاهده استاندارد؛ مختصات، زمان، وضعیت و عکس کنترل‌شده,طول معبر دارای شبکه زهکشی سالم ÷ کل طول معابر ×۱۰۰؛ نقاط آب‌گرفتگی ثبت‌شده به ازای کیلومتر معبر به‌صورت معکوس.,baseline_requires_method_owner_approval
PHY-067,physical,کالبدی–زیرساختی,زیست محیطی,12,رهاسازی بخشی از فاضلاب خانگی به محیط و شبکه معابر,5,بسیار زیاد,معکوس (مقدار بیشتر = وضعیت نامطلوب‌تر),8.064516129032258,0.6858710562414266,P2,medium,wastewater,ratio_rate_or_trend,ترکیبی: تولید میدانی + درخواست سازمانی,"N04,N01,N11",شرکت‌های آبفا، توزیع برق و گاز؛ مشترک فعال، انشعاب، قطعی، مصرف و کیفیت خدمت + GIS/SDI شهرداری یا دهیاری و طرح جامع/تفصیلی؛ مرز محله، قطعه، بنا، کاربری و شبکه معابر + ممیزی میدانی مکان‌مند و چک‌لیست مشاهده استاندارد؛ مختصات، زمان، وضعیت و عکس کنترل‌شده,حجم فاضلاب جمع‌آوری و تصفیه‌شده ÷ فاضلاب برآوردی تولیدشده ×۱۰۰؛ نقاط آب‌گرفتگی/تخلیه غیرمجاز به ازای کیلومتر معبر.,baseline_requires_method_owner_approval
PHY-068,physical,کالبدی–زیرساختی,زیست محیطی,13,نبود سیستم فاضلاب مناسب و جمع شدن آب‌های سطحی در معابر,5,بسیار زیاد,مستقیم (مقدار بیشتر = ظرفیت/وضعیت بهتر),8.064516129032258,0.6858710562414266,P1,high,wastewater,ratio_rate_or_trend,ترکیبی: تولید میدانی + درخواست سازمانی,"N04,N01,N11",شرکت‌های آبفا، توزیع برق و گاز؛ مشترک فعال، انشعاب، قطعی، مصرف و کیفیت خدمت + GIS/SDI شهرداری یا دهیاری و طرح جامع/تفصیلی؛ مرز محله، قطعه، بنا، کاربری و شبکه معابر + ممیزی میدانی مکان‌مند و چک‌لیست مشاهده استاندارد؛ مختصات، زمان، وضعیت و عکس کنترل‌شده,حجم فاضلاب جمع‌آوری و تصفیه‌شده ÷ فاضلاب برآوردی تولیدشده ×۱۰۰؛ نقاط آب‌گرفتگی/تخلیه غیرمجاز به ازای کیلومتر معبر.,baseline_requires_method_owner_approval
PHY-069,physical,کالبدی–زیرساختی,زیست محیطی,14,نگهداری دام در منزل,4,زیاد,مستقیم (مقدار بیشتر = ظرفیت/وضعیت بهتر),6.451612903225806,0.5486968449931412,P2,medium,livestock,formula_specific,ترکیبی: تولید میدانی + درخواست سازمانی,"N03,N04,N24",پیمایش نمونه‌ای خانوار/کاربر محله با شناسه مکانی و پرسش استاندارد لیکرت ۱ تا ۵ + شبکه دامپزشکی/بهداشت + ممیزی میدانی مکان‌مند و چک‌لیست مشاهده استاندارد؛ مختصات، زمان، وضعیت و عکس کنترل‌شده,خانوار دارای دام در فضای مسکونی نامنطبق با ضابطه ÷ کل خانوار ×۱۰۰.,baseline_requires_method_owner_approval
PHY-070,physical,کالبدی–زیرساختی,عملکردی,1,دسترسی و حمل و نقل,3,متوسط,مستقیم (مقدار بیشتر = ظرفیت/وضعیت بهتر),33.33333333333333,0.411522633744856,P2,medium,access,network_access,ترکیبی: برخط + درخواست سازمانی,"N01,N02,N06,N23",GIS/SDI شهرداری یا دهیاری و طرح جامع/تفصیلی؛ مرز محله، قطعه، بنا، کاربری و شبکه معابر + ثبت اداری دستگاه متولی + مرکز آمار ایران؛ سرشماری نفوس و مسکن در سطح بلوک/آبادی و، حسب نیاز، طرح نیروی کار و هزینه–درآمد خانوار,تحلیل شبکه معابر از مرکز جمعیت بلوک تا نزدیک‌ترین خدمت/مقصد تصریح‌شده در عنوان شاخص؛ نرخ پوشش = جمعیتِ درون آستانه خدمت مصوب ÷ کل جمعیت محله ×۱۰۰؛ میانه زمان/فاصله نیز گزارش شود.,baseline_requires_method_owner_approval
PHY-071,physical,کالبدی–زیرساختی,عملکردی,2,تنوع فعالیت‌ها,3,متوسط,آستانه‌ای/بهینه (فاصله از دامنه معیار سنجیده شود),33.33333333333333,0.411522633744856,P2,medium,composite,composite,ترکیبی: تولید میدانی + درخواست سازمانی,"N03,N04,N23",پیمایش نمونه‌ای خانوار/کاربر محله با شناسه مکانی و پرسش استاندارد لیکرت ۱ تا ۵ + ممیزی میدانی مکان‌مند و چک‌لیست مشاهده استاندارد؛ مختصات، زمان، وضعیت و عکس کنترل‌شده + ثبت اداری/GIS متولی,هر زیرمولفه به ۰–۱۰۰ نرمال شود؛ شاخص مرکب = میانگین وزنی سنجش عینیِ پوشش/انطباق و سنجش ادراکی مرتبط با عنوان شاخص. وزن زیرمولفه‌ها در نسخه پایه برابر و سپس با AHP/دلفی محلی کالیبره شود.,baseline_requires_method_owner_approval
PHY-072,physical,کالبدی–زیرساختی,عملکردی,3,تنوع کاربردی زمین,3,متوسط,مستقیم (مقدار بیشتر = ظرفیت/وضعیت بهتر),33.33333333333333,0.411522633744856,P2,medium,composite,composite,ترکیبی: تولید میدانی + درخواست سازمانی,"N03,N04,N23",پیمایش نمونه‌ای خانوار/کاربر محله با شناسه مکانی و پرسش استاندارد لیکرت ۱ تا ۵ + ممیزی میدانی مکان‌مند و چک‌لیست مشاهده استاندارد؛ مختصات، زمان، وضعیت و عکس کنترل‌شده + ثبت اداری/GIS متولی,هر زیرمولفه به ۰–۱۰۰ نرمال شود؛ شاخص مرکب = میانگین وزنی سنجش عینیِ پوشش/انطباق و سنجش ادراکی مرتبط با عنوان شاخص. وزن زیرمولفه‌ها در نسخه پایه برابر و سپس با AHP/دلفی محلی کالیبره شود.,baseline_requires_method_owner_approval
PHY-073,physical,کالبدی–زیرساختی,بنا و فضای باز,1,تمیزی و مطلوبیت محوطۀ عمومی,3,متوسط,مستقیم (مقدار بیشتر = ظرفیت/وضعیت بهتر),9.67741935483871,0.411522633744856,P2,medium,audit,field_audit,ترکیبی: تولید میدانی + درخواست سازمانی,"N04,N01",ممیزی میدانی مکان‌مند و چک‌لیست مشاهده استاندارد؛ مختصات، زمان، وضعیت و عکس کنترل‌شده + GIS/SDI شهرداری یا دهیاری و طرح جامع/تفصیلی؛ مرز محله، قطعه، بنا، کاربری و شبکه معابر,واحدهای معبر/فضا منطبق با چک‌لیست استاندارد ÷ کل واحدهای نمونه ×۱۰۰؛ برای کیفیت، امتیاز هر قلم ۰–۲ و مجموع به ۰–۱۰۰ تبدیل شود.,baseline_requires_method_owner_approval
PHY-074,physical,کالبدی–زیرساختی,بنا و فضای باز,2,کفایت فضای سبز,3,متوسط,مستقیم (مقدار بیشتر = ظرفیت/وضعیت بهتر),9.67741935483871,0.411522633744856,P2,medium,green,spatial_statistic,ترکیبی: برخط + درخواست سازمانی,"N01,N08,N15",GIS/SDI شهرداری یا دهیاری و طرح جامع/تفصیلی؛ مرز محله، قطعه، بنا، کاربری و شبکه معابر + سازمان نقشه‌برداری/NSDI و تصاویر Sentinel/Landsat؛ پوشش زمین، NDVI، توسعه کالبدی و مخاطرات + سازمان بوستان‌ها,سرانه فضای سبز عمومی = مساحت قابل‌استفاده سبز ÷ جمعیت؛ NDVI میانگین و درصد جمعیت در ۴۰۰ متری فضای سبز به‌عنوان کنترل.,baseline_requires_method_owner_approval
PHY-075,physical,کالبدی–زیرساختی,بنا و فضای باز,3,تخصیص پیاده‌رو,3,متوسط,مستقیم (مقدار بیشتر = ظرفیت/وضعیت بهتر),9.67741935483871,0.411522633744856,P2,medium,audit,field_audit,ترکیبی: تولید میدانی + درخواست سازمانی,"N04,N01",ممیزی میدانی مکان‌مند و چک‌لیست مشاهده استاندارد؛ مختصات، زمان، وضعیت و عکس کنترل‌شده + GIS/SDI شهرداری یا دهیاری و طرح جامع/تفصیلی؛ مرز محله، قطعه، بنا، کاربری و شبکه معابر,واحدهای معبر/فضا منطبق با چک‌لیست استاندارد ÷ کل واحدهای نمونه ×۱۰۰؛ برای کیفیت، امتیاز هر قلم ۰–۲ و مجموع به ۰–۱۰۰ تبدیل شود.,baseline_requires_method_owner_approval
PHY-076,physical,کالبدی–زیرساختی,بنا و فضای باز,4,مناسب‌سازی پیاده‌رو برای صندلی چرخدار,3,متوسط,مستقیم (مقدار بیشتر = ظرفیت/وضعیت بهتر),9.67741935483871,0.411522633744856,P2,medium,accessibility,network_access,ترکیبی: تولید میدانی + درخواست سازمانی,"N04,N01",ممیزی میدانی مکان‌مند و چک‌لیست مشاهده استاندارد؛ مختصات، زمان، وضعیت و عکس کنترل‌شده + GIS/SDI شهرداری یا دهیاری و طرح جامع/تفصیلی؛ مرز محله، قطعه، بنا، کاربری و شبکه معابر,طول/تعداد مسیرها و ورودی‌های منطبق با استاندارد دسترس‌پذیری ÷ کل مسیرها/ورودی‌های ارزیابی‌شده ×۱۰۰.,baseline_requires_method_owner_approval
PHY-077,physical,کالبدی–زیرساختی,بنا و فضای باز,5,کافی بودن گذرگاه عابر پیاده,3,متوسط,مستقیم (مقدار بیشتر = ظرفیت/وضعیت بهتر),9.67741935483871,0.411522633744856,P2,medium,audit,field_audit,ترکیبی: تولید میدانی + درخواست سازمانی,"N04,N01",ممیزی میدانی مکان‌مند و چک‌لیست مشاهده استاندارد؛ مختصات، زمان، وضعیت و عکس کنترل‌شده + GIS/SDI شهرداری یا دهیاری و طرح جامع/تفصیلی؛ مرز محله، قطعه، بنا، کاربری و شبکه معابر,واحدهای معبر/فضا منطبق با چک‌لیست استاندارد ÷ کل واحدهای نمونه ×۱۰۰؛ برای کیفیت، امتیاز هر قلم ۰–۲ و مجموع به ۰–۱۰۰ تبدیل شود.,baseline_requires_method_owner_approval
PHY-078,physical,کالبدی–زیرساختی,بنا و فضای باز,6,همراهی رانندگان با عابرپیاده,3,متوسط,مستقیم (مقدار بیشتر = ظرفیت/وضعیت بهتر),9.67741935483871,0.411522633744856,P2,medium,audit,field_audit,ترکیبی: تولید میدانی + درخواست سازمانی,"N04,N01",ممیزی میدانی مکان‌مند و چک‌لیست مشاهده استاندارد؛ مختصات، زمان، وضعیت و عکس کنترل‌شده + GIS/SDI شهرداری یا دهیاری و طرح جامع/تفصیلی؛ مرز محله، قطعه، بنا، کاربری و شبکه معابر,واحدهای معبر/فضا منطبق با چک‌لیست استاندارد ÷ کل واحدهای نمونه ×۱۰۰؛ برای کیفیت، امتیاز هر قلم ۰–۲ و مجموع به ۰–۱۰۰ تبدیل شود.,baseline_requires_method_owner_approval
PHY-079,physical,کالبدی–زیرساختی,بنا و فضای باز,7,ایمنی فضاهای باز در شب,5,بسیار زیاد,مستقیم (مقدار بیشتر = ظرفیت/وضعیت بهتر),16.129032258064516,0.6858710562414266,P2,medium,safety,formula_specific,ترکیبی: تولید میدانی + درخواست سازمانی,"N03,N04,N09,N14",فراجا/کلانتری، آتش‌نشانی و اورژانس؛ رخداد مکان‌مند، زمان پاسخ و نوع حادثه + پیمایش نمونه‌ای خانوار/کاربر محله با شناسه مکانی و پرسش استاندارد لیکرت ۱ تا ۵ + ممیزی میدانی مکان‌مند و چک‌لیست مشاهده استاندارد؛ مختصات، زمان، وضعیت و عکس کنترل‌شده,شاخص امنیت = ۵۰٪ معکوس نرخ رخداد استانداردشده + ۵۰٪ امتیاز ادراک امنیت ۰–۱۰۰؛ روز/شب جدا سنجیده شود.,baseline_requires_method_owner_approval
PHY-080,physical,کالبدی–زیرساختی,بنا و فضای باز,8,کافی بودن سرویس بهداشتی,5,بسیار زیاد,مستقیم (مقدار بیشتر = ظرفیت/وضعیت بهتر),16.129032258064516,0.6858710562414266,P2,medium,audit,field_audit,ترکیبی: تولید میدانی + درخواست سازمانی,"N04,N01",ممیزی میدانی مکان‌مند و چک‌لیست مشاهده استاندارد؛ مختصات، زمان، وضعیت و عکس کنترل‌شده + GIS/SDI شهرداری یا دهیاری و طرح جامع/تفصیلی؛ مرز محله، قطعه، بنا، کاربری و شبکه معابر,واحدهای معبر/فضا منطبق با چک‌لیست استاندارد ÷ کل واحدهای نمونه ×۱۰۰؛ برای کیفیت، امتیاز هر قلم ۰–۲ و مجموع به ۰–۱۰۰ تبدیل شود.,baseline_requires_method_owner_approval
PHY-081,physical,کالبدی–زیرساختی,بنا و فضای باز,9,استقرار مراکز خدمت رسانی,3,متوسط,مستقیم (مقدار بیشتر = ظرفیت/وضعیت بهتر),9.67741935483871,0.411522633744856,P2,medium,access,network_access,درخواست سازمانی/داده غیرعمومی,N01,GIS/SDI شهرداری یا دهیاری و طرح جامع/تفصیلی؛ مرز محله، قطعه، بنا، کاربری و شبکه معابر + ثبت دستگاه‌های خدمت‌رسان,تحلیل شبکه معابر از مرکز جمعیت بلوک تا نزدیک‌ترین مرکز خدمت‌رسان فعال؛ نرخ پوشش = جمعیتِ درون آستانه زمانی/فاصله‌ای مصوب ÷ کل جمعیت محله ×۱۰۰؛ میانه زمان/فاصله نیز گزارش شود.,baseline_requires_method_owner_approval
PHY-082,physical,کالبدی–زیرساختی,حمل و نقل,1,ثابت و ارزان بودن,4,زیاد,مستقیم (مقدار بیشتر = ظرفیت/وضعیت بهتر),7.547169811320755,0.5486968449931412,P2,medium,transport_quality,survey_or_assessment,ترکیبی: تولید میدانی + درخواست سازمانی,"N03,N04,N10",سازمان حمل‌ونقل و ترافیک/اتوبوسرانی؛ مسیر، ایستگاه، فراوانی سرویس، زمان سفر و پارکینگ + پیمایش نمونه‌ای خانوار/کاربر محله با شناسه مکانی و پرسش استاندارد لیکرت ۱ تا ۵ + ممیزی میدانی مکان‌مند و چک‌لیست مشاهده استاندارد؛ مختصات، زمان، وضعیت و عکس کنترل‌شده,هر زیرمولفه به ۰–۱۰۰ نرمال شود؛ شاخص مرکب = میانگین وزنی قیمت/درآمد، پوشش، تواتر، وقت‌شناسی، دسترس‌پذیری و کیفیت ایستگاه. وزن زیرمولفه‌ها در نسخه پایه برابر و سپس با AHP/دلفی محلی کالیبره شود.,baseline_requires_method_owner_approval
PHY-083,physical,کالبدی–زیرساختی,حمل و نقل,2,قابل اعتماد و کافی بودن,5,بسیار زیاد,مستقیم (مقدار بیشتر = ظرفیت/وضعیت بهتر),9.433962264150944,0.6858710562414266,P2,medium,survey,survey_or_assessment,تولید میدانی,N03,پیمایش نمونه‌ای خانوار/کاربر محله با شناسه مکانی و پرسش استاندارد لیکرت ۱ تا ۵,میانگین وزنی پاسخ به گویه «قابل اعتماد و کافی بودن» در مقیاس ۱–۵؛ تبدیل به ۰–۱۰۰: (میانگین−۱)÷۴×۱۰۰. وزن نمونه برحسب جمعیت بلوک اعمال شود.,baseline_requires_method_owner_approval
PHY-084,physical,کالبدی–زیرساختی,حمل و نقل,3,برخورداری از شبکه فراگیر و برخورداری سالمندان از آن,4,زیاد,مستقیم (مقدار بیشتر = ظرفیت/وضعیت بهتر),7.547169811320755,0.5486968449931412,P2,medium,age_friendly,survey_or_assessment,ترکیبی: تولید میدانی + درخواست سازمانی,"N03,N04,N23",پیمایش نمونه‌ای خانوار/کاربر محله با شناسه مکانی و پرسش استاندارد لیکرت ۱ تا ۵ + ممیزی میدانی مکان‌مند و چک‌لیست مشاهده استاندارد؛ مختصات، زمان، وضعیت و عکس کنترل‌شده + ثبت خدمت دستگاه متولی,سهم سالمندان واجدشرایط برخوردار از خدمت/امکان استاندارد ×۱۰۰؛ برای کیفیت ادراکی، امتیاز لیکرت به ۰–۱۰۰ تبدیل و میانگین شود.,baseline_requires_method_owner_approval
PHY-085,physical,کالبدی–زیرساختی,حمل و نقل,4,ایستگاه توقف مناسب و با کیفیت,4,زیاد,مستقیم (مقدار بیشتر = ظرفیت/وضعیت بهتر),7.547169811320755,0.5486968449931412,P2,medium,transport_quality,survey_or_assessment,ترکیبی: تولید میدانی + درخواست سازمانی,"N03,N04,N10",سازمان حمل‌ونقل و ترافیک/اتوبوسرانی؛ مسیر، ایستگاه، فراوانی سرویس، زمان سفر و پارکینگ + پیمایش نمونه‌ای خانوار/کاربر محله با شناسه مکانی و پرسش استاندارد لیکرت ۱ تا ۵ + ممیزی میدانی مکان‌مند و چک‌لیست مشاهده استاندارد؛ مختصات، زمان، وضعیت و عکس کنترل‌شده,هر زیرمولفه به ۰–۱۰۰ نرمال شود؛ شاخص مرکب = میانگین وزنی قیمت/درآمد، پوشش، تواتر، وقت‌شناسی، دسترس‌پذیری و کیفیت ایستگاه. وزن زیرمولفه‌ها در نسخه پایه برابر و سپس با AHP/دلفی محلی کالیبره شود.,baseline_requires_method_owner_approval
PHY-086,physical,کالبدی–زیرساختی,حمل و نقل,5,آموزش به رانندگان تاکسی برای برخورد با سالمندان,4,زیاد,مستقیم (مقدار بیشتر = ظرفیت/وضعیت بهتر),7.547169811320755,0.5486968449931412,P2,medium,age_friendly,survey_or_assessment,ترکیبی: تولید میدانی + درخواست سازمانی,"N03,N04,N23",پیمایش نمونه‌ای خانوار/کاربر محله با شناسه مکانی و پرسش استاندارد لیکرت ۱ تا ۵ + ممیزی میدانی مکان‌مند و چک‌لیست مشاهده استاندارد؛ مختصات، زمان، وضعیت و عکس کنترل‌شده + ثبت خدمت دستگاه متولی,سهم سالمندان واجدشرایط برخوردار از خدمت/امکان استاندارد ×۱۰۰؛ برای کیفیت ادراکی، امتیاز لیکرت به ۰–۱۰۰ تبدیل و میانگین شود.,baseline_requires_method_owner_approval
PHY-087,physical,کالبدی–زیرساختی,حمل و نقل,6,برخورداری از محل پارک ویژه,4,زیاد,مستقیم (مقدار بیشتر = ظرفیت/وضعیت بهتر),7.547169811320755,0.5486968449931412,P2,medium,existence,formula_specific,ترکیبی: تولید میدانی + درخواست سازمانی,"N04,N01,N23",GIS/SDI شهرداری یا دهیاری و طرح جامع/تفصیلی؛ مرز محله، قطعه، بنا، کاربری و شبکه معابر + ممیزی میدانی مکان‌مند و چک‌لیست مشاهده استاندارد؛ مختصات، زمان، وضعیت و عکس کنترل‌شده + ثبت اداری متولی,مقدار پایه دودویی ۰/۱ برای وجود فعال؛ برای مقایسه محله‌ای، ظرفیت فعال ÷ جمعیت و درصد پوشش مکانی به ۰–۱۰۰ تبدیل شود.,baseline_requires_method_owner_approval
PHY-088,physical,کالبدی–زیرساختی,حمل و نقل,7,دسترسی مناسب به حمل و نقل عمومی,4,زیاد,مستقیم (مقدار بیشتر = ظرفیت/وضعیت بهتر),7.547169811320755,0.5486968449931412,P2,medium,transport_access,network_access,درخواست سازمانی/داده غیرعمومی,"N01,N10",سازمان حمل‌ونقل و ترافیک/اتوبوسرانی؛ مسیر، ایستگاه، فراوانی سرویس، زمان سفر و پارکینگ + GIS/SDI شهرداری یا دهیاری و طرح جامع/تفصیلی؛ مرز محله، قطعه، بنا، کاربری و شبکه معابر,تحلیل شبکه معابر از مرکز جمعیت بلوک تا نزدیک‌ترین ایستگاه حمل‌ونقل عمومی با سرویس فعال؛ نرخ پوشش = جمعیتِ درون ۴۰۰ متر پیاده ÷ کل جمعیت محله ×۱۰۰؛ میانه زمان/فاصله نیز گزارش شود.,baseline_requires_method_owner_approval
PHY-089,physical,کالبدی–زیرساختی,حمل و نقل,8,لاین مخصوص دوچرخه و پیاده‌روی,4,زیاد,مستقیم (مقدار بیشتر = ظرفیت/وضعیت بهتر),7.547169811320755,0.5486968449931412,P2,medium,network,network_access,ترکیبی: تولید میدانی + درخواست سازمانی,"N04,N01",GIS/SDI شهرداری یا دهیاری و طرح جامع/تفصیلی؛ مرز محله، قطعه، بنا، کاربری و شبکه معابر + ممیزی میدانی مکان‌مند و چک‌لیست مشاهده استاندارد؛ مختصات، زمان، وضعیت و عکس کنترل‌شده,تراکم شبکه = طول/مساحت عارضه استاندارد و پیوسته ÷ مساحت محله؛ برای مسیر، کیلومتر به ازای کیلومترمربع و سهم شبکه پیوسته گزارش شود.,baseline_requires_method_owner_approval
PHY-090,physical,کالبدی–زیرساختی,حمل و نقل,9,بهبود طراحی ایستگاه‌های اتوبوس,4,زیاد,مستقیم (مقدار بیشتر = ظرفیت/وضعیت بهتر),7.547169811320755,0.5486968449931412,P2,medium,transport_quality,survey_or_assessment,ترکیبی: تولید میدانی + درخواست سازمانی,"N03,N04,N10",سازمان حمل‌ونقل و ترافیک/اتوبوسرانی؛ مسیر، ایستگاه، فراوانی سرویس، زمان سفر و پارکینگ + پیمایش نمونه‌ای خانوار/کاربر محله با شناسه مکانی و پرسش استاندارد لیکرت ۱ تا ۵ + ممیزی میدانی مکان‌مند و چک‌لیست مشاهده استاندارد؛ مختصات، زمان، وضعیت و عکس کنترل‌شده,هر زیرمولفه به ۰–۱۰۰ نرمال شود؛ شاخص مرکب = میانگین وزنی قیمت/درآمد، پوشش، تواتر، وقت‌شناسی، دسترس‌پذیری و کیفیت ایستگاه. وزن زیرمولفه‌ها در نسخه پایه برابر و سپس با AHP/دلفی محلی کالیبره شود.,baseline_requires_method_owner_approval
PHY-091,physical,کالبدی–زیرساختی,حمل و نقل,10,استفاده از مسیرهای ایمن و بی‌خطر برای دسترسی,4,زیاد,مستقیم (مقدار بیشتر = ظرفیت/وضعیت بهتر),7.547169811320755,0.5486968449931412,P2,medium,access,network_access,ترکیبی: برخط + درخواست سازمانی,"N01,N02,N06,N23",GIS/SDI شهرداری یا دهیاری و طرح جامع/تفصیلی؛ مرز محله، قطعه، بنا، کاربری و شبکه معابر + ثبت اداری دستگاه متولی + مرکز آمار ایران؛ سرشماری نفوس و مسکن در سطح بلوک/آبادی و، حسب نیاز، طرح نیروی کار و هزینه–درآمد خانوار,تحلیل شبکه معابر از مرکز جمعیت بلوک تا نزدیک‌ترین خدمت/مقصد تصریح‌شده در عنوان شاخص؛ نرخ پوشش = جمعیتِ درون آستانه خدمت مصوب ÷ کل جمعیت محله ×۱۰۰؛ میانه زمان/فاصله نیز گزارش شود.,baseline_requires_method_owner_approval
PHY-092,physical,کالبدی–زیرساختی,حمل و نقل,11,نصب و راه‌اندازی تایمر عبور عابر پیاده,4,زیاد,مستقیم (مقدار بیشتر = ظرفیت/وضعیت بهتر),7.547169811320755,0.5486968449931412,P2,medium,pedestrian_signal,field_audit,ترکیبی: تولید میدانی + درخواست سازمانی,"N04,N10",ممیزی میدانی مکان‌مند و چک‌لیست مشاهده استاندارد؛ مختصات، زمان، وضعیت و عکس کنترل‌شده + پلیس راهور,تقاطع‌های نیازمند تایمر که تایمر سالم و زمان‌بندی مناسب دارند ÷ کل تقاطع‌های نیازمند ×۱۰۰.,baseline_requires_method_owner_approval
PHY-093,physical,کالبدی–زیرساختی,حمل و نقل,12,ایجاد دید به نشانه‌ها و مکان‌های عمومی,4,زیاد,مستقیم (مقدار بیشتر = ظرفیت/وضعیت بهتر),7.547169811320755,0.5486968449931412,P2,medium,wayfinding,field_audit,ترکیبی: تولید میدانی + درخواست سازمانی,"N04,N01",ممیزی میدانی مکان‌مند و چک‌لیست مشاهده استاندارد؛ مختصات، زمان، وضعیت و عکس کنترل‌شده + GIS/SDI شهرداری یا دهیاری و طرح جامع/تفصیلی؛ مرز محله، قطعه، بنا، کاربری و شبکه معابر,مسیرها/نقاط تصمیم دارای دید مستقیم یا راهنمای خوانا ÷ کل مسیرها/نقاط نمونه ×۱۰۰.,baseline_requires_method_owner_approval
PHY-094,physical,کالبدی–زیرساختی,حمل و نقل,13,در نظر گرفتن نیازهای افراد مسن در مکان‌های انتظار و لابی,4,زیاد,مستقیم (مقدار بیشتر = ظرفیت/وضعیت بهتر),7.547169811320755,0.5486968449931412,P2,medium,age_friendly,survey_or_assessment,ترکیبی: تولید میدانی + درخواست سازمانی,"N03,N04,N23",پیمایش نمونه‌ای خانوار/کاربر محله با شناسه مکانی و پرسش استاندارد لیکرت ۱ تا ۵ + ممیزی میدانی مکان‌مند و چک‌لیست مشاهده استاندارد؛ مختصات، زمان، وضعیت و عکس کنترل‌شده + ثبت خدمت دستگاه متولی,سهم سالمندان واجدشرایط برخوردار از خدمت/امکان استاندارد ×۱۰۰؛ برای کیفیت ادراکی، امتیاز لیکرت به ۰–۱۰۰ تبدیل و میانگین شود.,baseline_requires_method_owner_approval
PHY-095,physical,کالبدی–زیرساختی,مسکن,1,برخورداری سالمندان از مسکن مناسب و ارزان,4,زیاد,مستقیم (مقدار بیشتر = ظرفیت/وضعیت بهتر),12.121212121212121,0.5486968449931412,P1,high,age_friendly,survey_or_assessment,ترکیبی: تولید میدانی + درخواست سازمانی,"N03,N04,N23",پیمایش نمونه‌ای خانوار/کاربر محله با شناسه مکانی و پرسش استاندارد لیکرت ۱ تا ۵ + ممیزی میدانی مکان‌مند و چک‌لیست مشاهده استاندارد؛ مختصات، زمان، وضعیت و عکس کنترل‌شده + ثبت خدمت دستگاه متولی,سهم سالمندان واجدشرایط برخوردار از خدمت/امکان استاندارد ×۱۰۰؛ برای کیفیت ادراکی، امتیاز لیکرت به ۰–۱۰۰ تبدیل و میانگین شود.,baseline_requires_method_owner_approval
PHY-096,physical,کالبدی–زیرساختی,مسکن,2,برخورداری از خدمات پشتیبانی مسکن,4,زیاد,مستقیم (مقدار بیشتر = ظرفیت/وضعیت بهتر),12.121212121212121,0.5486968449931412,P1,high,existence,formula_specific,ترکیبی: تولید میدانی + درخواست سازمانی,"N04,N01,N23",GIS/SDI شهرداری یا دهیاری و طرح جامع/تفصیلی؛ مرز محله، قطعه، بنا، کاربری و شبکه معابر + ممیزی میدانی مکان‌مند و چک‌لیست مشاهده استاندارد؛ مختصات، زمان، وضعیت و عکس کنترل‌شده + ثبت اداری متولی,مقدار پایه دودویی ۰/۱ برای وجود فعال؛ برای مقایسه محله‌ای، ظرفیت فعال ÷ جمعیت و درصد پوشش مکانی به ۰–۱۰۰ تبدیل شود.,baseline_requires_method_owner_approval
PHY-097,physical,کالبدی–زیرساختی,مسکن,3,ایمنی خانه‌ها,5,بسیار زیاد,مستقیم (مقدار بیشتر = ظرفیت/وضعیت بهتر),15.151515151515152,0.6858710562414266,P1,high,home_safety,field_audit,ترکیبی: تولید میدانی + درخواست سازمانی,"N04,N07,N14",شهرداری، سازمان ثبت اسناد/کاداستر و راه‌وشهرسازی؛ مالکیت، قطعه، پروانه، عمر و ارزش ملک + سازمان نظام مهندسی/آتش‌نشانی + ممیزی میدانی مکان‌مند و چک‌لیست مشاهده استاندارد؛ مختصات، زمان، وضعیت و عکس کنترل‌شده,واحدهای مسکونی منطبق با چک‌لیست سازه، برق، گاز و حریق ÷ کل واحدهای ارزیابی‌شده ×۱۰۰.,baseline_requires_method_owner_approval
PHY-098,physical,کالبدی–زیرساختی,مسکن,4,مناسب بودن طراحی خانه‌ها,4,زیاد,مستقیم (مقدار بیشتر = ظرفیت/وضعیت بهتر),12.121212121212121,0.5486968449931412,P1,high,composite,composite,ترکیبی: تولید میدانی + درخواست سازمانی,"N03,N04,N23",پیمایش نمونه‌ای خانوار/کاربر محله با شناسه مکانی و پرسش استاندارد لیکرت ۱ تا ۵ + ممیزی میدانی مکان‌مند و چک‌لیست مشاهده استاندارد؛ مختصات، زمان، وضعیت و عکس کنترل‌شده + ثبت اداری/GIS متولی,هر زیرمولفه به ۰–۱۰۰ نرمال شود؛ شاخص مرکب = میانگین وزنی سنجش عینیِ پوشش/انطباق و سنجش ادراکی مرتبط با عنوان شاخص. وزن زیرمولفه‌ها در نسخه پایه برابر و سپس با AHP/دلفی محلی کالیبره شود.,baseline_requires_method_owner_approval
PHY-099,physical,کالبدی–زیرساختی,مسکن,5,برخورداری از خدمات مناسب سازی در داخل و خارج خانه,4,زیاد,مستقیم (مقدار بیشتر = ظرفیت/وضعیت بهتر),12.121212121212121,0.5486968449931412,P1,high,composite,composite,ترکیبی: تولید میدانی + درخواست سازمانی,"N03,N04,N23",پیمایش نمونه‌ای خانوار/کاربر محله با شناسه مکانی و پرسش استاندارد لیکرت ۱ تا ۵ + ممیزی میدانی مکان‌مند و چک‌لیست مشاهده استاندارد؛ مختصات، زمان، وضعیت و عکس کنترل‌شده + ثبت اداری/GIS متولی,هر زیرمولفه به ۰–۱۰۰ نرمال شود؛ شاخص مرکب = میانگین وزنی سنجش عینیِ پوشش/انطباق و سنجش ادراکی مرتبط با عنوان شاخص. وزن زیرمولفه‌ها در نسخه پایه برابر و سپس با AHP/دلفی محلی کالیبره شود.,baseline_requires_method_owner_approval
PHY-100,physical,کالبدی–زیرساختی,مسکن,6,استفاده از تنوعی از گونه‌های مسکن,4,زیاد,آستانه‌ای/بهینه (فاصله از دامنه معیار سنجیده شود),12.121212121212121,0.5486968449931412,P1,high,housing_diversity,formula_specific,ترکیبی: برخط + درخواست سازمانی,"N01,N02,N06",مرکز آمار ایران؛ سرشماری نفوس و مسکن در سطح بلوک/آبادی و، حسب نیاز، طرح نیروی کار و هزینه–درآمد خانوار + GIS/SDI شهرداری یا دهیاری و طرح جامع/تفصیلی؛ مرز محله، قطعه، بنا، کاربری و شبکه معابر,تنوع گونه مسکن با آنتروپی شانون نرمال‌شده H=−Σpᵢln(pᵢ)/ln(n)، برحسب نوع/اندازه/تصرف.,baseline_requires_method_owner_approval
PHY-101,physical,کالبدی–زیرساختی,مسکن,7,راهنماهای طراحی برای ایجاد هویت یکپارچه,4,زیاد,مستقیم (مقدار بیشتر = ظرفیت/وضعیت بهتر),12.121212121212121,0.5486968449931412,P1,high,design_guideline,formula_specific,ترکیبی: تولید میدانی + درخواست سازمانی,"N04,N01",GIS/SDI شهرداری یا دهیاری و طرح جامع/تفصیلی؛ مرز محله، قطعه، بنا، کاربری و شبکه معابر + ضوابط طراحی شهری و ممیزی میدانی مکان‌مند و چک‌لیست مشاهده استاندارد؛ مختصات، زمان، وضعیت و عکس کنترل‌شده,پروژه‌ها/جبهه‌های ساختمانی منطبق با راهنمای مصوب هویت بصری ÷ کل موارد ارزیابی‌شده ×۱۰۰.,baseline_requires_method_owner_approval
PHY-102,physical,کالبدی–زیرساختی,مسکن,8,استفاده از مکان‌های کافی و فضای باز برای گذراندن وقت,4,زیاد,مستقیم (مقدار بیشتر = ظرفیت/وضعیت بهتر),12.121212121212121,0.5486968449931412,P1,high,open_space,formula_specific,ترکیبی: تولید میدانی + درخواست سازمانی,"N03,N04,N01",GIS/SDI شهرداری یا دهیاری و طرح جامع/تفصیلی؛ مرز محله، قطعه، بنا، کاربری و شبکه معابر + ممیزی میدانی مکان‌مند و چک‌لیست مشاهده استاندارد؛ مختصات، زمان، وضعیت و عکس کنترل‌شده + پیمایش نمونه‌ای خانوار/کاربر محله با شناسه مکانی و پرسش استاندارد لیکرت ۱ تا ۵,مساحت فضای باز قابل‌استفاده ÷ جمعیت + سهم جمعیت در ۴۰۰ متری؛ میانگین نرمال‌شده با رضایت کاربران.,baseline_requires_method_owner_approval
PHY-103,physical,کالبدی–زیرساختی,زیرساخت‌ها,1,مسکن مناسب,5,بسیار زیاد,مستقیم (مقدار بیشتر = ظرفیت/وضعیت بهتر),10.0,0.6858710562414266,P1,high,composite,composite,ترکیبی: تولید میدانی + درخواست سازمانی,"N03,N04,N23",پیمایش نمونه‌ای خانوار/کاربر محله با شناسه مکانی و پرسش استاندارد لیکرت ۱ تا ۵ + ممیزی میدانی مکان‌مند و چک‌لیست مشاهده استاندارد؛ مختصات، زمان، وضعیت و عکس کنترل‌شده + ثبت اداری/GIS متولی,هر زیرمولفه به ۰–۱۰۰ نرمال شود؛ شاخص مرکب = میانگین وزنی سنجش عینیِ پوشش/انطباق و سنجش ادراکی مرتبط با عنوان شاخص. وزن زیرمولفه‌ها در نسخه پایه برابر و سپس با AHP/دلفی محلی کالیبره شود.,baseline_requires_method_owner_approval
PHY-104,physical,کالبدی–زیرساختی,زیرساخت‌ها,2,استفاده از حمل و نقل عمومی و طول شبکه آن,5,بسیار زیاد,مستقیم (مقدار بیشتر = ظرفیت/وضعیت بهتر),10.0,0.6858710562414266,P2,medium,network,network_access,ترکیبی: تولید میدانی + درخواست سازمانی,"N04,N01",GIS/SDI شهرداری یا دهیاری و طرح جامع/تفصیلی؛ مرز محله، قطعه، بنا، کاربری و شبکه معابر + ممیزی میدانی مکان‌مند و چک‌لیست مشاهده استاندارد؛ مختصات، زمان، وضعیت و عکس کنترل‌شده,تراکم شبکه = طول/مساحت عارضه استاندارد و پیوسته ÷ مساحت محله؛ برای مسیر، کیلومتر به ازای کیلومترمربع و سهم شبکه پیوسته گزارش شود.,baseline_requires_method_owner_approval
PHY-105,physical,کالبدی–زیرساختی,زیرساخت‌ها,3,ضریب نفوذ آب و برق و گاز,5,بسیار زیاد,مستقیم (مقدار بیشتر = ظرفیت/وضعیت بهتر),10.0,0.6858710562414266,P1,high,utilities,ratio_rate_or_trend,ترکیبی: برخط + درخواست سازمانی,"N02,N06,N11",شرکت‌های آبفا، توزیع برق و گاز؛ مشترک فعال، انشعاب، قطعی، مصرف و کیفیت خدمت + مرکز آمار ایران؛ سرشماری نفوس و مسکن در سطح بلوک/آبادی و، حسب نیاز، طرح نیروی کار و هزینه–درآمد خانوار,برای هر شبکه: مشترکان خانگی فعال ÷ واحدهای مسکونی اشغال‌شده ×۱۰۰؛ شاخص نهایی = میانگین هندسی پوشش آب، برق و گاز.,baseline_requires_method_owner_approval
PHY-106,physical,کالبدی–زیرساختی,زیرساخت‌ها,4,دسترسی به رایانه شخصی و تلفن ثابت,5,بسیار زیاد,مستقیم (مقدار بیشتر = ظرفیت/وضعیت بهتر),10.0,0.6858710562414266,P2,medium,access,network_access,ترکیبی: برخط + درخواست سازمانی,"N01,N02,N06,N23",GIS/SDI شهرداری یا دهیاری و طرح جامع/تفصیلی؛ مرز محله، قطعه، بنا، کاربری و شبکه معابر + ثبت اداری دستگاه متولی + مرکز آمار ایران؛ سرشماری نفوس و مسکن در سطح بلوک/آبادی و، حسب نیاز، طرح نیروی کار و هزینه–درآمد خانوار,تحلیل شبکه معابر از مرکز جمعیت بلوک تا نزدیک‌ترین خانوار دارای رایانه/تلفن ثابت؛ نرخ پوشش = جمعیتِ درون آستانه خدمت مصوب ÷ کل جمعیت محله ×۱۰۰؛ میانه زمان/فاصله نیز گزارش شود.,baseline_requires_method_owner_approval
PHY-107,physical,کالبدی–زیرساختی,زیرساخت‌ها,5,پوشش جایگاه سوخت و آتش نشانی,5,بسیار زیاد,مستقیم (مقدار بیشتر = ظرفیت/وضعیت بهتر),10.0,0.6858710562414266,P1,high,emergency_coverage,formula_specific,درخواست سازمانی/داده غیرعمومی,"N01,N09,N14",فراجا/کلانتری، آتش‌نشانی و اورژانس؛ رخداد مکان‌مند، زمان پاسخ و نوع حادثه + GIS/SDI شهرداری یا دهیاری و طرح جامع/تفصیلی؛ مرز محله، قطعه، بنا، کاربری و شبکه معابر,سهم جمعیت/مساحت در زمان دسترسی استاندارد به آتش‌نشانی و جایگاه سوخت؛ میانگین دو پوشش.,baseline_requires_method_owner_approval
PHY-108,physical,کالبدی–زیرساختی,زیرساخت‌ها,6,سهولت دسترسی به خدمات,5,بسیار زیاد,مستقیم (مقدار بیشتر = ظرفیت/وضعیت بهتر),10.0,0.6858710562414266,P2,medium,access,network_access,ترکیبی: برخط + درخواست سازمانی,"N01,N02,N06,N23",GIS/SDI شهرداری یا دهیاری و طرح جامع/تفصیلی؛ مرز محله، قطعه، بنا، کاربری و شبکه معابر + ثبت اداری دستگاه متولی + مرکز آمار ایران؛ سرشماری نفوس و مسکن در سطح بلوک/آبادی و، حسب نیاز، طرح نیروی کار و هزینه–درآمد خانوار,تحلیل شبکه معابر از مرکز جمعیت بلوک تا نزدیک‌ترین خدمت/مقصد تصریح‌شده در عنوان شاخص؛ نرخ پوشش = جمعیتِ درون آستانه خدمت مصوب ÷ کل جمعیت محله ×۱۰۰؛ میانه زمان/فاصله نیز گزارش شود.,baseline_requires_method_owner_approval
PHY-109,physical,کالبدی–زیرساختی,زیرساخت‌ها,7,تراکم خیابان و پهنای باند,5,بسیار زیاد,مستقیم (مقدار بیشتر = ظرفیت/وضعیت بهتر),10.0,0.6858710562414266,P2,medium,street_network,spatial_statistic,درخواست سازمانی/داده غیرعمومی,N01,GIS/SDI شهرداری یا دهیاری و طرح جامع/تفصیلی؛ مرز محله، قطعه، بنا، کاربری و شبکه معابر,تراکم خیابان = طول محور معابر ÷ مساحت محله؛ عرض مؤثر = میانگین وزنی عرض معبر برحسب طول. دو جزء به ۰–۱۰۰ نرمال و ترکیب شوند.,baseline_requires_method_owner_approval
PHY-110,physical,کالبدی–زیرساختی,زیرساخت‌ها,8,تراکم پزشک,5,بسیار زیاد,مستقیم (مقدار بیشتر = ظرفیت/وضعیت بهتر),10.0,0.6858710562414266,P2,medium,percap,per_capita_or_density,درخواست سازمانی/داده غیرعمومی,N09,شبکه بهداشت/دانشگاه علوم پزشکی، اورژانس و ثبت احوال؛ مکان مرکز، ظرفیت، رخداد و پیامد سلامت,پزشکان فعال معادل تمام‌وقت ÷ جمعیت ×۱۰٬۰۰۰.,baseline_requires_method_owner_approval
PHY-111,physical,کالبدی–زیرساختی,زیرساخت‌ها,9,نسبت تعداد خودروی حمل زباله,5,بسیار زیاد,مستقیم (مقدار بیشتر = ظرفیت/وضعیت بهتر),10.0,0.6858710562414266,P2,medium,waste,ratio_rate_or_trend,ترکیبی: برخط + درخواست سازمانی,"N02,N06,N11,N17",سازمان مدیریت پسماند و آبفا؛ مقدار جمع‌آوری/بازیافت، ناوگان، مخزن، تصفیه و تخلیه + مرکز آمار ایران؛ سرشماری نفوس و مسکن در سطح بلوک/آبادی و، حسب نیاز، طرح نیروی کار و هزینه–درآمد خانوار,نرخ جمع‌آوری = پسماند جمع‌آوری‌شده ÷ پسماند برآوردی ×۱۰۰؛ نرخ بازیافت = مواد بازیافتی ÷ کل پسماند ×۱۰۰؛ ناوگان به ازای ۱۰هزار نفر.,baseline_requires_method_owner_approval
PHY-112,physical,کالبدی–زیرساختی,زیرساخت‌ها,10,میانگین سفر روزانه,5,بسیار زیاد,مستقیم (مقدار بیشتر = ظرفیت/وضعیت بهتر),10.0,0.6858710562414266,P2,medium,travel,network_access,درخواست سازمانی/داده غیرعمومی,N10,سازمان حمل‌ونقل و ترافیک/اتوبوسرانی؛ مسیر، ایستگاه، فراوانی سرویس، زمان سفر و پارکینگ + پیمایش مبدأ–مقصد/داده تلفن همراه تجمیع‌شده,کل سفرهای روزانه منتسب به ساکنان یا مقاصد محله ÷ جمعیت؛ تولید و جذب جدا و به تفکیک شیوه سفر.,baseline_requires_method_owner_approval
PHY-113,physical,کالبدی–زیرساختی,پایداری محیطی,1,رعایت آیین نامه ساختمان,4,زیاد,مستقیم (مقدار بیشتر = ظرفیت/وضعیت بهتر),9.523809523809524,0.5486968449931412,P1,high,compliance,formula_specific,درخواست سازمانی/داده غیرعمومی,N07,شهرداری، سازمان ثبت اسناد/کاداستر و راه‌وشهرسازی؛ مالکیت، قطعه، پروانه، عمر و ارزش ملک + سازمان نظام مهندسی/ممیزی سازه,ساختمان‌های دارای تأیید انطباق سازه‌ای و پایان‌کار معتبر ÷ کل ساختمان‌های ارزیابی‌شده ×۱۰۰.,baseline_requires_method_owner_approval
PHY-114,physical,کالبدی–زیرساختی,پایداری محیطی,2,سرانه حمل و نقل یست محیطی,4,زیاد,مستقیم (مقدار بیشتر = ظرفیت/وضعیت بهتر),9.523809523809524,0.5486968449931412,P2,medium,percap,per_capita_or_density,ترکیبی: برخط + درخواست سازمانی,"N01,N02,N06,N23",GIS/SDI شهرداری یا دهیاری و طرح جامع/تفصیلی؛ مرز محله، قطعه، بنا، کاربری و شبکه معابر + ثبت اداری دستگاه متولی + مرکز آمار ایران؛ سرشماری نفوس و مسکن در سطح بلوک/آبادی و، حسب نیاز، طرح نیروی کار و هزینه–درآمد خانوار,سرانه = مقدار/تعداد مساحت/ظرفیت خدمت موضوع شاخص داخل یا قابل‌دسترسی محله ÷ جمعیت ساکن × ۱۰۰۰ نفر؛ ظرفیت مراکز در صورت وجود به‌جای شمارش ساده لحاظ شود.,baseline_requires_method_owner_approval
PHY-115,physical,کالبدی–زیرساختی,پایداری محیطی,3,تصفیه فاضلاب,5,بسیار زیاد,مستقیم (مقدار بیشتر = ظرفیت/وضعیت بهتر),11.904761904761903,0.6858710562414266,P2,medium,wastewater,ratio_rate_or_trend,ترکیبی: تولید میدانی + درخواست سازمانی,"N04,N01,N11",شرکت‌های آبفا، توزیع برق و گاز؛ مشترک فعال، انشعاب، قطعی، مصرف و کیفیت خدمت + GIS/SDI شهرداری یا دهیاری و طرح جامع/تفصیلی؛ مرز محله، قطعه، بنا، کاربری و شبکه معابر + ممیزی میدانی مکان‌مند و چک‌لیست مشاهده استاندارد؛ مختصات، زمان، وضعیت و عکس کنترل‌شده,حجم فاضلاب جمع‌آوری و تصفیه‌شده ÷ فاضلاب برآوردی تولیدشده ×۱۰۰؛ نقاط آب‌گرفتگی/تخلیه غیرمجاز به ازای کیلومتر معبر.,baseline_requires_method_owner_approval
PHY-116,physical,کالبدی–زیرساختی,پایداری محیطی,4,میزان آلودگی صوتی و بصری و آلودگی خاک,4,زیاد,معکوس (مقدار بیشتر = وضعیت نامطلوب‌تر),9.523809523809524,0.5486968449931412,P2,medium,noise,ratio_rate_or_trend,تولید میدانی,"N04,N12",سازمان حفاظت محیط زیست و سامانه پایش کیفی هوا + آزمایشگاه آب/خاک و پایش صدای شهرداری + ممیزی میدانی مکان‌مند و چک‌لیست مشاهده استاندارد؛ مختصات، زمان، وضعیت و عکس کنترل‌شده,LAeq روز/شب در نقاط نمونه؛ سهم جمعیت در معرض بیش از آستانه تعیین‌شده = جمعیت بلوک‌های مواجه ÷ کل جمعیت ×۱۰۰.,baseline_requires_method_owner_approval
PHY-117,physical,کالبدی–زیرساختی,پایداری محیطی,5,غلظت ذرات معلق,5,بسیار زیاد,مستقیم (مقدار بیشتر = ظرفیت/وضعیت بهتر),11.904761904761903,0.6858710562414266,P2,medium,air,ratio_rate_or_trend,برخط/باز,N12,سازمان حفاظت محیط زیست و سامانه پایش کیفی هوا + آزمایشگاه آب/خاک و پایش صدای شهرداری,میانگین سالانه و صدک ۹۵ PM2.5/PM10 یا آلاینده غالب، با درون‌یابی مکانی به محله؛ تعداد روزهای عبور از استاندارد نیز ثبت شود.,baseline_requires_method_owner_approval
PHY-118,physical,کالبدی–زیرساختی,پایداری محیطی,6,جمع آوری زباله جامد و چرخه بازیافت,4,زیاد,مستقیم (مقدار بیشتر = ظرفیت/وضعیت بهتر),9.523809523809524,0.5486968449931412,P2,medium,waste,ratio_rate_or_trend,ترکیبی: برخط + درخواست سازمانی,"N02,N06,N11,N17",سازمان مدیریت پسماند و آبفا؛ مقدار جمع‌آوری/بازیافت، ناوگان، مخزن، تصفیه و تخلیه + مرکز آمار ایران؛ سرشماری نفوس و مسکن در سطح بلوک/آبادی و، حسب نیاز، طرح نیروی کار و هزینه–درآمد خانوار,نرخ جمع‌آوری = پسماند جمع‌آوری‌شده ÷ پسماند برآوردی ×۱۰۰؛ نرخ بازیافت = مواد بازیافتی ÷ کل پسماند ×۱۰۰؛ ناوگان به ازای ۱۰هزار نفر.,baseline_requires_method_owner_approval
PHY-119,physical,کالبدی–زیرساختی,پایداری محیطی,7,سرانه فضای سبز شهری,4,زیاد,مستقیم (مقدار بیشتر = ظرفیت/وضعیت بهتر),9.523809523809524,0.5486968449931412,P2,medium,green,spatial_statistic,ترکیبی: برخط + درخواست سازمانی,"N01,N08,N15",GIS/SDI شهرداری یا دهیاری و طرح جامع/تفصیلی؛ مرز محله، قطعه، بنا، کاربری و شبکه معابر + سازمان نقشه‌برداری/NSDI و تصاویر Sentinel/Landsat؛ پوشش زمین، NDVI، توسعه کالبدی و مخاطرات + سازمان بوستان‌ها,سرانه فضای سبز عمومی = مساحت قابل‌استفاده سبز ÷ جمعیت؛ NDVI میانگین و درصد جمعیت در ۴۰۰ متری فضای سبز به‌عنوان کنترل.,baseline_requires_method_owner_approval
PHY-120,physical,کالبدی–زیرساختی,پایداری محیطی,8,حفاظت حیات وحش و حومه,4,زیاد,مستقیم (مقدار بیشتر = ظرفیت/وضعیت بهتر),9.523809523809524,0.5486968449931412,P2,medium,ecology,formula_specific,برخط/باز,"N08,N12",سازمان حفاظت محیط زیست و سامانه پایش کیفی هوا + آزمایشگاه آب/خاک و پایش صدای شهرداری + سازمان نقشه‌برداری/NSDI و تصاویر Sentinel/Landsat؛ پوشش زمین، NDVI، توسعه کالبدی و مخاطرات,مساحت زیستگاه/حریم حفاظت‌شده سالم ÷ کل زیستگاه حساس پیرامون محله ×۱۰۰؛ تغییر سالانه پوشش ثبت شود.,baseline_requires_method_owner_approval
PHY-121,physical,کالبدی–زیرساختی,پایداری محیطی,9,توزیع انرژی تجدید پذیر,4,زیاد,مستقیم (مقدار بیشتر = ظرفیت/وضعیت بهتر),9.523809523809524,0.5486968449931412,P2,medium,energy,ratio_rate_or_trend,درخواست سازمانی/داده غیرعمومی,N11,شرکت‌های آبفا، توزیع برق و گاز؛ مشترک فعال، انشعاب، قطعی، مصرف و کیفیت خدمت + سازمان انرژی‌های تجدیدپذیر,انرژی تجدیدپذیر تولید/مصرف‌شده ÷ کل مصرف نهایی انرژی ×۱۰۰.,baseline_requires_method_owner_approval
PHY-122,physical,کالبدی–زیرساختی,پایداری محیطی,10,میزان انتشار دی اکسید کربن,4,زیاد,معکوس (مقدار بیشتر = وضعیت نامطلوب‌تر),9.523809523809524,0.5486968449931412,P2,medium,ghg,ratio_rate_or_trend,ترکیبی: برخط + درخواست سازمانی,"N10,N11,N12",سازمان حفاظت محیط زیست و سامانه پایش کیفی هوا + آزمایشگاه آب/خاک و پایش صدای شهرداری + شرکت برق/گاز و سیاهه حمل‌ونقل,انتشار سالانه CO₂e = مجموع مصرف سوخت/برق×ضریب انتشار + حمل‌ونقل/پسماند؛ تقسیم بر جمعیت و مساحت.,baseline_requires_method_owner_approval
PHY-123,physical,کالبدی–زیرساختی,آلودگی محیطی,1,آلودگی هوا (میزان غلظت),5,بسیار زیاد,معکوس (مقدار بیشتر = وضعیت نامطلوب‌تر),20.0,0.6858710562414266,P2,medium,air,ratio_rate_or_trend,برخط/باز,N12,سازمان حفاظت محیط زیست و سامانه پایش کیفی هوا + آزمایشگاه آب/خاک و پایش صدای شهرداری,میانگین سالانه و صدک ۹۵ PM2.5/PM10 یا آلاینده غالب، با درون‌یابی مکانی به محله؛ تعداد روزهای عبور از استاندارد نیز ثبت شود.,baseline_requires_method_owner_approval
PHY-124,physical,کالبدی–زیرساختی,آلودگی محیطی,2,آلودگی آب (میزان کیفیت آب),5,بسیار زیاد,معکوس (مقدار بیشتر = وضعیت نامطلوب‌تر),20.0,0.6858710562414266,P1,high,water_quality,ratio_rate_or_trend,ترکیبی: برخط + درخواست سازمانی,"N11,N12",شرکت‌های آبفا، توزیع برق و گاز؛ مشترک فعال، انشعاب، قطعی، مصرف و کیفیت خدمت + سازمان حفاظت محیط زیست و سامانه پایش کیفی هوا + آزمایشگاه آب/خاک و پایش صدای شهرداری,درصد نمونه‌های آب منطبق با استاندارد میکروبی/شیمیایی؛ پارامترهای بحرانی جدا و شاخص کیفیت آب ۰–۱۰۰ محاسبه شود.,baseline_requires_method_owner_approval
PHY-125,physical,کالبدی–زیرساختی,آلودگی محیطی,3,آلودگی صوتی (درصد افرادی که بیش از 10 دقیقه در معرض آلودگی صوتی 50 د سی‌بل قرار دارند),5,بسیار زیاد,معکوس (مقدار بیشتر = وضعیت نامطلوب‌تر),20.0,0.6858710562414266,P2,medium,noise,ratio_rate_or_trend,تولید میدانی,"N04,N12",سازمان حفاظت محیط زیست و سامانه پایش کیفی هوا + آزمایشگاه آب/خاک و پایش صدای شهرداری + ممیزی میدانی مکان‌مند و چک‌لیست مشاهده استاندارد؛ مختصات، زمان، وضعیت و عکس کنترل‌شده,LAeq روز/شب در نقاط نمونه؛ سهم جمعیت در معرض بیش از آستانه تعیین‌شده = جمعیت بلوک‌های مواجه ÷ کل جمعیت ×۱۰۰.,baseline_requires_method_owner_approval
PHY-126,physical,کالبدی–زیرساختی,آلودگی محیطی,4,انرژی(درصد ساختمان‌هایی با کلاس انرژی C و بالاتر),5,بسیار زیاد,مستقیم (مقدار بیشتر = ظرفیت/وضعیت بهتر),20.0,0.6858710562414266,P1,high,energy,ratio_rate_or_trend,درخواست سازمانی/داده غیرعمومی,"N07,N11",شهرداری، سازمان ثبت اسناد/کاداستر و راه‌وشهرسازی؛ مالکیت، قطعه، پروانه، عمر و ارزش ملک + شرکت بهینه‌سازی مصرف سوخت/ممیزی انرژی,درصد = تعداد/مساحت ساختمان‌های دارای برچسب انرژی C یا بالاتر ÷ کل کل ساختمان‌های ارزیابی‌شده محله ×۱۰۰.,baseline_requires_method_owner_approval
PHY-127,physical,کالبدی–زیرساختی,آلودگی محیطی,5,فضای سبز (سرانه فضای سبز),5,بسیار زیاد,مستقیم (مقدار بیشتر = ظرفیت/وضعیت بهتر),20.0,0.6858710562414266,P2,medium,green,spatial_statistic,ترکیبی: برخط + درخواست سازمانی,"N01,N08,N15",GIS/SDI شهرداری یا دهیاری و طرح جامع/تفصیلی؛ مرز محله، قطعه، بنا، کاربری و شبکه معابر + سازمان نقشه‌برداری/NSDI و تصاویر Sentinel/Landsat؛ پوشش زمین، NDVI، توسعه کالبدی و مخاطرات + سازمان بوستان‌ها,سرانه فضای سبز عمومی = مساحت قابل‌استفاده سبز ÷ جمعیت؛ NDVI میانگین و درصد جمعیت در ۴۰۰ متری فضای سبز به‌عنوان کنترل.,baseline_requires_method_owner_approval
PHY-128,physical,کالبدی–زیرساختی,اکولوژیک,1,زباله (درصد زبالۀ تفکیک شده),4,زیاد,مستقیم (مقدار بیشتر = ظرفیت/وضعیت بهتر),25.0,0.5486968449931412,P2,medium,waste,ratio_rate_or_trend,ترکیبی: برخط + درخواست سازمانی,"N02,N06,N11,N17",سازمان مدیریت پسماند و آبفا؛ مقدار جمع‌آوری/بازیافت، ناوگان، مخزن، تصفیه و تخلیه + مرکز آمار ایران؛ سرشماری نفوس و مسکن در سطح بلوک/آبادی و، حسب نیاز، طرح نیروی کار و هزینه–درآمد خانوار,نرخ جمع‌آوری = پسماند جمع‌آوری‌شده ÷ پسماند برآوردی ×۱۰۰؛ نرخ بازیافت = مواد بازیافتی ÷ کل پسماند ×۱۰۰؛ ناوگان به ازای ۱۰هزار نفر.,baseline_requires_method_owner_approval
PHY-129,physical,کالبدی–زیرساختی,اکولوژیک,2,جمعیت (تراکم نسبت جمعیت),4,زیاد,مستقیم (مقدار بیشتر = ظرفیت/وضعیت بهتر),25.0,0.5486968449931412,P2,medium,generic_ratio,ratio_rate_or_trend,ترکیبی: برخط + درخواست سازمانی,"N02,N06,N23",مرکز آمار ایران؛ سرشماری نفوس و مسکن در سطح بلوک/آبادی و، حسب نیاز، طرح نیروی کار و هزینه–درآمد خانوار + ثبت اداری متولی شاخص,نسبت = مقدار صورت تعریف‌شده ÷ مقدار مخرج تعریف‌شده ×۱۰۰؛ صورت و مخرج باید مربوط به دوره و مرز مکانی یکسان باشند.,baseline_requires_method_owner_approval
PHY-130,physical,کالبدی–زیرساختی,اکولوژیک,3,پراکنده‌رویی (آنتروپی شانون),4,زیاد,معکوس (مقدار بیشتر = وضعیت نامطلوب‌تر),25.0,0.5486968449931412,P2,medium,entropy,formula_specific,ترکیبی: برخط + درخواست سازمانی,"N01,N08",GIS/SDI شهرداری یا دهیاری و طرح جامع/تفصیلی؛ مرز محله، قطعه، بنا، کاربری و شبکه معابر + سازمان نقشه‌برداری/NSDI و تصاویر Sentinel/Landsat؛ پوشش زمین، NDVI، توسعه کالبدی و مخاطرات,H = −Σ(pᵢ ln pᵢ) ÷ ln(n)، که pᵢ سهم توسعه ساخته‌شده در حلقه/قطاع i است؛ خروجی ۰–۱.,baseline_requires_method_owner_approval
PHY-131,physical,کالبدی–زیرساختی,اکولوژیک,4,فرهنگی (سرانۀ فضاهای عبادتی، زیارتی؛ سرانۀ سالن‌های نمایش و هنری)؛ سرانۀ فضای کتابخانۀ عمومی و فرهنگسرا),4,زیاد,مستقیم (مقدار بیشتر = ظرفیت/وضعیت بهتر),25.0,0.5486968449931412,P2,medium,percap,per_capita_or_density,ترکیبی: برخط + درخواست سازمانی,"N02,N06,N15",ادارات فرهنگ‌وارشاد، ورزش، میراث فرهنگی و اوقاف؛ مکان، مساحت، ظرفیت و برنامه مراکز + مرکز آمار ایران؛ سرشماری نفوس و مسکن در سطح بلوک/آبادی و، حسب نیاز، طرح نیروی کار و هزینه–درآمد خانوار,سرانه = مقدار/تعداد مساحت/ظرفیت خدمت موضوع شاخص داخل یا قابل‌دسترسی محله ÷ جمعیت ساکن × ۱۰۰۰ نفر؛ ظرفیت مراکز در صورت وجود به‌جای شمارش ساده لحاظ شود.,baseline_requires_method_owner_approval
PHY-132,physical,کالبدی–زیرساختی,امکانات و تسهیلات زندگی,1,ورزشی (سرانۀ فضاهای ورزشی),4,زیاد,مستقیم (مقدار بیشتر = ظرفیت/وضعیت بهتر),22.22222222222222,0.5486968449931412,P2,medium,percap,per_capita_or_density,ترکیبی: برخط + درخواست سازمانی,"N01,N02,N06,N23",GIS/SDI شهرداری یا دهیاری و طرح جامع/تفصیلی؛ مرز محله، قطعه، بنا، کاربری و شبکه معابر + ثبت اداری دستگاه متولی + مرکز آمار ایران؛ سرشماری نفوس و مسکن در سطح بلوک/آبادی و، حسب نیاز، طرح نیروی کار و هزینه–درآمد خانوار,سرانه = مقدار/تعداد مساحت/ظرفیت خدمت موضوع شاخص داخل یا قابل‌دسترسی محله ÷ جمعیت ساکن × ۱۰۰۰ نفر؛ ظرفیت مراکز در صورت وجود به‌جای شمارش ساده لحاظ شود.,baseline_requires_method_owner_approval
PHY-133,physical,کالبدی–زیرساختی,امکانات و تسهیلات زندگی,2,آموزشی (سرانۀ فضاهای آموزشی),4,زیاد,مستقیم (مقدار بیشتر = ظرفیت/وضعیت بهتر),22.22222222222222,0.5486968449931412,P2,medium,percap,per_capita_or_density,ترکیبی: برخط + درخواست سازمانی,"N02,N06,N16",آموزش‌وپرورش و سازمان نوسازی مدارس؛ مکان، مقطع، ظرفیت، ثبت‌نام، معلم و نتایج آموزشی + مرکز آمار ایران؛ سرشماری نفوس و مسکن در سطح بلوک/آبادی و، حسب نیاز، طرح نیروی کار و هزینه–درآمد خانوار,سرانه = مقدار/تعداد مساحت/ظرفیت خدمت موضوع شاخص داخل یا قابل‌دسترسی محله ÷ جمعیت ساکن × ۱۰۰۰ نفر؛ ظرفیت مراکز در صورت وجود به‌جای شمارش ساده لحاظ شود.,baseline_requires_method_owner_approval
PHY-134,physical,کالبدی–زیرساختی,امکانات و تسهیلات زندگی,3,بهداشتی و درمانی (سرانۀ فضاهای درمانی و بهداشتی),5,بسیار زیاد,مستقیم (مقدار بیشتر = ظرفیت/وضعیت بهتر),27.77777777777778,0.6858710562414266,P2,medium,percap,per_capita_or_density,ترکیبی: برخط + درخواست سازمانی,"N02,N06,N09",شبکه بهداشت/دانشگاه علوم پزشکی، اورژانس و ثبت احوال؛ مکان مرکز، ظرفیت، رخداد و پیامد سلامت + مرکز آمار ایران؛ سرشماری نفوس و مسکن در سطح بلوک/آبادی و، حسب نیاز، طرح نیروی کار و هزینه–درآمد خانوار,سرانه = مقدار/تعداد مساحت/ظرفیت خدمت موضوع شاخص داخل یا قابل‌دسترسی محله ÷ جمعیت ساکن × ۱۰۰۰ نفر؛ ظرفیت مراکز در صورت وجود به‌جای شمارش ساده لحاظ شود.,baseline_requires_method_owner_approval
PHY-135,physical,کالبدی–زیرساختی,امکانات و تسهیلات زندگی,4,زیربنایی و رفاهی (درصد اماکن بهره‌مند از آب لوله کشی، درصد امکان بهره‌مندی از شبکۀ فاضلاب، سرانۀ فضای مسکونی ساخته شده، زیبایی و جذابیت شهر و عناصر پرمعنای معماری),5,بسیار زیاد,مستقیم (مقدار بیشتر = ظرفیت/وضعیت بهتر),27.77777777777778,0.6858710562414266,P1,high,utilities,ratio_rate_or_trend,ترکیبی: برخط + درخواست سازمانی,"N02,N06,N11",شرکت‌های آبفا، توزیع برق و گاز؛ مشترک فعال، انشعاب، قطعی، مصرف و کیفیت خدمت + مرکز آمار ایران؛ سرشماری نفوس و مسکن در سطح بلوک/آبادی و، حسب نیاز، طرح نیروی کار و هزینه–درآمد خانوار,درصد = تعداد/مساحت واحدهای مسکونی دارای انشعاب آب فعال ÷ کل واحدهای مسکونی اشغال‌شده محله ×۱۰۰.,baseline_requires_method_owner_approval
PHY-136,physical,کالبدی–زیرساختی,زیرساخت,1,درصد ایستگاه آتش نشانی,5,بسیار زیاد,مستقیم (مقدار بیشتر = ظرفیت/وضعیت بهتر),16.666666666666664,0.6858710562414266,P1,high,generic_percent,ratio_rate_or_trend,ترکیبی: برخط + درخواست سازمانی,"N02,N06,N23",مرکز آمار ایران؛ سرشماری نفوس و مسکن در سطح بلوک/آبادی و، حسب نیاز، طرح نیروی کار و هزینه–درآمد خانوار + ثبت اداری متولی شاخص,درصد = تعداد/مساحت واحدهای واجد ویژگی تصریح‌شده ÷ کل کل واحدهای واجدشرایط محله ×۱۰۰.,baseline_requires_method_owner_approval
PHY-137,physical,کالبدی–زیرساختی,زیرساخت,2,درصد سیستم کنترل هوشمند مرکزی,4,زیاد,مستقیم (مقدار بیشتر = ظرفیت/وضعیت بهتر),13.333333333333334,0.5486968449931412,P2,medium,generic_percent,ratio_rate_or_trend,ترکیبی: برخط + درخواست سازمانی,"N02,N06,N23",مرکز آمار ایران؛ سرشماری نفوس و مسکن در سطح بلوک/آبادی و، حسب نیاز، طرح نیروی کار و هزینه–درآمد خانوار + ثبت اداری متولی شاخص,درصد = تعداد/مساحت واحدهای واجد ویژگی تصریح‌شده ÷ کل کل واحدهای واجدشرایط محله ×۱۰۰.,baseline_requires_method_owner_approval
PHY-138,physical,کالبدی–زیرساختی,زیرساخت,3,درصد دوربین نظارت تصویری,4,زیاد,مستقیم (مقدار بیشتر = ظرفیت/وضعیت بهتر),13.333333333333334,0.5486968449931412,P2,medium,generic_percent,ratio_rate_or_trend,ترکیبی: برخط + درخواست سازمانی,"N02,N06,N23",مرکز آمار ایران؛ سرشماری نفوس و مسکن در سطح بلوک/آبادی و، حسب نیاز، طرح نیروی کار و هزینه–درآمد خانوار + ثبت اداری متولی شاخص,درصد = تعداد/مساحت واحدهای واجد ویژگی تصریح‌شده ÷ کل کل واحدهای واجدشرایط محله ×۱۰۰.,baseline_requires_method_owner_approval
PHY-139,physical,کالبدی–زیرساختی,زیرساخت,4,سرانۀ پارک,4,زیاد,مستقیم (مقدار بیشتر = ظرفیت/وضعیت بهتر),13.333333333333334,0.5486968449931412,P2,medium,percap,per_capita_or_density,ترکیبی: برخط + درخواست سازمانی,"N01,N02,N06,N23",GIS/SDI شهرداری یا دهیاری و طرح جامع/تفصیلی؛ مرز محله، قطعه، بنا، کاربری و شبکه معابر + ثبت اداری دستگاه متولی + مرکز آمار ایران؛ سرشماری نفوس و مسکن در سطح بلوک/آبادی و، حسب نیاز، طرح نیروی کار و هزینه–درآمد خانوار,سرانه = مقدار/تعداد مساحت/ظرفیت خدمت موضوع شاخص داخل یا قابل‌دسترسی محله ÷ جمعیت ساکن × ۱۰۰۰ نفر؛ ظرفیت مراکز در صورت وجود به‌جای شمارش ساده لحاظ شود.,baseline_requires_method_owner_approval
PHY-140,physical,کالبدی–زیرساختی,زیرساخت,5,درصد نمایشگر و ایستگاه سنجش آلودگی هوا,5,بسیار زیاد,معکوس (مقدار بیشتر = وضعیت نامطلوب‌تر),16.666666666666664,0.6858710562414266,P2,medium,air,ratio_rate_or_trend,برخط/باز,N12,سازمان حفاظت محیط زیست و سامانه پایش کیفی هوا + آزمایشگاه آب/خاک و پایش صدای شهرداری,میانگین سالانه و صدک ۹۵ PM2.5/PM10 یا آلاینده غالب، با درون‌یابی مکانی به محله؛ تعداد روزهای عبور از استاندارد نیز ثبت شود.,baseline_requires_method_owner_approval
PHY-141,physical,کالبدی–زیرساختی,زیرساخت,6,میزان تولید و جذب سفر ساکنان,4,زیاد,آستانه‌ای/بهینه (فاصله از دامنه معیار سنجیده شود),13.333333333333334,0.5486968449931412,P2,medium,travel,network_access,درخواست سازمانی/داده غیرعمومی,N10,سازمان حمل‌ونقل و ترافیک/اتوبوسرانی؛ مسیر، ایستگاه، فراوانی سرویس، زمان سفر و پارکینگ + پیمایش مبدأ–مقصد/داده تلفن همراه تجمیع‌شده,کل سفرهای روزانه منتسب به ساکنان یا مقاصد محله ÷ جمعیت؛ تولید و جذب جدا و به تفکیک شیوه سفر.,baseline_requires_method_owner_approval
PHY-142,physical,کالبدی–زیرساختی,زیرساخت,7,طول مسیر ویژۀ دوچرخه سواری,4,زیاد,مستقیم (مقدار بیشتر = ظرفیت/وضعیت بهتر),13.333333333333334,0.5486968449931412,P2,medium,network,network_access,ترکیبی: تولید میدانی + درخواست سازمانی,"N04,N01",GIS/SDI شهرداری یا دهیاری و طرح جامع/تفصیلی؛ مرز محله، قطعه، بنا، کاربری و شبکه معابر + ممیزی میدانی مکان‌مند و چک‌لیست مشاهده استاندارد؛ مختصات، زمان، وضعیت و عکس کنترل‌شده,تراکم شبکه = طول/مساحت عارضه استاندارد و پیوسته ÷ مساحت محله؛ برای مسیر، کیلومتر به ازای کیلومترمربع و سهم شبکه پیوسته گزارش شود.,baseline_requires_method_owner_approval
PHY-143,physical,کالبدی–زیرساختی,محدوده‌های سبز,1,زمین مسطح برای بازی و ورزش,3,متوسط,مستقیم (مقدار بیشتر = ظرفیت/وضعیت بهتر),50.0,0.411522633744856,P2,medium,play_land,formula_specific,ترکیبی: تولید میدانی + درخواست سازمانی,"N04,N01,N08",GIS/SDI شهرداری یا دهیاری و طرح جامع/تفصیلی؛ مرز محله، قطعه، بنا، کاربری و شبکه معابر + مدل رقومی ارتفاع و ممیزی میدانی مکان‌مند و چک‌لیست مشاهده استاندارد؛ مختصات، زمان، وضعیت و عکس کنترل‌شده,مساحت زمین عمومی با شیب کمتر از آستانه و امکان فعالیت ÷ جمعیت (مترمربع/نفر)؛ دسترسی ۴۰۰ متری کنترل شود.,baseline_requires_method_owner_approval
PHY-144,physical,کالبدی–زیرساختی,محدوده‌های سبز,2,پوشش گیاهی,3,متوسط,مستقیم (مقدار بیشتر = ظرفیت/وضعیت بهتر),50.0,0.411522633744856,P2,medium,green,spatial_statistic,ترکیبی: برخط + درخواست سازمانی,"N01,N08,N15",GIS/SDI شهرداری یا دهیاری و طرح جامع/تفصیلی؛ مرز محله، قطعه، بنا، کاربری و شبکه معابر + سازمان نقشه‌برداری/NSDI و تصاویر Sentinel/Landsat؛ پوشش زمین، NDVI، توسعه کالبدی و مخاطرات + سازمان بوستان‌ها,سرانه فضای سبز عمومی = مساحت قابل‌استفاده سبز ÷ جمعیت؛ NDVI میانگین و درصد جمعیت در ۴۰۰ متری فضای سبز به‌عنوان کنترل.,baseline_requires_method_owner_approval
PHY-145,physical,کالبدی–زیرساختی,کالاها و خدمات اولیه,1,دسترسی به غذا، آب و سرپناه,5,بسیار زیاد,مستقیم (مقدار بیشتر = ظرفیت/وضعیت بهتر),50.0,0.6858710562414266,P1,high,access,network_access,ترکیبی: برخط + درخواست سازمانی,"N01,N02,N06,N23",GIS/SDI شهرداری یا دهیاری و طرح جامع/تفصیلی؛ مرز محله، قطعه، بنا، کاربری و شبکه معابر + ثبت اداری دستگاه متولی + مرکز آمار ایران؛ سرشماری نفوس و مسکن در سطح بلوک/آبادی و، حسب نیاز، طرح نیروی کار و هزینه–درآمد خانوار,تحلیل شبکه معابر از مرکز جمعیت بلوک تا نزدیک‌ترین خدمت/مقصد تصریح‌شده در عنوان شاخص؛ نرخ پوشش = جمعیتِ درون آستانه خدمت مصوب ÷ کل جمعیت محله ×۱۰۰؛ میانه زمان/فاصله نیز گزارش شود.,baseline_requires_method_owner_approval
PHY-146,physical,کالبدی–زیرساختی,کالاها و خدمات اولیه,2,دسترسی به خدمات بهداشتی,5,بسیار زیاد,مستقیم (مقدار بیشتر = ظرفیت/وضعیت بهتر),50.0,0.6858710562414266,P2,medium,health_access,network_access,درخواست سازمانی/داده غیرعمومی,"N01,N09",شبکه بهداشت/دانشگاه علوم پزشکی، اورژانس و ثبت احوال؛ مکان مرکز، ظرفیت، رخداد و پیامد سلامت + GIS/SDI شهرداری یا دهیاری و طرح جامع/تفصیلی؛ مرز محله، قطعه، بنا، کاربری و شبکه معابر,تحلیل شبکه معابر از مرکز جمعیت بلوک تا نزدیک‌ترین مرکز سلامت/اورژانس متناسب با سطح خدمت؛ نرخ پوشش = جمعیتِ درون ۱۵ دقیقه پیاده یا زمان استاندارد محلی ÷ کل جمعیت محله ×۱۰۰؛ میانه زمان/فاصله نیز گزارش شود.,baseline_requires_method_owner_approval
PHY-147,physical,کالبدی–زیرساختی,نظام منطقه‌ای نوآوری (RIS),1,زیرساخت پلتفرمی: (ضریب نفوذ اینترنت پهن‌باند؛ پایداری شبکه دیجیتال؛ وجود فضاهای کالبدی اشتراکی (Co-working) یا کارگاه‌های تجمیعی),5,بسیار زیاد,مستقیم (مقدار بیشتر = ظرفیت/وضعیت بهتر),33.33333333333333,0.6858710562414266,P1,high,ict,formula_specific,ترکیبی: برخط + درخواست سازمانی,"N02,N06,N18",سازمان تنظیم مقررات و ارتباطات رادیویی، نت‌سنج‌پلاس و اپراتورها؛ پوشش، سرعت، تأخیر و قطعی + مرکز آمار ایران؛ سرشماری نفوس و مسکن در سطح بلوک/آبادی و، حسب نیاز، طرح نیروی کار و هزینه–درآمد خانوار,پوشش خانوار = خانوار دارای سرویس پهن‌باند فعال ÷ کل خانوار ×۱۰۰؛ کیفیت = میانه سرعت دانلود/آپلود، تأخیر و درصد دسترس‌پذیری ماهانه.,baseline_requires_method_owner_approval
PHY-148,physical,کالبدی–زیرساختی,نظام منطقه‌ای نوآوری (RIS),2,دسترسی به دانش: (فاصله زمانی تا مراکز رشد (Incubators) و پارک‌های علم و فناوری؛ دسترسی به جاده‌های ترانزیتی برای صادرات محصولات),5,بسیار زیاد,مستقیم (مقدار بیشتر = ظرفیت/وضعیت بهتر),33.33333333333333,0.6858710562414266,P2,medium,access,network_access,درخواست سازمانی/داده غیرعمومی,N01,GIS/SDI شهرداری یا دهیاری و طرح جامع/تفصیلی؛ مرز محله، قطعه، بنا، کاربری و شبکه معابر,تحلیل شبکه معابر از مرکز جمعیت بلوک تا نزدیک‌ترین پارک/فضای سبز عمومی؛ نرخ پوشش = جمعیتِ درون ۴۰۰ متر شبکه‌ای ÷ کل جمعیت محله ×۱۰۰؛ میانه زمان/فاصله نیز گزارش شود.,baseline_requires_method_owner_approval
PHY-149,physical,کالبدی–زیرساختی,نظام منطقه‌ای نوآوری (RIS),3,تاب‌آوری کالبدی: (انطباق ابنیه با نیازهای تولیدی جدید؛ کیفیت زیرساخت‌های انرژی برای صنایع تبدیلی و کوچک),5,بسیار زیاد,مستقیم (مقدار بیشتر = ظرفیت/وضعیت بهتر),33.33333333333333,0.6858710562414266,P1,high,composite,composite,ترکیبی: تولید میدانی + درخواست سازمانی,"N03,N04,N23",پیمایش نمونه‌ای خانوار/کاربر محله با شناسه مکانی و پرسش استاندارد لیکرت ۱ تا ۵ + ممیزی میدانی مکان‌مند و چک‌لیست مشاهده استاندارد؛ مختصات، زمان، وضعیت و عکس کنترل‌شده + ثبت اداری/GIS متولی,هر زیرمولفه به ۰–۱۰۰ نرمال شود؛ شاخص مرکب = میانگین وزنی سنجش عینیِ پوشش/انطباق و سنجش ادراکی مرتبط با عنوان شاخص. وزن زیرمولفه‌ها در نسخه پایه برابر و سپس با AHP/دلفی محلی کالیبره شود.,baseline_requires_method_owner_approval
PHY-150,physical,کالبدی–زیرساختی,فضاهای عمومی,1,بهبود و به روز رسانی رمپ‌ها و پله‌ها برای دسترسی مطلوب,3,متوسط,مستقیم (مقدار بیشتر = ظرفیت/وضعیت بهتر),15.789473684210526,0.411522633744856,P2,medium,access,network_access,ترکیبی: برخط + درخواست سازمانی,"N01,N02,N06,N23",GIS/SDI شهرداری یا دهیاری و طرح جامع/تفصیلی؛ مرز محله، قطعه، بنا، کاربری و شبکه معابر + ثبت اداری دستگاه متولی + مرکز آمار ایران؛ سرشماری نفوس و مسکن در سطح بلوک/آبادی و، حسب نیاز، طرح نیروی کار و هزینه–درآمد خانوار,تحلیل شبکه معابر از مرکز جمعیت بلوک تا نزدیک‌ترین خدمت/مقصد تصریح‌شده در عنوان شاخص؛ نرخ پوشش = جمعیتِ درون آستانه خدمت مصوب ÷ کل جمعیت محله ×۱۰۰؛ میانه زمان/فاصله نیز گزارش شود.,baseline_requires_method_owner_approval
PHY-151,physical,کالبدی–زیرساختی,فضاهای عمومی,2,مناسب‌سازی جداول و بهبود پیاده‌روها و مناسب‌سازی آن‌ها,3,متوسط,مستقیم (مقدار بیشتر = ظرفیت/وضعیت بهتر),15.789473684210526,0.411522633744856,P2,medium,audit,field_audit,ترکیبی: تولید میدانی + درخواست سازمانی,"N04,N01",ممیزی میدانی مکان‌مند و چک‌لیست مشاهده استاندارد؛ مختصات، زمان، وضعیت و عکس کنترل‌شده + GIS/SDI شهرداری یا دهیاری و طرح جامع/تفصیلی؛ مرز محله، قطعه، بنا، کاربری و شبکه معابر,واحدهای معبر/فضا منطبق با چک‌لیست استاندارد ÷ کل واحدهای نمونه ×۱۰۰؛ برای کیفیت، امتیاز هر قلم ۰–۲ و مجموع به ۰–۱۰۰ تبدیل شود.,baseline_requires_method_owner_approval
PHY-152,physical,کالبدی–زیرساختی,فضاهای عمومی,3,سرویس بهداشتی مناسب در پارک‌ها,5,بسیار زیاد,مستقیم (مقدار بیشتر = ظرفیت/وضعیت بهتر),26.31578947368421,0.6858710562414266,P2,medium,audit,field_audit,ترکیبی: تولید میدانی + درخواست سازمانی,"N04,N01",ممیزی میدانی مکان‌مند و چک‌لیست مشاهده استاندارد؛ مختصات، زمان، وضعیت و عکس کنترل‌شده + GIS/SDI شهرداری یا دهیاری و طرح جامع/تفصیلی؛ مرز محله، قطعه، بنا، کاربری و شبکه معابر,واحدهای معبر/فضا منطبق با چک‌لیست استاندارد ÷ کل واحدهای نمونه ×۱۰۰؛ برای کیفیت، امتیاز هر قلم ۰–۲ و مجموع به ۰–۱۰۰ تبدیل شود.,baseline_requires_method_owner_approval
PHY-153,physical,کالبدی–زیرساختی,فضاهای عمومی,4,ایجاد امکانات ورزشی و امکانات کاهش آلودگی هوا,5,بسیار زیاد,معکوس (مقدار بیشتر = وضعیت نامطلوب‌تر),26.31578947368421,0.6858710562414266,P2,medium,air,ratio_rate_or_trend,برخط/باز,N12,سازمان حفاظت محیط زیست و سامانه پایش کیفی هوا + آزمایشگاه آب/خاک و پایش صدای شهرداری,میانگین سالانه و صدک ۹۵ PM2.5/PM10 یا آلاینده غالب، با درون‌یابی مکانی به محله؛ تعداد روزهای عبور از استاندارد نیز ثبت شود.,baseline_requires_method_owner_approval
PHY-154,physical,کالبدی–زیرساختی,فضاهای عمومی,5,بهبود علائم دسترسی به پارکینگ‌ها و سایر نقاط,3,متوسط,مستقیم (مقدار بیشتر = ظرفیت/وضعیت بهتر),15.789473684210526,0.411522633744856,P2,medium,access,network_access,درخواست سازمانی/داده غیرعمومی,N01,GIS/SDI شهرداری یا دهیاری و طرح جامع/تفصیلی؛ مرز محله، قطعه، بنا، کاربری و شبکه معابر,تحلیل شبکه معابر از مرکز جمعیت بلوک تا نزدیک‌ترین پارک/فضای سبز عمومی؛ نرخ پوشش = جمعیتِ درون ۴۰۰ متر شبکه‌ای ÷ کل جمعیت محله ×۱۰۰؛ میانه زمان/فاصله نیز گزارش شود.,baseline_requires_method_owner_approval
PHY-155,physical,کالبدی–زیرساختی,خدمات شهری,1,تعداد کتابخانه و سالن مطالعه,4,زیاد,مستقیم (مقدار بیشتر = ظرفیت/وضعیت بهتر),18.181818181818183,0.5486968449931412,P2,medium,percap,per_capita_or_density,درخواست سازمانی/داده غیرعمومی,"N01,N23",GIS/SDI شهرداری یا دهیاری و طرح جامع/تفصیلی؛ مرز محله، قطعه، بنا، کاربری و شبکه معابر + ثبت دارایی دستگاه متولی,سرانه = مقدار/تعداد مرکز/تجهیز فعال داخل یا قابل‌دسترسی محله ÷ جمعیت ساکن × ۱۰٬۰۰۰ نفر؛ ظرفیت مراکز در صورت وجود به‌جای شمارش ساده لحاظ شود.,baseline_requires_method_owner_approval
PHY-156,physical,کالبدی–زیرساختی,خدمات شهری,2,تعداد مراکز ورزشی و پارک‌ها,4,زیاد,مستقیم (مقدار بیشتر = ظرفیت/وضعیت بهتر),18.181818181818183,0.5486968449931412,P2,medium,percap,per_capita_or_density,درخواست سازمانی/داده غیرعمومی,"N01,N23",GIS/SDI شهرداری یا دهیاری و طرح جامع/تفصیلی؛ مرز محله، قطعه، بنا، کاربری و شبکه معابر + ثبت دارایی دستگاه متولی,سرانه = مقدار/تعداد مرکز/تجهیز فعال داخل یا قابل‌دسترسی محله ÷ جمعیت ساکن × ۱۰٬۰۰۰ نفر؛ ظرفیت مراکز در صورت وجود به‌جای شمارش ساده لحاظ شود.,baseline_requires_method_owner_approval
PHY-157,physical,کالبدی–زیرساختی,خدمات شهری,3,تعداد خودوها و شیرهای آتش نشانی,5,بسیار زیاد,مستقیم (مقدار بیشتر = ظرفیت/وضعیت بهتر),22.727272727272727,0.6858710562414266,P1,high,percap,per_capita_or_density,درخواست سازمانی/داده غیرعمومی,"N01,N23",GIS/SDI شهرداری یا دهیاری و طرح جامع/تفصیلی؛ مرز محله، قطعه، بنا، کاربری و شبکه معابر + ثبت دارایی دستگاه متولی,سرانه = مقدار/تعداد مرکز/تجهیز فعال داخل یا قابل‌دسترسی محله ÷ جمعیت ساکن × ۱۰٬۰۰۰ نفر؛ ظرفیت مراکز در صورت وجود به‌جای شمارش ساده لحاظ شود.,baseline_requires_method_owner_approval
PHY-158,physical,کالبدی–زیرساختی,خدمات شهری,4,تعداد پارکینگ‌های عمومی,4,زیاد,مستقیم (مقدار بیشتر = ظرفیت/وضعیت بهتر),18.181818181818183,0.5486968449931412,P2,medium,percap,per_capita_or_density,درخواست سازمانی/داده غیرعمومی,"N01,N23",GIS/SDI شهرداری یا دهیاری و طرح جامع/تفصیلی؛ مرز محله، قطعه، بنا، کاربری و شبکه معابر + ثبت دارایی دستگاه متولی,سرانه = مقدار/تعداد مرکز/تجهیز فعال داخل یا قابل‌دسترسی محله ÷ جمعیت ساکن × ۱۰٬۰۰۰ نفر؛ ظرفیت مراکز در صورت وجود به‌جای شمارش ساده لحاظ شود.,baseline_requires_method_owner_approval
PHY-159,physical,کالبدی–زیرساختی,خدمات شهری,5,تعداد بیمارستان,5,بسیار زیاد,مستقیم (مقدار بیشتر = ظرفیت/وضعیت بهتر),22.727272727272727,0.6858710562414266,P2,medium,health_access,network_access,درخواست سازمانی/داده غیرعمومی,"N01,N09",شبکه بهداشت/دانشگاه علوم پزشکی، اورژانس و ثبت احوال؛ مکان مرکز، ظرفیت، رخداد و پیامد سلامت + GIS/SDI شهرداری یا دهیاری و طرح جامع/تفصیلی؛ مرز محله، قطعه، بنا، کاربری و شبکه معابر,تحلیل شبکه معابر از مرکز جمعیت بلوک تا نزدیک‌ترین مرکز سلامت/اورژانس متناسب با سطح خدمت؛ نرخ پوشش = جمعیتِ درون ۱۵ دقیقه پیاده یا زمان استاندارد محلی ÷ کل جمعیت محله ×۱۰۰؛ میانه زمان/فاصله نیز گزارش شود.,baseline_requires_method_owner_approval
PHY-160,physical,کالبدی–زیرساختی,کاربری و دسترسی,1,کاربری‌های ناسازگار,4,زیاد,مستقیم (مقدار بیشتر = ظرفیت/وضعیت بهتر),20.0,0.5486968449931412,P2,medium,incompatible_landuse,formula_specific,ترکیبی: برخط + درخواست سازمانی,"N01,N12",GIS/SDI شهرداری یا دهیاری و طرح جامع/تفصیلی؛ مرز محله، قطعه، بنا، کاربری و شبکه معابر + سازمان حفاظت محیط زیست و سامانه پایش کیفی هوا + آزمایشگاه آب/خاک و پایش صدای شهرداری,جمعیت/مساحت مسکونی در حریم اثر کاربری ناسازگار ÷ کل جمعیت/مساحت مسکونی ×۱۰۰.,baseline_requires_method_owner_approval
PHY-161,physical,کالبدی–زیرساختی,کاربری و دسترسی,2,فقدان یا کمبود فضاهای خدماتی,4,زیاد,معکوس (مقدار بیشتر = وضعیت نامطلوب‌تر),20.0,0.5486968449931412,P2,medium,service_deficit,formula_specific,درخواست سازمانی/داده غیرعمومی,"N01,N23",GIS/SDI شهرداری یا دهیاری و طرح جامع/تفصیلی؛ مرز محله، قطعه، بنا، کاربری و شبکه معابر + ثبت ظرفیت دستگاه‌های خدمت‌رسان,کسری خدمت = max(۰، سرانه معیار−سرانه موجود) ÷ سرانه معیار ×۱۰۰؛ برای امتیاز مثبت، ۱۰۰−کسری.,baseline_requires_method_owner_approval
PHY-162,physical,کالبدی–زیرساختی,کاربری و دسترسی,3,وجود فضاها و زمان‌های بی‌دفاع,4,زیاد,مستقیم (مقدار بیشتر = ظرفیت/وضعیت بهتر),20.0,0.5486968449931412,P3,high,existence,formula_specific,ترکیبی: تولید میدانی + درخواست سازمانی,"N04,N01,N23",GIS/SDI شهرداری یا دهیاری و طرح جامع/تفصیلی؛ مرز محله، قطعه، بنا، کاربری و شبکه معابر + ممیزی میدانی مکان‌مند و چک‌لیست مشاهده استاندارد؛ مختصات، زمان، وضعیت و عکس کنترل‌شده + ثبت اداری متولی,مقدار پایه دودویی ۰/۱ برای وجود فعال؛ برای مقایسه محله‌ای، ظرفیت فعال ÷ جمعیت و درصد پوشش مکانی به ۰–۱۰۰ تبدیل شود.,baseline_requires_method_owner_approval
PHY-163,physical,کالبدی–زیرساختی,کاربری و دسترسی,4,شبکه‌های دسترسی ناکارآمد و ناکافی,4,زیاد,معکوس (مقدار بیشتر = وضعیت نامطلوب‌تر),20.0,0.5486968449931412,P2,medium,access,network_access,ترکیبی: برخط + درخواست سازمانی,"N01,N02,N06,N23",GIS/SDI شهرداری یا دهیاری و طرح جامع/تفصیلی؛ مرز محله، قطعه، بنا، کاربری و شبکه معابر + ثبت اداری دستگاه متولی + مرکز آمار ایران؛ سرشماری نفوس و مسکن در سطح بلوک/آبادی و، حسب نیاز، طرح نیروی کار و هزینه–درآمد خانوار,تحلیل شبکه معابر از مرکز جمعیت بلوک تا نزدیک‌ترین خدمت/مقصد تصریح‌شده در عنوان شاخص؛ نرخ پوشش = جمعیتِ درون آستانه خدمت مصوب ÷ کل جمعیت محله ×۱۰۰؛ میانه زمان/فاصله نیز گزارش شود.,baseline_requires_method_owner_approval
PHY-164,physical,کالبدی–زیرساختی,کاربری و دسترسی,5,شبکه‌های نامنظم با عرض کم و نفوذپذیری پایین,4,زیاد,مستقیم (مقدار بیشتر = ظرفیت/وضعیت بهتر),20.0,0.5486968449931412,P3,high,street_connectivity,spatial_statistic,درخواست سازمانی/داده غیرعمومی,N01,GIS/SDI شهرداری یا دهیاری و طرح جامع/تفصیلی؛ مرز محله، قطعه، بنا، کاربری و شبکه معابر,شاخص = میانگین معکوس بن‌بست‌بودن، عرض ناکافی، اندازه بلوک و تراکم تقاطع؛ اجزا به ۰–۱۰۰ نرمال شوند.,baseline_requires_method_owner_approval
PHY-165,physical,کالبدی–زیرساختی,محیط زیست و منایع,1,نسبت ساختمان‌های دارای گواهی کیفیت محیطی,5,بسیار زیاد,مستقیم (مقدار بیشتر = ظرفیت/وضعیت بهتر),10.0,0.6858710562414266,P1,high,generic_ratio,ratio_rate_or_trend,ترکیبی: برخط + درخواست سازمانی,"N02,N06,N23",مرکز آمار ایران؛ سرشماری نفوس و مسکن در سطح بلوک/آبادی و، حسب نیاز، طرح نیروی کار و هزینه–درآمد خانوار + ثبت اداری متولی شاخص,نسبت = مقدار صورت تعریف‌شده ÷ مقدار مخرج تعریف‌شده ×۱۰۰؛ صورت و مخرج باید مربوط به دوره و مرز مکانی یکسان باشند.,baseline_requires_method_owner_approval
PHY-166,physical,کالبدی–زیرساختی,محیط زیست و منایع,2,کل مصرف انرژی,5,بسیار زیاد,معکوس (مقدار بیشتر = وضعیت نامطلوب‌تر),10.0,0.6858710562414266,P2,medium,energy,ratio_rate_or_trend,درخواست سازمانی/داده غیرعمومی,N11,شرکت‌های آبفا، توزیع برق و گاز؛ مشترک فعال، انشعاب، قطعی، مصرف و کیفیت خدمت,مصرف نهایی سالانه برق+گاز با تبدیل به kWh ÷ زیربنا یا جمعیت؛ تغییر درصدی نسبت به خط پایه و شدت انرژی گزارش شود.,baseline_requires_method_owner_approval
PHY-167,physical,کالبدی–زیرساختی,محیط زیست و منایع,3,تراکم مسکن,5,بسیار زیاد,آستانه‌ای/بهینه (فاصله از دامنه معیار سنجیده شود),10.0,0.6858710562414266,P1,high,housing,formula_specific,ترکیبی: برخط + درخواست سازمانی,"N01,N02,N06",مرکز آمار ایران؛ سرشماری نفوس و مسکن در سطح بلوک/آبادی و، حسب نیاز، طرح نیروی کار و هزینه–درآمد خانوار + GIS/SDI شهرداری یا دهیاری و طرح جامع/تفصیلی؛ مرز محله، قطعه، بنا، کاربری و شبکه معابر,تعداد واحد مسکونی ÷ مساحت خالص مسکونی (واحد در هکتار)؛ فاصله از دامنه ظرفیت طرح تفصیلی امتیازدهی شود.,baseline_requires_method_owner_approval
PHY-168,physical,کالبدی–زیرساختی,محیط زیست و منایع,4,ساخص سن ساختمان‌ها,5,بسیار زیاد,مستقیم (مقدار بیشتر = ظرفیت/وضعیت بهتر),10.0,0.6858710562414266,P1,high,fallback,formula_specific,ترکیبی: تولید میدانی + درخواست سازمانی,"N03,N04,N23",پیمایش نمونه‌ای خانوار/کاربر محله با شناسه مکانی و پرسش استاندارد لیکرت ۱ تا ۵ + ممیزی میدانی مکان‌مند و چک‌لیست مشاهده استاندارد؛ مختصات، زمان، وضعیت و عکس کنترل‌شده + ثبت اداری/GIS دستگاه متولی,هر زیرمولفه به ۰–۱۰۰ نرمال شود؛ شاخص مرکب = میانگین وزنی گویه‌های عملیاتی مستقیمِ مفهوم شاخص و داده عینی متناظر. وزن زیرمولفه‌ها در نسخه پایه برابر و سپس با AHP/دلفی محلی کالیبره شود.,baseline_requires_method_owner_approval
PHY-169,physical,کالبدی–زیرساختی,محیط زیست و منایع,5,میزان انتشار گازهای گلخانه‌ای,5,بسیار زیاد,معکوس (مقدار بیشتر = وضعیت نامطلوب‌تر),10.0,0.6858710562414266,P1,high,ghg,ratio_rate_or_trend,ترکیبی: برخط + درخواست سازمانی,"N10,N11,N12",سازمان حفاظت محیط زیست و سامانه پایش کیفی هوا + آزمایشگاه آب/خاک و پایش صدای شهرداری + شرکت برق/گاز و سیاهه حمل‌ونقل,انتشار سالانه CO₂e = مجموع مصرف سوخت/برق×ضریب انتشار + حمل‌ونقل/پسماند؛ تقسیم بر جمعیت و مساحت.,baseline_requires_method_owner_approval
PHY-170,physical,کالبدی–زیرساختی,محیط زیست و منایع,6,استفاده از سیستم بازیافت و تصفیه فاضلاب,5,بسیار زیاد,مستقیم (مقدار بیشتر = ظرفیت/وضعیت بهتر),10.0,0.6858710562414266,P2,medium,wastewater,ratio_rate_or_trend,ترکیبی: تولید میدانی + درخواست سازمانی,"N04,N01,N11",شرکت‌های آبفا، توزیع برق و گاز؛ مشترک فعال، انشعاب، قطعی، مصرف و کیفیت خدمت + GIS/SDI شهرداری یا دهیاری و طرح جامع/تفصیلی؛ مرز محله، قطعه، بنا، کاربری و شبکه معابر + ممیزی میدانی مکان‌مند و چک‌لیست مشاهده استاندارد؛ مختصات، زمان، وضعیت و عکس کنترل‌شده,حجم فاضلاب جمع‌آوری و تصفیه‌شده ÷ فاضلاب برآوردی تولیدشده ×۱۰۰؛ نقاط آب‌گرفتگی/تخلیه غیرمجاز به ازای کیلومتر معبر.,baseline_requires_method_owner_approval
PHY-171,physical,کالبدی–زیرساختی,محیط زیست و منایع,7,تولید و مدیریت پسماند,5,بسیار زیاد,مستقیم (مقدار بیشتر = ظرفیت/وضعیت بهتر),10.0,0.6858710562414266,P2,medium,waste,ratio_rate_or_trend,ترکیبی: برخط + درخواست سازمانی,"N02,N06,N11,N17",سازمان مدیریت پسماند و آبفا؛ مقدار جمع‌آوری/بازیافت، ناوگان، مخزن، تصفیه و تخلیه + مرکز آمار ایران؛ سرشماری نفوس و مسکن در سطح بلوک/آبادی و، حسب نیاز، طرح نیروی کار و هزینه–درآمد خانوار,نرخ جمع‌آوری = پسماند جمع‌آوری‌شده ÷ پسماند برآوردی ×۱۰۰؛ نرخ بازیافت = مواد بازیافتی ÷ کل پسماند ×۱۰۰؛ ناوگان به ازای ۱۰هزار نفر.,baseline_requires_method_owner_approval
PHY-172,physical,کالبدی–زیرساختی,محیط زیست و منایع,8,آلودگی هوا,5,بسیار زیاد,معکوس (مقدار بیشتر = وضعیت نامطلوب‌تر),10.0,0.6858710562414266,P2,medium,air,ratio_rate_or_trend,برخط/باز,N12,سازمان حفاظت محیط زیست و سامانه پایش کیفی هوا + آزمایشگاه آب/خاک و پایش صدای شهرداری,میانگین سالانه و صدک ۹۵ PM2.5/PM10 یا آلاینده غالب، با درون‌یابی مکانی به محله؛ تعداد روزهای عبور از استاندارد نیز ثبت شود.,baseline_requires_method_owner_approval
PHY-173,physical,کالبدی–زیرساختی,محیط زیست و منایع,9,آلودگی صوتی,5,بسیار زیاد,معکوس (مقدار بیشتر = وضعیت نامطلوب‌تر),10.0,0.6858710562414266,P2,medium,noise,ratio_rate_or_trend,تولید میدانی,"N04,N12",سازمان حفاظت محیط زیست و سامانه پایش کیفی هوا + آزمایشگاه آب/خاک و پایش صدای شهرداری + ممیزی میدانی مکان‌مند و چک‌لیست مشاهده استاندارد؛ مختصات، زمان، وضعیت و عکس کنترل‌شده,LAeq روز/شب در نقاط نمونه؛ سهم جمعیت در معرض بیش از آستانه تعیین‌شده = جمعیت بلوک‌های مواجه ÷ کل جمعیت ×۱۰۰.,baseline_requires_method_owner_approval
PHY-174,physical,کالبدی–زیرساختی,محیط زیست و منایع,10,مصرف آب,5,بسیار زیاد,معکوس (مقدار بیشتر = وضعیت نامطلوب‌تر),10.0,0.6858710562414266,P1,high,water,formula_specific,درخواست سازمانی/داده غیرعمومی,N11,شرکت‌های آبفا، توزیع برق و گاز؛ مشترک فعال، انشعاب، قطعی، مصرف و کیفیت خدمت,حجم آب مصرفی ثبت‌شده ÷ جمعیت ÷ تعداد روز (لیتر نفر-روز)؛ تلفات شبکه جداگانه.,baseline_requires_method_owner_approval
PHY-175,physical,کالبدی–زیرساختی,دسترسی به خدمات,1,دسترسی اسان به خدمات بهداشتی، روانی و اجتماعی,5,بسیار زیاد,مستقیم (مقدار بیشتر = ظرفیت/وضعیت بهتر),33.33333333333333,0.6858710562414266,P2,medium,health_access,network_access,درخواست سازمانی/داده غیرعمومی,"N01,N09",شبکه بهداشت/دانشگاه علوم پزشکی، اورژانس و ثبت احوال؛ مکان مرکز، ظرفیت، رخداد و پیامد سلامت + GIS/SDI شهرداری یا دهیاری و طرح جامع/تفصیلی؛ مرز محله، قطعه، بنا، کاربری و شبکه معابر,تحلیل شبکه معابر از مرکز جمعیت بلوک تا نزدیک‌ترین مرکز سلامت/اورژانس متناسب با سطح خدمت؛ نرخ پوشش = جمعیتِ درون ۱۵ دقیقه پیاده یا زمان استاندارد محلی ÷ کل جمعیت محله ×۱۰۰؛ میانه زمان/فاصله نیز گزارش شود.,baseline_requires_method_owner_approval
PHY-176,physical,کالبدی–زیرساختی,دسترسی به خدمات,2,توسعۀ و تقویت شبکۀ ارائه دهندگان خدمات بهداشتی,5,بسیار زیاد,مستقیم (مقدار بیشتر = ظرفیت/وضعیت بهتر),33.33333333333333,0.6858710562414266,P2,medium,health_access,network_access,درخواست سازمانی/داده غیرعمومی,"N01,N09",شبکه بهداشت/دانشگاه علوم پزشکی، اورژانس و ثبت احوال؛ مکان مرکز، ظرفیت، رخداد و پیامد سلامت + GIS/SDI شهرداری یا دهیاری و طرح جامع/تفصیلی؛ مرز محله، قطعه، بنا، کاربری و شبکه معابر,تحلیل شبکه معابر از مرکز جمعیت بلوک تا نزدیک‌ترین مرکز سلامت/اورژانس متناسب با سطح خدمت؛ نرخ پوشش = جمعیتِ درون ۱۵ دقیقه پیاده یا زمان استاندارد محلی ÷ کل جمعیت محله ×۱۰۰؛ میانه زمان/فاصله نیز گزارش شود.,baseline_requires_method_owner_approval
PHY-177,physical,کالبدی–زیرساختی,دسترسی به خدمات,3,استفاده از املاک شهری,5,بسیار زیاد,مستقیم (مقدار بیشتر = ظرفیت/وضعیت بهتر),33.33333333333333,0.6858710562414266,P2,medium,municipal_property,formula_specific,درخواست سازمانی/داده غیرعمومی,N07,شهرداری، سازمان ثبت اسناد/کاداستر و راه‌وشهرسازی؛ مالکیت، قطعه، پروانه، عمر و ارزش ملک + ثبت املاک شهرداری,مساحت املاک شهری فعال و در خدمت عمومی ÷ کل مساحت املاک شهری محله ×۱۰۰.,baseline_requires_method_owner_approval
BEH-001,behavioral,رفتاری–اجتماعی,اجتماعی,1,مراقبت از وسایل بازی پارک,4,زیاد,مستقیم (مقدار بیشتر = ظرفیت/وضعیت بهتر),2.5806451612903225,0.4410143329658214,B4,medium,playground_maintenance,field_audit,ترکیبی: تولید میدانی + درخواست سازمانی,"N04,N15",ممیزی میدانی مکان‌مند و چک‌لیست مشاهده استاندارد؛ مختصات، زمان، وضعیت و عکس کنترل‌شده + سامانه نگهداشت بوستان‌ها,تجهیزات بازی سالم و دارای بازرسی معتبر ÷ کل تجهیزات بازی ×۱۰۰.,baseline_requires_method_owner_approval
BEH-002,behavioral,رفتاری–اجتماعی,اجتماعی,2,استفاده از نظرات در برنامه ریزی شهر,4,زیاد,مستقیم (مقدار بیشتر = ظرفیت/وضعیت بهتر),2.5806451612903225,0.4410143329658214,B4,medium,participatory_planning,formula_specific,درخواست سازمانی/داده غیرعمومی,"N05,N21",شورای محله/روستا، شهرداری/دهیاری، فرمانداری و سامانه سمن‌ها؛ عضویت، جلسه، بودجه، شکایت و پاسخ + اسناد طرح/جلسه,تصمیم‌ها/پروژه‌های دارای فرایند مستند اخذ نظر و پاسخ به بازخورد ÷ کل تصمیم‌ها/پروژه‌های محلی ×۱۰۰.,baseline_requires_method_owner_approval
BEH-003,behavioral,رفتاری–اجتماعی,اجتماعی,3,بازی با بچه‌های همسایه و محله,4,زیاد,مستقیم (مقدار بیشتر = ظرفیت/وضعیت بهتر),2.5806451612903225,0.4410143329658214,B4,medium,social_interaction,survey_or_assessment,تولید میدانی,N03,پیمایش نمونه‌ای خانوار/کاربر محله با شناسه مکانی و پرسش استاندارد لیکرت ۱ تا ۵,کودکانی که حداقل هفته‌ای یک‌بار با همسالان محله بازی می‌کنند ÷ کل کودکان پاسخ‌گو ×۱۰۰.,baseline_requires_method_owner_approval
BEH-004,behavioral,رفتاری–اجتماعی,اجتماعی,4,همکاری در نظافت محله,4,زیاد,مستقیم (مقدار بیشتر = ظرفیت/وضعیت بهتر),2.5806451612903225,0.4410143329658214,B4,medium,audit,field_audit,ترکیبی: تولید میدانی + درخواست سازمانی,"N04,N01",ممیزی میدانی مکان‌مند و چک‌لیست مشاهده استاندارد؛ مختصات، زمان، وضعیت و عکس کنترل‌شده + GIS/SDI شهرداری یا دهیاری و طرح جامع/تفصیلی؛ مرز محله، قطعه، بنا، کاربری و شبکه معابر,واحدهای معبر/فضا منطبق با چک‌لیست استاندارد ÷ کل واحدهای نمونه ×۱۰۰؛ برای کیفیت، امتیاز هر قلم ۰–۲ و مجموع به ۰–۱۰۰ تبدیل شود.,baseline_requires_method_owner_approval
BEH-005,behavioral,رفتاری–اجتماعی,اجتماعی,5,امنیت کودکان در بیرون از منزل,5,بسیار زیاد,مستقیم (مقدار بیشتر = ظرفیت/وضعیت بهتر),3.225806451612903,0.5512679162072767,B4,medium,safety,formula_specific,ترکیبی: تولید میدانی + درخواست سازمانی,"N03,N04,N09,N14",فراجا/کلانتری، آتش‌نشانی و اورژانس؛ رخداد مکان‌مند، زمان پاسخ و نوع حادثه + پیمایش نمونه‌ای خانوار/کاربر محله با شناسه مکانی و پرسش استاندارد لیکرت ۱ تا ۵ + ممیزی میدانی مکان‌مند و چک‌لیست مشاهده استاندارد؛ مختصات، زمان، وضعیت و عکس کنترل‌شده,شاخص امنیت = ۵۰٪ معکوس نرخ رخداد استانداردشده + ۵۰٪ امتیاز ادراک امنیت ۰–۱۰۰؛ روز/شب جدا سنجیده شود.,baseline_requires_method_owner_approval
BEH-006,behavioral,رفتاری–اجتماعی,اجتماعی,6,میزان دوست داشتن شهر توسط کودکان,3,متوسط,مستقیم (مقدار بیشتر = ظرفیت/وضعیت بهتر),1.935483870967742,0.33076074972436603,B4,medium,survey,survey_or_assessment,تولید میدانی,N03,پیمایش نمونه‌ای خانوار/کاربر محله با شناسه مکانی و پرسش استاندارد لیکرت ۱ تا ۵,میانگین وزنی پاسخ به گویه «میزان دوست داشتن شهر توسط کودکان» در مقیاس ۱–۵؛ تبدیل به ۰–۱۰۰: (میانگین−۱)÷۴×۱۰۰. وزن نمونه برحسب جمعیت بلوک اعمال شود.,baseline_requires_method_owner_approval
BEH-007,behavioral,رفتاری–اجتماعی,اجتماعی,7,میزان برآورده شدن نیازهای ساکنین شهر و کودکان توسط شهرداری,4,زیاد,مستقیم (مقدار بیشتر = ظرفیت/وضعیت بهتر),2.5806451612903225,0.4410143329658214,B4,medium,municipal_responsiveness,formula_specific,ترکیبی: تولید میدانی + درخواست سازمانی,"N03,N25",پیمایش نمونه‌ای خانوار/کاربر محله با شناسه مکانی و پرسش استاندارد لیکرت ۱ تا ۵ + سامانه ۱۳۷/شکایات شهرداری,میانگین نرمال‌شده رضایت از برآورده‌شدن نیازها و معکوس نرخ شکایت حل‌نشده؛ خروجی ۰–۱۰۰.,baseline_requires_method_owner_approval
BEH-008,behavioral,رفتاری–اجتماعی,اجتماعی,8,سرمایۀ اجتماعی,5,بسیار زیاد,مستقیم (مقدار بیشتر = ظرفیت/وضعیت بهتر),3.225806451612903,0.5512679162072767,B4,medium,composite,composite,ترکیبی: تولید میدانی + درخواست سازمانی,"N03,N04,N23",پیمایش نمونه‌ای خانوار/کاربر محله با شناسه مکانی و پرسش استاندارد لیکرت ۱ تا ۵ + ممیزی میدانی مکان‌مند و چک‌لیست مشاهده استاندارد؛ مختصات، زمان، وضعیت و عکس کنترل‌شده + ثبت اداری/GIS متولی,هر زیرمولفه به ۰–۱۰۰ نرمال شود؛ شاخص مرکب = میانگین وزنی سنجش عینیِ پوشش/انطباق و سنجش ادراکی مرتبط با عنوان شاخص. وزن زیرمولفه‌ها در نسخه پایه برابر و سپس با AHP/دلفی محلی کالیبره شود.,baseline_requires_method_owner_approval
BEH-009,behavioral,رفتاری–اجتماعی,اجتماعی,9,منزلت اجتماعی,4,زیاد,مستقیم (مقدار بیشتر = ظرفیت/وضعیت بهتر),2.5806451612903225,0.4410143329658214,B4,medium,composite,composite,ترکیبی: تولید میدانی + درخواست سازمانی,"N03,N04,N23",پیمایش نمونه‌ای خانوار/کاربر محله با شناسه مکانی و پرسش استاندارد لیکرت ۱ تا ۵ + ممیزی میدانی مکان‌مند و چک‌لیست مشاهده استاندارد؛ مختصات، زمان، وضعیت و عکس کنترل‌شده + ثبت اداری/GIS متولی,هر زیرمولفه به ۰–۱۰۰ نرمال شود؛ شاخص مرکب = میانگین وزنی سنجش عینیِ پوشش/انطباق و سنجش ادراکی مرتبط با عنوان شاخص. وزن زیرمولفه‌ها در نسخه پایه برابر و سپس با AHP/دلفی محلی کالیبره شود.,baseline_requires_method_owner_approval
BEH-010,behavioral,رفتاری–اجتماعی,اجتماعی,10,امنیت اجتماعی,5,بسیار زیاد,مستقیم (مقدار بیشتر = ظرفیت/وضعیت بهتر),3.225806451612903,0.5512679162072767,B4,medium,safety,formula_specific,ترکیبی: تولید میدانی + درخواست سازمانی,"N03,N04,N09,N14",فراجا/کلانتری، آتش‌نشانی و اورژانس؛ رخداد مکان‌مند، زمان پاسخ و نوع حادثه + پیمایش نمونه‌ای خانوار/کاربر محله با شناسه مکانی و پرسش استاندارد لیکرت ۱ تا ۵ + ممیزی میدانی مکان‌مند و چک‌لیست مشاهده استاندارد؛ مختصات، زمان، وضعیت و عکس کنترل‌شده,شاخص امنیت = ۵۰٪ معکوس نرخ رخداد استانداردشده + ۵۰٪ امتیاز ادراک امنیت ۰–۱۰۰؛ روز/شب جدا سنجیده شود.,baseline_requires_method_owner_approval
BEH-011,behavioral,رفتاری–اجتماعی,اجتماعی,11,تراکم جمعیت,4,زیاد,آستانه‌ای/بهینه (فاصله از دامنه معیار سنجیده شود),2.5806451612903225,0.4410143329658214,B3,high,density,per_capita_or_density,ترکیبی: برخط + درخواست سازمانی,"N01,N02,N06",مرکز آمار ایران؛ سرشماری نفوس و مسکن در سطح بلوک/آبادی و، حسب نیاز، طرح نیروی کار و هزینه–درآمد خانوار + GIS/SDI شهرداری یا دهیاری و طرح جامع/تفصیلی؛ مرز محله، قطعه، بنا، کاربری و شبکه معابر,تراکم خالص/ناخالص = جمعیت ساکن ÷ مساحت بافت مسکونی/کل محله (نفر در هکتار). هر دو مقدار ثبت شود.,baseline_requires_method_owner_approval
BEH-012,behavioral,رفتاری–اجتماعی,اجتماعی,12,درصد مهاجرت,4,زیاد,آستانه‌ای/بهینه (فاصله از دامنه معیار سنجیده شود),2.5806451612903225,0.4410143329658214,B3,high,migration,ratio_rate_or_trend,ترکیبی: برخط + درخواست سازمانی,"N02,N06,N09",مرکز آمار ایران؛ سرشماری نفوس و مسکن در سطح بلوک/آبادی و، حسب نیاز، طرح نیروی کار و هزینه–درآمد خانوار + ثبت احوال/سامانه تغییر نشانی,مهاجران واردشده یا خارج‌شده طی ۵ سال ÷ جمعیت میانه دوره ×۱۰۰؛ ورود و خروج جدا گزارش شود.,baseline_requires_method_owner_approval
BEH-013,behavioral,رفتاری–اجتماعی,اجتماعی,13,درصد جوانی جمعیت,4,زیاد,مستقیم (مقدار بیشتر = ظرفیت/وضعیت بهتر),2.5806451612903225,0.4410143329658214,B3,high,demography,ratio_rate_or_trend,ترکیبی: برخط + درخواست سازمانی,"N02,N06",مرکز آمار ایران؛ سرشماری نفوس و مسکن در سطح بلوک/آبادی و، حسب نیاز، طرح نیروی کار و هزینه–درآمد خانوار,جمعیت ۱۵–۲۹ سال ÷ کل جمعیت محله ×۱۰۰ (دامنه سنی باید در شناسنامه پروژه ثابت بماند).,baseline_requires_method_owner_approval
BEH-014,behavioral,رفتاری–اجتماعی,اجتماعی,14,بعد خانوار,4,زیاد,آستانه‌ای/بهینه (فاصله از دامنه معیار سنجیده شود),2.5806451612903225,0.4410143329658214,B4,medium,demography,ratio_rate_or_trend,ترکیبی: برخط + درخواست سازمانی,"N02,N06",مرکز آمار ایران؛ سرشماری نفوس و مسکن در سطح بلوک/آبادی و، حسب نیاز، طرح نیروی کار و هزینه–درآمد خانوار,جمعیت ساکن در خانوارهای معمولی ÷ تعداد خانوارهای معمولی.,baseline_requires_method_owner_approval
BEH-015,behavioral,رفتاری–اجتماعی,اجتماعی,15,نسبت بی‌سوادی در سطح بلوک‌ها,4,زیاد,معکوس (مقدار بیشتر = وضعیت نامطلوب‌تر),2.5806451612903225,0.4410143329658214,B3,high,education,formula_specific,ترکیبی: برخط + درخواست سازمانی,"N02,N06",مرکز آمار ایران؛ سرشماری نفوس و مسکن در سطح بلوک/آبادی و، حسب نیاز، طرح نیروی کار و هزینه–درآمد خانوار,جمعیت ۶ ساله و بیشترِ بی‌سواد ÷ کل جمعیت ۶ ساله و بیشتر ×۱۰۰.,baseline_requires_method_owner_approval
BEH-016,behavioral,رفتاری–اجتماعی,اجتماعی,16,افزایش خانوارهای مجرد,4,زیاد,مستقیم (مقدار بیشتر = ظرفیت/وضعیت بهتر),2.5806451612903225,0.4410143329658214,B4,medium,demography,ratio_rate_or_trend,ترکیبی: برخط + درخواست سازمانی,"N02,N06",مرکز آمار ایران؛ سرشماری نفوس و مسکن در سطح بلوک/آبادی و، حسب نیاز، طرح نیروی کار و هزینه–درآمد خانوار,خانوارهای تک‌نفره ÷ کل خانوارها ×۱۰۰؛ تغییر نسبت به سرشماری/سال پایه برحسب واحد درصد.,baseline_requires_method_owner_approval
BEH-017,behavioral,رفتاری–اجتماعی,اجتماعی,17,کاهش جمعیت با کاهش رشد جمعیت,4,زیاد,معکوس (مقدار بیشتر = وضعیت نامطلوب‌تر),2.5806451612903225,0.4410143329658214,B3,high,demography,ratio_rate_or_trend,ترکیبی: برخط + درخواست سازمانی,"N02,N06,N09",مرکز آمار ایران؛ سرشماری نفوس و مسکن در سطح بلوک/آبادی و، حسب نیاز، طرح نیروی کار و هزینه–درآمد خانوار + ثبت احوال,نرخ رشد سالانه مرکب جمعیت = [(جمعیت پایان÷جمعیت آغاز)^(۱/سال‌ها)−۱]×۱۰۰.,baseline_requires_method_owner_approval
BEH-018,behavioral,رفتاری–اجتماعی,اجتماعی,18,منزلت اجتماعی بافت‌های میانی,4,زیاد,مستقیم (مقدار بیشتر = ظرفیت/وضعیت بهتر),2.5806451612903225,0.4410143329658214,B4,medium,composite,composite,ترکیبی: تولید میدانی + درخواست سازمانی,"N03,N04,N23",پیمایش نمونه‌ای خانوار/کاربر محله با شناسه مکانی و پرسش استاندارد لیکرت ۱ تا ۵ + ممیزی میدانی مکان‌مند و چک‌لیست مشاهده استاندارد؛ مختصات، زمان، وضعیت و عکس کنترل‌شده + ثبت اداری/GIS متولی,هر زیرمولفه به ۰–۱۰۰ نرمال شود؛ شاخص مرکب = میانگین وزنی سنجش عینیِ پوشش/انطباق و سنجش ادراکی مرتبط با عنوان شاخص. وزن زیرمولفه‌ها در نسخه پایه برابر و سپس با AHP/دلفی محلی کالیبره شود.,baseline_requires_method_owner_approval
BEH-019,behavioral,رفتاری–اجتماعی,اجتماعی,19,حس تعلق ساکنان بافت‌های میانی,4,زیاد,مستقیم (مقدار بیشتر = ظرفیت/وضعیت بهتر),2.5806451612903225,0.4410143329658214,B4,medium,survey,survey_or_assessment,تولید میدانی,N03,پیمایش نمونه‌ای خانوار/کاربر محله با شناسه مکانی و پرسش استاندارد لیکرت ۱ تا ۵,میانگین وزنی پاسخ به گویه «حس تعلق ساکنان بافت‌های میانی» در مقیاس ۱–۵؛ تبدیل به ۰–۱۰۰: (میانگین−۱)÷۴×۱۰۰. وزن نمونه برحسب جمعیت بلوک اعمال شود.,baseline_requires_method_owner_approval
BEH-020,behavioral,رفتاری–اجتماعی,اجتماعی,20,ترجیحات خانوار,3,متوسط,مستقیم (مقدار بیشتر = ظرفیت/وضعیت بهتر),1.935483870967742,0.33076074972436603,B4,medium,survey,survey_or_assessment,تولید میدانی,N03,پیمایش نمونه‌ای خانوار/کاربر محله با شناسه مکانی و پرسش استاندارد لیکرت ۱ تا ۵,میانگین وزنی پاسخ به گویه «ترجیحات خانوار» در مقیاس ۱–۵؛ تبدیل به ۰–۱۰۰: (میانگین−۱)÷۴×۱۰۰. وزن نمونه برحسب جمعیت بلوک اعمال شود.,baseline_requires_method_owner_approval
BEH-021,behavioral,رفتاری–اجتماعی,اجتماعی,21,افزایش نرخ تشکیل خانوار,4,زیاد,آستانه‌ای/بهینه (فاصله از دامنه معیار سنجیده شود),2.5806451612903225,0.4410143329658214,B4,medium,demography,ratio_rate_or_trend,ترکیبی: برخط + درخواست سازمانی,"N02,N06,N09",مرکز آمار ایران؛ سرشماری نفوس و مسکن در سطح بلوک/آبادی و، حسب نیاز، طرح نیروی کار و هزینه–درآمد خانوار + ثبت احوال,تعداد خانوار جدید ثبت‌شده در سال ÷ جمعیت ۱۸–۴۴ سال ×۱۰۰۰؛ روند سه‌ساله گزارش شود.,baseline_requires_method_owner_approval
BEH-022,behavioral,رفتاری–اجتماعی,اجتماعی,22,میزان امنیت تردد و نورپردازی معابر,5,بسیار زیاد,مستقیم (مقدار بیشتر = ظرفیت/وضعیت بهتر),3.225806451612903,0.5512679162072767,B4,medium,safety,formula_specific,ترکیبی: تولید میدانی + درخواست سازمانی,"N03,N04,N09,N14",فراجا/کلانتری، آتش‌نشانی و اورژانس؛ رخداد مکان‌مند، زمان پاسخ و نوع حادثه + پیمایش نمونه‌ای خانوار/کاربر محله با شناسه مکانی و پرسش استاندارد لیکرت ۱ تا ۵ + ممیزی میدانی مکان‌مند و چک‌لیست مشاهده استاندارد؛ مختصات، زمان، وضعیت و عکس کنترل‌شده,شاخص امنیت = ۵۰٪ معکوس نرخ رخداد استانداردشده + ۵۰٪ امتیاز ادراک امنیت ۰–۱۰۰؛ روز/شب جدا سنجیده شود.,baseline_requires_method_owner_approval
BEH-023,behavioral,رفتاری–اجتماعی,اجتماعی,23,نظارت نیروی انتظامی,4,زیاد,مستقیم (مقدار بیشتر = ظرفیت/وضعیت بهتر),2.5806451612903225,0.4410143329658214,B4,medium,police,field_audit,درخواست سازمانی/داده غیرعمومی,"N09,N14",فراجا/کلانتری، آتش‌نشانی و اورژانس؛ رخداد مکان‌مند، زمان پاسخ و نوع حادثه,ساعات گشت و پوشش مکانی ÷ مساحت/جمعیت محله؛ زمان میانه پاسخ به رخداد به‌عنوان کنترل کیفیت.,baseline_requires_method_owner_approval
BEH-024,behavioral,رفتاری–اجتماعی,اجتماعی,24,رضایت از رفتار همسایه و رضایت از همزیستی با ان‌ها,3,متوسط,مستقیم (مقدار بیشتر = ظرفیت/وضعیت بهتر),1.935483870967742,0.33076074972436603,B4,medium,survey,survey_or_assessment,تولید میدانی,N03,پیمایش نمونه‌ای خانوار/کاربر محله با شناسه مکانی و پرسش استاندارد لیکرت ۱ تا ۵,میانگین وزنی پاسخ به گویه «رضایت از رفتار همسایه و رضایت از همزیستی با ان‌ها» در مقیاس ۱–۵؛ تبدیل به ۰–۱۰۰: (میانگین−۱)÷۴×۱۰۰. وزن نمونه برحسب جمعیت بلوک اعمال شود.,baseline_requires_method_owner_approval
BEH-025,behavioral,رفتاری–اجتماعی,اجتماعی,25,تمایل و علاقه به ادامۀ زندگی در محله,3,متوسط,مستقیم (مقدار بیشتر = ظرفیت/وضعیت بهتر),1.935483870967742,0.33076074972436603,B4,medium,survey,survey_or_assessment,تولید میدانی,N03,پیمایش نمونه‌ای خانوار/کاربر محله با شناسه مکانی و پرسش استاندارد لیکرت ۱ تا ۵,میانگین وزنی پاسخ به گویه «تمایل و علاقه به ادامۀ زندگی در محله» در مقیاس ۱–۵؛ تبدیل به ۰–۱۰۰: (میانگین−۱)÷۴×۱۰۰. وزن نمونه برحسب جمعیت بلوک اعمال شود.,baseline_requires_method_owner_approval
BEH-026,behavioral,رفتاری–اجتماعی,اجتماعی,26,ارتباط اهالی محله با شورای شهر و شهرداری و مشارکت در پروژه‌های عمرانی شهرداری,4,زیاد,مستقیم (مقدار بیشتر = ظرفیت/وضعیت بهتر),2.5806451612903225,0.4410143329658214,B4,medium,participation,survey_or_assessment,ترکیبی: تولید میدانی + درخواست سازمانی,"N03,N05,N21",شورای محله/روستا، شهرداری/دهیاری، فرمانداری و سامانه سمن‌ها؛ عضویت، جلسه، بودجه، شکایت و پاسخ + پیمایش نمونه‌ای خانوار/کاربر محله با شناسه مکانی و پرسش استاندارد لیکرت ۱ تا ۵,نرخ مشارکت = افراد واجدشرایط دارای حداقل یک مشارکت مستند در ۱۲ ماه ÷ کل واجدان ×۱۰۰؛ تعداد/دوام تشکل‌ها به ازای ۱۰هزار نفر نیز ثبت شود.,baseline_requires_method_owner_approval
BEH-027,behavioral,رفتاری–اجتماعی,اجتماعی,27,رضایت از خدمات شهرداری در محله,3,متوسط,مستقیم (مقدار بیشتر = ظرفیت/وضعیت بهتر),1.935483870967742,0.33076074972436603,B4,medium,survey,survey_or_assessment,تولید میدانی,N03,پیمایش نمونه‌ای خانوار/کاربر محله با شناسه مکانی و پرسش استاندارد لیکرت ۱ تا ۵,میانگین وزنی پاسخ به گویه «رضایت از خدمات شهرداری در محله» در مقیاس ۱–۵؛ تبدیل به ۰–۱۰۰: (میانگین−۱)÷۴×۱۰۰. وزن نمونه برحسب جمعیت بلوک اعمال شود.,baseline_requires_method_owner_approval
BEH-028,behavioral,رفتاری–اجتماعی,اجتماعی,28,مشارکت داوطلبانه در بهبود وضع,4,زیاد,مستقیم (مقدار بیشتر = ظرفیت/وضعیت بهتر),2.5806451612903225,0.4410143329658214,B4,medium,participation,survey_or_assessment,ترکیبی: تولید میدانی + درخواست سازمانی,"N03,N05,N21",شورای محله/روستا، شهرداری/دهیاری، فرمانداری و سامانه سمن‌ها؛ عضویت، جلسه، بودجه، شکایت و پاسخ + پیمایش نمونه‌ای خانوار/کاربر محله با شناسه مکانی و پرسش استاندارد لیکرت ۱ تا ۵,نرخ مشارکت = افراد واجدشرایط دارای حداقل یک مشارکت مستند در ۱۲ ماه ÷ کل واجدان ×۱۰۰؛ تعداد/دوام تشکل‌ها به ازای ۱۰هزار نفر نیز ثبت شود.,baseline_requires_method_owner_approval
BEH-029,behavioral,رفتاری–اجتماعی,اجتماعی,29,وجود تشکل‌های محلی برای حل مشکلات,4,زیاد,مستقیم (مقدار بیشتر = ظرفیت/وضعیت بهتر),2.5806451612903225,0.4410143329658214,B4,medium,participation,survey_or_assessment,ترکیبی: تولید میدانی + درخواست سازمانی,"N03,N05,N21",شورای محله/روستا، شهرداری/دهیاری، فرمانداری و سامانه سمن‌ها؛ عضویت، جلسه، بودجه، شکایت و پاسخ + پیمایش نمونه‌ای خانوار/کاربر محله با شناسه مکانی و پرسش استاندارد لیکرت ۱ تا ۵,نرخ مشارکت = افراد واجدشرایط دارای حداقل یک مشارکت مستند در ۱۲ ماه ÷ کل واجدان ×۱۰۰؛ تعداد/دوام تشکل‌ها به ازای ۱۰هزار نفر نیز ثبت شود.,baseline_requires_method_owner_approval
BEH-030,behavioral,رفتاری–اجتماعی,اجتماعی,30,تعداد شاغلین,4,زیاد,مستقیم (مقدار بیشتر = ظرفیت/وضعیت بهتر),2.5806451612903225,0.4410143329658214,B4,medium,employment,ratio_rate_or_trend,ترکیبی: برخط + درخواست سازمانی,"N02,N06,N13",مرکز آمار ایران؛ سرشماری نفوس و مسکن در سطح بلوک/آبادی و، حسب نیاز، طرح نیروی کار و هزینه–درآمد خانوار + مرکز آمار، وزارت تعاون/کار، تأمین اجتماعی، امور مالیاتی و ثبت شرکت‌ها؛ شغل، دستمزد، بیمه و بنگاه,شمار افراد شاغل ساکن محله؛ نرخ اشتغال مکمل = شاغلان ÷ جمعیت فعال ×۱۰۰.,baseline_requires_method_owner_approval
BEH-031,behavioral,رفتاری–اجتماعی,اجتماعی,31,تعداد بیکاران,4,زیاد,معکوس (مقدار بیشتر = وضعیت نامطلوب‌تر),2.5806451612903225,0.4410143329658214,B1,high,employment,ratio_rate_or_trend,ترکیبی: برخط + درخواست سازمانی,"N02,N06,N13",مرکز آمار ایران؛ سرشماری نفوس و مسکن در سطح بلوک/آبادی و، حسب نیاز، طرح نیروی کار و هزینه–درآمد خانوار + مرکز آمار، وزارت تعاون/کار، تأمین اجتماعی، امور مالیاتی و ثبت شرکت‌ها؛ شغل، دستمزد، بیمه و بنگاه,نرخ بیکاری = بیکارانِ جویای کار ÷ جمعیت فعال (شاغل+بیکار) ×۱۰۰.,baseline_requires_method_owner_approval
BEH-032,behavioral,رفتاری–اجتماعی,اجتماعی,32,تعداد محصلین,4,زیاد,مستقیم (مقدار بیشتر = ظرفیت/وضعیت بهتر),2.5806451612903225,0.4410143329658214,B4,medium,count,per_capita_or_density,درخواست سازمانی/داده غیرعمومی,"N01,N23",GIS/SDI شهرداری یا دهیاری و طرح جامع/تفصیلی؛ مرز محله، قطعه، بنا، کاربری و شبکه معابر + ثبت اداری متولی,شمار واحدهای فعال داخل مرز محله؛ برای مقایسه، تعداد ÷ جمعیت ×۱۰٬۰۰۰ و ظرفیت/کیفیت نیز ثبت شود.,baseline_requires_method_owner_approval
BEH-033,behavioral,رفتاری–اجتماعی,اجتماعی,33,تعداد خانوار,4,زیاد,مستقیم (مقدار بیشتر = ظرفیت/وضعیت بهتر),2.5806451612903225,0.4410143329658214,B4,medium,count,per_capita_or_density,درخواست سازمانی/داده غیرعمومی,"N01,N23",GIS/SDI شهرداری یا دهیاری و طرح جامع/تفصیلی؛ مرز محله، قطعه، بنا، کاربری و شبکه معابر + ثبت اداری متولی,شمار واحدهای فعال داخل مرز محله؛ برای مقایسه، تعداد ÷ جمعیت ×۱۰٬۰۰۰ و ظرفیت/کیفیت نیز ثبت شود.,baseline_requires_method_owner_approval
BEH-034,behavioral,رفتاری–اجتماعی,اجتماعی,34,درصد سواد,4,زیاد,مستقیم (مقدار بیشتر = ظرفیت/وضعیت بهتر),2.5806451612903225,0.4410143329658214,B3,high,education,formula_specific,ترکیبی: برخط + درخواست سازمانی,"N02,N06",مرکز آمار ایران؛ سرشماری نفوس و مسکن در سطح بلوک/آبادی و، حسب نیاز، طرح نیروی کار و هزینه–درآمد خانوار,جمعیت ۶ ساله و بیشترِ باسواد ÷ کل جمعیت ۶ ساله و بیشتر ×۱۰۰؛ برای زنان جداگانه نیز محاسبه شود.,baseline_requires_method_owner_approval
BEH-035,behavioral,رفتاری–اجتماعی,اجتماعی,35,نسبت مسکن در منطقه,4,زیاد,مستقیم (مقدار بیشتر = ظرفیت/وضعیت بهتر),2.5806451612903225,0.4410143329658214,B4,medium,housing,formula_specific,ترکیبی: برخط + درخواست سازمانی,"N01,N02,N06",مرکز آمار ایران؛ سرشماری نفوس و مسکن در سطح بلوک/آبادی و، حسب نیاز، طرح نیروی کار و هزینه–درآمد خانوار + GIS/SDI شهرداری یا دهیاری و طرح جامع/تفصیلی؛ مرز محله، قطعه، بنا، کاربری و شبکه معابر,تعداد واحدهای مسکونی محله ÷ کل واحدهای مسکونی محدوده مرجع ×۱۰۰.,baseline_requires_method_owner_approval
BEH-036,behavioral,رفتاری–اجتماعی,اجتماعی,36,ادغام فضاهای عمومی و منطر خیابان,4,زیاد,مستقیم (مقدار بیشتر = ظرفیت/وضعیت بهتر),2.5806451612903225,0.4410143329658214,B4,medium,public_realm,field_audit,ترکیبی: تولید میدانی + درخواست سازمانی,"N04,N01",GIS/SDI شهرداری یا دهیاری و طرح جامع/تفصیلی؛ مرز محله، قطعه، بنا، کاربری و شبکه معابر + ممیزی میدانی مکان‌مند و چک‌لیست مشاهده استاندارد؛ مختصات، زمان، وضعیت و عکس کنترل‌شده,طول جبهه‌های فعال و پیوسته به فضای عمومی ÷ کل طول جبهه خیابان ×۱۰۰؛ نفوذپذیری و کیفیت منظر کنترل شود.,baseline_requires_method_owner_approval
BEH-037,behavioral,رفتاری–اجتماعی,اجتماعی,37,دسترسی به خدمات,4,زیاد,مستقیم (مقدار بیشتر = ظرفیت/وضعیت بهتر),2.5806451612903225,0.4410143329658214,B4,medium,access,network_access,ترکیبی: برخط + درخواست سازمانی,"N01,N02,N06,N23",GIS/SDI شهرداری یا دهیاری و طرح جامع/تفصیلی؛ مرز محله، قطعه، بنا، کاربری و شبکه معابر + ثبت اداری دستگاه متولی + مرکز آمار ایران؛ سرشماری نفوس و مسکن در سطح بلوک/آبادی و، حسب نیاز، طرح نیروی کار و هزینه–درآمد خانوار,تحلیل شبکه معابر از مرکز جمعیت بلوک تا نزدیک‌ترین خدمت/مقصد تصریح‌شده در عنوان شاخص؛ نرخ پوشش = جمعیتِ درون آستانه خدمت مصوب ÷ کل جمعیت محله ×۱۰۰؛ میانه زمان/فاصله نیز گزارش شود.,baseline_requires_method_owner_approval
BEH-038,behavioral,رفتاری–اجتماعی,اجتماعی,38,تشویق سبک زندگی سالم,4,زیاد,مستقیم (مقدار بیشتر = ظرفیت/وضعیت بهتر),2.5806451612903225,0.4410143329658214,B3,high,healthy_lifestyle,formula_specific,ترکیبی: تولید میدانی + درخواست سازمانی,"N03,N01,N09",شبکه بهداشت/دانشگاه علوم پزشکی، اورژانس و ثبت احوال؛ مکان مرکز، ظرفیت، رخداد و پیامد سلامت + پیمایش نمونه‌ای خانوار/کاربر محله با شناسه مکانی و پرسش استاندارد لیکرت ۱ تا ۵ + GIS/SDI شهرداری یا دهیاری و طرح جامع/تفصیلی؛ مرز محله، قطعه، بنا، کاربری و شبکه معابر,سهم جمعیت دارای فعالیت بدنی کافی و دسترسی به زیرساخت سلامت‌محور؛ میانگین نرمال‌شده دو جزء.,baseline_requires_method_owner_approval
BEH-039,behavioral,رفتاری–اجتماعی,اجتماعی,39,تضمین فضاهای بیرونی و داخلی سالم,4,زیاد,مستقیم (مقدار بیشتر = ظرفیت/وضعیت بهتر),2.5806451612903225,0.4410143329658214,B4,medium,audit,field_audit,ترکیبی: تولید میدانی + درخواست سازمانی,"N04,N01",ممیزی میدانی مکان‌مند و چک‌لیست مشاهده استاندارد؛ مختصات، زمان، وضعیت و عکس کنترل‌شده + GIS/SDI شهرداری یا دهیاری و طرح جامع/تفصیلی؛ مرز محله، قطعه، بنا، کاربری و شبکه معابر,واحدهای معبر/فضا منطبق با چک‌لیست استاندارد ÷ کل واحدهای نمونه ×۱۰۰؛ برای کیفیت، امتیاز هر قلم ۰–۲ و مجموع به ۰–۱۰۰ تبدیل شود.,baseline_requires_method_owner_approval
BEH-040,behavioral,رفتاری–اجتماعی,فرهنگی,1,میزان برخورداری از امکانات ورزشی لازم برای کودکان و نوجوانان,3,متوسط,مستقیم (مقدار بیشتر = ظرفیت/وضعیت بهتر),30.0,0.33076074972436603,B3,high,culture,formula_specific,ترکیبی: برخط + درخواست سازمانی,"N01,N02,N06,N15",ادارات فرهنگ‌وارشاد، ورزش، میراث فرهنگی و اوقاف؛ مکان، مساحت، ظرفیت و برنامه مراکز + GIS/SDI شهرداری یا دهیاری و طرح جامع/تفصیلی؛ مرز محله، قطعه، بنا، کاربری و شبکه معابر + مرکز آمار ایران؛ سرشماری نفوس و مسکن در سطح بلوک/آبادی و، حسب نیاز، طرح نیروی کار و هزینه–درآمد خانوار,ظرفیت/مساحت فعال به ازای ۱۰۰۰ نفر + درصد جمعیت در ۱۵ دقیقه پیاده؛ شاخص نهایی میانگین نرمال‌شده دسترسی و ظرفیت.,baseline_requires_method_owner_approval
BEH-041,behavioral,رفتاری–اجتماعی,فرهنگی,2,میزان رضایت از امکانات بازی و سرگرمی در فضاهای شهری,2,کم,مستقیم (مقدار بیشتر = ظرفیت/وضعیت بهتر),20.0,0.2205071664829107,B4,medium,survey,survey_or_assessment,تولید میدانی,N03,پیمایش نمونه‌ای خانوار/کاربر محله با شناسه مکانی و پرسش استاندارد لیکرت ۱ تا ۵,میانگین وزنی پاسخ به گویه «میزان رضایت از امکانات بازی و سرگرمی در فضاهای شهری» در مقیاس ۱–۵؛ تبدیل به ۰–۱۰۰: (میانگین−۱)÷۴×۱۰۰. وزن نمونه برحسب جمعیت بلوک اعمال شود.,baseline_requires_method_owner_approval
BEH-042,behavioral,رفتاری–اجتماعی,فرهنگی,3,وجود امکانات اوقات فراغت برای کودکان در شهر,3,متوسط,مستقیم (مقدار بیشتر = ظرفیت/وضعیت بهتر),30.0,0.33076074972436603,B4,medium,culture,formula_specific,ترکیبی: برخط + درخواست سازمانی,"N01,N02,N06,N15",ادارات فرهنگ‌وارشاد، ورزش، میراث فرهنگی و اوقاف؛ مکان، مساحت، ظرفیت و برنامه مراکز + GIS/SDI شهرداری یا دهیاری و طرح جامع/تفصیلی؛ مرز محله، قطعه، بنا، کاربری و شبکه معابر + مرکز آمار ایران؛ سرشماری نفوس و مسکن در سطح بلوک/آبادی و، حسب نیاز، طرح نیروی کار و هزینه–درآمد خانوار,ظرفیت/مساحت فعال به ازای ۱۰۰۰ نفر + درصد جمعیت در ۱۵ دقیقه پیاده؛ شاخص نهایی میانگین نرمال‌شده دسترسی و ظرفیت.,baseline_requires_method_owner_approval
BEH-043,behavioral,رفتاری–اجتماعی,فرهنگی,4,موافقت کودکان با تاسیس سینما، تئاتر و کتابخانه مخصوص کودکان در شهر,2,کم,مستقیم (مقدار بیشتر = ظرفیت/وضعیت بهتر),20.0,0.2205071664829107,B4,medium,survey,survey_or_assessment,تولید میدانی,N03,پیمایش نمونه‌ای خانوار/کاربر محله با شناسه مکانی و پرسش استاندارد لیکرت ۱ تا ۵,میانگین وزنی پاسخ به گویه «موافقت کودکان با تاسیس سینما، تئاتر و کتابخانه مخصوص کودکان در شهر» در مقیاس ۱–۵؛ تبدیل به ۰–۱۰۰: (میانگین−۱)÷۴×۱۰۰. وزن نمونه برحسب جمعیت بلوک اعمال شود.,baseline_requires_method_owner_approval
BEH-044,behavioral,رفتاری–اجتماعی,اقتصادی,1,مالکیت,5,بسیار زیاد,آستانه‌ای/بهینه (فاصله از دامنه معیار سنجیده شود),3.4965034965034967,0.5512679162072767,B4,medium,tenure,ratio_rate_or_trend,ترکیبی: برخط + درخواست سازمانی,"N02,N06,N07",شهرداری، سازمان ثبت اسناد/کاداستر و راه‌وشهرسازی؛ مالکیت، قطعه، پروانه، عمر و ارزش ملک + مرکز آمار ایران؛ سرشماری نفوس و مسکن در سطح بلوک/آبادی و، حسب نیاز، طرح نیروی کار و هزینه–درآمد خانوار,درصد = تعداد/مساحت واحد/قطعه دارای وضعیت مالکیت موردنظر ÷ کل کل واحد/قطعه‌های مسکونی محله ×۱۰۰.,baseline_requires_method_owner_approval
BEH-045,behavioral,رفتاری–اجتماعی,اقتصادی,2,سرمایه گذاری,5,بسیار زیاد,مستقیم (مقدار بیشتر = ظرفیت/وضعیت بهتر),3.4965034965034967,0.5512679162072767,B2,high,business,formula_specific,درخواست سازمانی/داده غیرعمومی,"N06,N13,N22",اتحادیه‌های صنفی، صمت، جهاد کشاورزی، ثبت شرکت/برند و پیمایش بنگاه؛ تولید، فروش، فناوری و بازار + شهرداری/بانک‌ها,ارزش سرمایه‌گذاری جدید تحقق‌یافته سالانه ÷ جمعیت یا ÷ موجودی سرمایه محله؛ مقادیر به قیمت ثابت.,baseline_requires_method_owner_approval
BEH-046,behavioral,رفتاری–اجتماعی,اقتصادی,3,اشتغال و درآمد,5,بسیار زیاد,مستقیم (مقدار بیشتر = ظرفیت/وضعیت بهتر),3.4965034965034967,0.5512679162072767,B1,high,economic_composite,composite,ترکیبی: برخط + درخواست سازمانی,"N02,N06,N13",مرکز آمار ایران؛ سرشماری نفوس و مسکن در سطح بلوک/آبادی و، حسب نیاز، طرح نیروی کار و هزینه–درآمد خانوار + مرکز آمار، وزارت تعاون/کار، تأمین اجتماعی، امور مالیاتی و ثبت شرکت‌ها؛ شغل، دستمزد، بیمه و بنگاه,هر زیرمولفه به ۰–۱۰۰ نرمال شود؛ شاخص مرکب = میانگین وزنی نرخ اشتغال، میانه درآمد واقعی، ثبات شغلی و پوشش بیمه. وزن زیرمولفه‌ها در نسخه پایه برابر و سپس با AHP/دلفی محلی کالیبره شود.,baseline_requires_method_owner_approval
BEH-047,behavioral,رفتاری–اجتماعی,اقتصادی,4,بار تکفل خالص,5,بسیار زیاد,مستقیم (مقدار بیشتر = ظرفیت/وضعیت بهتر),3.4965034965034967,0.5512679162072767,B1,high,demography,ratio_rate_or_trend,ترکیبی: برخط + درخواست سازمانی,"N02,N06,N13",مرکز آمار ایران؛ سرشماری نفوس و مسکن در سطح بلوک/آبادی و، حسب نیاز، طرح نیروی کار و هزینه–درآمد خانوار + مرکز آمار، وزارت تعاون/کار، تأمین اجتماعی، امور مالیاتی و ثبت شرکت‌ها؛ شغل، دستمزد، بیمه و بنگاه,جمعیت غیرشاغل ÷ جمعیت شاغل ×۱۰۰؛ در صورت استفاده از تعریف سنی، تعریف نسبت وابستگی جداگانه ثبت شود.,baseline_requires_method_owner_approval
BEH-048,behavioral,رفتاری–اجتماعی,اقتصادی,5,جمعیت بیکار,5,بسیار زیاد,معکوس (مقدار بیشتر = وضعیت نامطلوب‌تر),3.4965034965034967,0.5512679162072767,B1,high,employment,ratio_rate_or_trend,ترکیبی: برخط + درخواست سازمانی,"N02,N06,N13",مرکز آمار ایران؛ سرشماری نفوس و مسکن در سطح بلوک/آبادی و، حسب نیاز، طرح نیروی کار و هزینه–درآمد خانوار + مرکز آمار، وزارت تعاون/کار، تأمین اجتماعی، امور مالیاتی و ثبت شرکت‌ها؛ شغل، دستمزد، بیمه و بنگاه,نرخ بیکاری = بیکارانِ جویای کار ÷ جمعیت فعال (شاغل+بیکار) ×۱۰۰.,baseline_requires_method_owner_approval
BEH-049,behavioral,رفتاری–اجتماعی,اقتصادی,6,خانه‌های استیجاری,5,بسیار زیاد,مستقیم (مقدار بیشتر = ظرفیت/وضعیت بهتر),3.4965034965034967,0.5512679162072767,B4,medium,tenure,ratio_rate_or_trend,ترکیبی: برخط + درخواست سازمانی,"N02,N06,N07",مرکز آمار ایران؛ سرشماری نفوس و مسکن در سطح بلوک/آبادی و، حسب نیاز، طرح نیروی کار و هزینه–درآمد خانوار + شهرداری، سازمان ثبت اسناد/کاداستر و راه‌وشهرسازی؛ مالکیت، قطعه، پروانه، عمر و ارزش ملک,واحدهای مسکونی استیجاری ÷ کل واحدهای مسکونی اشغال‌شده ×۱۰۰.,baseline_requires_method_owner_approval
BEH-050,behavioral,رفتاری–اجتماعی,اقتصادی,7,درصد کارگران ساده,5,بسیار زیاد,مستقیم (مقدار بیشتر = ظرفیت/وضعیت بهتر),3.4965034965034967,0.5512679162072767,B1,high,employment,ratio_rate_or_trend,ترکیبی: برخط + درخواست سازمانی,"N02,N06,N13",مرکز آمار ایران؛ سرشماری نفوس و مسکن در سطح بلوک/آبادی و، حسب نیاز، طرح نیروی کار و هزینه–درآمد خانوار + مرکز آمار، وزارت تعاون/کار، تأمین اجتماعی، امور مالیاتی و ثبت شرکت‌ها؛ شغل، دستمزد، بیمه و بنگاه,شاغلان گروه شغلی «کارگر ساده» ÷ کل شاغلان ×۱۰۰.,baseline_requires_method_owner_approval
BEH-051,behavioral,رفتاری–اجتماعی,اقتصادی,8,درصد خانوارهای دارای خودروی شخصی,5,بسیار زیاد,مستقیم (مقدار بیشتر = ظرفیت/وضعیت بهتر),3.4965034965034967,0.5512679162072767,B4,medium,generic_percent,ratio_rate_or_trend,ترکیبی: برخط + درخواست سازمانی,"N02,N06,N23",مرکز آمار ایران؛ سرشماری نفوس و مسکن در سطح بلوک/آبادی و، حسب نیاز، طرح نیروی کار و هزینه–درآمد خانوار + ثبت اداری متولی شاخص,درصد = تعداد/مساحت واحدهای واجد ویژگی تصریح‌شده ÷ کل کل واحدهای واجدشرایط محله ×۱۰۰.,baseline_requires_method_owner_approval
BEH-052,behavioral,رفتاری–اجتماعی,اقتصادی,9,قیمت زمین,5,بسیار زیاد,آستانه‌ای/بهینه (فاصله از دامنه معیار سنجیده شود),3.4965034965034967,0.5512679162072767,B4,medium,land,spatial_statistic,درخواست سازمانی/داده غیرعمومی,N07,شهرداری، سازمان ثبت اسناد/کاداستر و راه‌وشهرسازی؛ مالکیت، قطعه، پروانه، عمر و ارزش ملک + معاملات ثبت‌شده املاک,میانه قیمت واقعی هر مترمربع زمین/مسکن در ۱۲ ماه؛ برای استطاعت، قیمت واحد معیار ÷ درآمد سالانه خانوار.,baseline_requires_method_owner_approval
BEH-053,behavioral,رفتاری–اجتماعی,اقتصادی,10,هزینۀ حمل و نقل به مرکز شهر,5,بسیار زیاد,مستقیم (مقدار بیشتر = ظرفیت/وضعیت بهتر),3.4965034965034967,0.5512679162072767,B4,medium,income,ratio_rate_or_trend,ترکیبی: تولید میدانی + درخواست سازمانی,"N03,N10",پیمایش نمونه‌ای خانوار/کاربر محله با شناسه مکانی و پرسش استاندارد لیکرت ۱ تا ۵ + سازمان حمل‌ونقل و ترافیک/اتوبوسرانی؛ مسیر، ایستگاه، فراوانی سرویس، زمان سفر و پارکینگ,هزینه ماهانه رفت‌وآمد به مرکز اصلی خدمت/اشتغال ÷ درآمد قابل‌تصرف خانوار ×۱۰۰.,baseline_requires_method_owner_approval
BEH-054,behavioral,رفتاری–اجتماعی,اقتصادی,11,کمبود یا فقدان مسکن قابل استطاعت,5,بسیار زیاد,معکوس (مقدار بیشتر = وضعیت نامطلوب‌تر),3.4965034965034967,0.5512679162072767,B4,medium,housing_affordability,formula_specific,ترکیبی: برخط + درخواست سازمانی,"N02,N06,N07",مرکز آمار ایران؛ سرشماری نفوس و مسکن در سطح بلوک/آبادی و، حسب نیاز، طرح نیروی کار و هزینه–درآمد خانوار + معاملات/اجاره ثبت‌شده,سهم خانوار با هزینه مسکن بیش از ۳۰٪ درآمد؛ برای امتیاز مثبت، ۱۰۰ منهای این سهم.,baseline_requires_method_owner_approval
BEH-055,behavioral,رفتاری–اجتماعی,اقتصادی,12,توسعه صنعت یا رکود صنایع,5,بسیار زیاد,مستقیم (مقدار بیشتر = ظرفیت/وضعیت بهتر),3.4965034965034967,0.5512679162072767,B4,medium,business,formula_specific,ترکیبی: برخط + درخواست سازمانی,"N02,N06,N13",اتحادیه‌های صنفی، صمت، جهاد کشاورزی، ثبت شرکت/برند و پیمایش بنگاه؛ تولید، فروش، فناوری و بازار + مرکز آمار، وزارت تعاون/کار، تأمین اجتماعی، امور مالیاتی و ثبت شرکت‌ها؛ شغل، دستمزد، بیمه و بنگاه,هر زیرمولفه به ۰–۱۰۰ نرمال شود؛ شاخص مرکب = میانگین وزنی نرخ بنگاه فعال، رشد اشتغال، فروش واقعی و دسترسی بازار مرتبط با موضوع. وزن زیرمولفه‌ها در نسخه پایه برابر و سپس با AHP/دلفی محلی کالیبره شود.,baseline_requires_method_owner_approval
BEH-056,behavioral,رفتاری–اجتماعی,اقتصادی,13,رضایت سرپرست خانواده از درآمد و نزدیکی به محل کار,4,زیاد,مستقیم (مقدار بیشتر = ظرفیت/وضعیت بهتر),2.797202797202797,0.4410143329658214,B1,high,survey,survey_or_assessment,تولید میدانی,N03,پیمایش نمونه‌ای خانوار/کاربر محله با شناسه مکانی و پرسش استاندارد لیکرت ۱ تا ۵,میانگین وزنی پاسخ به گویه «رضایت سرپرست خانواده از درآمد و نزدیکی به محل کار» در مقیاس ۱–۵؛ تبدیل به ۰–۱۰۰: (میانگین−۱)÷۴×۱۰۰. وزن نمونه برحسب جمعیت بلوک اعمال شود.,baseline_requires_method_owner_approval
BEH-057,behavioral,رفتاری–اجتماعی,اقتصادی,14,قدرت خرید نیازهای روزمره زندگی و سایر هزینه‌ها,5,بسیار زیاد,مستقیم (مقدار بیشتر = ظرفیت/وضعیت بهتر),3.4965034965034967,0.5512679162072767,B1,high,income,ratio_rate_or_trend,ترکیبی: برخط + درخواست سازمانی,"N02,N06",مرکز آمار ایران؛ سرشماری نفوس و مسکن در سطح بلوک/آبادی و، حسب نیاز، طرح نیروی کار و هزینه–درآمد خانوار + پیمایش هزینه–درآمد محلی,درآمد قابل‌تصرف واقعی ÷ هزینه سبد استاندارد نیازهای پایه؛ مقدار ۱ مرز کفایت است.,baseline_requires_method_owner_approval
BEH-058,behavioral,رفتاری–اجتماعی,اقتصادی,15,توانایی پس انداز,5,بسیار زیاد,مستقیم (مقدار بیشتر = ظرفیت/وضعیت بهتر),3.4965034965034967,0.5512679162072767,B1,high,income,ratio_rate_or_trend,ترکیبی: برخط + درخواست سازمانی,"N02,N06",مرکز آمار ایران؛ سرشماری نفوس و مسکن در سطح بلوک/آبادی و، حسب نیاز، طرح نیروی کار و هزینه–درآمد خانوار + پیمایش هزینه–درآمد محلی,(درآمد قابل‌تصرف−هزینه مصرفی) ÷ درآمد قابل‌تصرف ×۱۰۰.,baseline_requires_method_owner_approval
BEH-059,behavioral,رفتاری–اجتماعی,اقتصادی,16,توانایی راه اندازی کسب و کار در محله و استقبال اهالی از خرید و فروش در محله,5,بسیار زیاد,مستقیم (مقدار بیشتر = ظرفیت/وضعیت بهتر),3.4965034965034967,0.5512679162072767,B2,high,survey,survey_or_assessment,تولید میدانی,N03,پیمایش نمونه‌ای خانوار/کاربر محله با شناسه مکانی و پرسش استاندارد لیکرت ۱ تا ۵,میانگین وزنی پاسخ به گویه «توانایی راه اندازی کسب و کار در محله و استقبال اهالی از خرید و فروش در محله» در مقیاس ۱–۵؛ تبدیل به ۰–۱۰۰: (میانگین−۱)÷۴×۱۰۰. وزن نمونه برحسب جمعیت بلوک اعمال شود.,baseline_requires_method_owner_approval
BEH-060,behavioral,رفتاری–اجتماعی,اقتصادی,17,برگزاری بازارهای هفتگی محله‌ای,5,بسیار زیاد,مستقیم (مقدار بیشتر = ظرفیت/وضعیت بهتر),3.4965034965034967,0.5512679162072767,B2,high,local_market,formula_specific,درخواست سازمانی/داده غیرعمومی,"N01,N06,N13",اتحادیه‌های صنفی، صمت، جهاد کشاورزی، ثبت شرکت/برند و پیمایش بنگاه؛ تولید، فروش، فناوری و بازار + GIS/SDI شهرداری یا دهیاری و طرح جامع/تفصیلی؛ مرز محله، قطعه، بنا، کاربری و شبکه معابر,تعداد نوبت بازار فعال در ماه به ازای ۱۰هزار نفر + سهم جمعیت در ۱۵ دقیقه دسترسی؛ ترکیب نرمال‌شده.,baseline_requires_method_owner_approval
BEH-061,behavioral,رفتاری–اجتماعی,اقتصادی,18,توانایی تعمیر و نوسازی مسکن,5,بسیار زیاد,مستقیم (مقدار بیشتر = ظرفیت/وضعیت بهتر),3.4965034965034967,0.5512679162072767,B4,medium,housing_finance,formula_specific,ترکیبی: تولید میدانی + درخواست سازمانی,"N03,N22",پیمایش نمونه‌ای خانوار/کاربر محله با شناسه مکانی و پرسش استاندارد لیکرت ۱ تا ۵ + درآمد/تسهیلات بانکی,خانوارهای قادر به تأمین هزینه تعمیر ضروری بدون استقراض پرریسک ÷ کل خانوارهای نیازمند ×۱۰۰.,baseline_requires_method_owner_approval
BEH-062,behavioral,رفتاری–اجتماعی,اقتصادی,19,توانایی پرداخت اقساط بانکی,5,بسیار زیاد,مستقیم (مقدار بیشتر = ظرفیت/وضعیت بهتر),3.4965034965034967,0.5512679162072767,B4,medium,income,ratio_rate_or_trend,ترکیبی: تولید میدانی + درخواست سازمانی,"N03,N22",پیمایش نمونه‌ای خانوار/کاربر محله با شناسه مکانی و پرسش استاندارد لیکرت ۱ تا ۵ + داده تسهیلات بانکی تجمیع‌شده,نسبت خدمت بدهی = مجموع اقساط ماهانه ÷ درآمد قابل‌تصرف ماهانه ×۱۰۰؛ سهم خانوارهای بالاتر از ۴۰٪ گزارش شود.,baseline_requires_method_owner_approval
BEH-063,behavioral,رفتاری–اجتماعی,اقتصادی,20,ارزش نسبی پایین زمین و مسکن,5,بسیار زیاد,مستقیم (مقدار بیشتر = ظرفیت/وضعیت بهتر),3.4965034965034967,0.5512679162072767,B4,medium,land,spatial_statistic,درخواست سازمانی/داده غیرعمومی,N07,شهرداری، سازمان ثبت اسناد/کاداستر و راه‌وشهرسازی؛ مالکیت، قطعه، پروانه، عمر و ارزش ملک + معاملات ثبت‌شده املاک,میانه قیمت واقعی هر مترمربع زمین/مسکن در ۱۲ ماه؛ برای استطاعت، قیمت واحد معیار ÷ درآمد سالانه خانوار.,baseline_requires_method_owner_approval
BEH-064,behavioral,رفتاری–اجتماعی,اقتصادی,21,عدم تمایل به بهبود بخشیدن به وضعیت مسکن به سبب فقر,4,زیاد,معکوس (مقدار بیشتر = وضعیت نامطلوب‌تر),2.797202797202797,0.4410143329658214,B4,medium,survey,survey_or_assessment,تولید میدانی,N03,پیمایش نمونه‌ای خانوار/کاربر محله با شناسه مکانی و پرسش استاندارد لیکرت ۱ تا ۵,میانگین وزنی پاسخ به گویه «عدم تمایل به بهبود بخشیدن به وضعیت مسکن به سبب فقر» در مقیاس ۱–۵؛ تبدیل به ۰–۱۰۰: (میانگین−۱)÷۴×۱۰۰. وزن نمونه برحسب جمعیت بلوک اعمال شود.,baseline_requires_method_owner_approval
BEH-065,behavioral,رفتاری–اجتماعی,اقتصادی,22,فقدان منابع درآمدی معلوم ساکنین,5,بسیار زیاد,معکوس (مقدار بیشتر = وضعیت نامطلوب‌تر),3.4965034965034967,0.5512679162072767,B1,high,business,formula_specific,ترکیبی: برخط + درخواست سازمانی,"N02,N06,N13",اتحادیه‌های صنفی، صمت، جهاد کشاورزی، ثبت شرکت/برند و پیمایش بنگاه؛ تولید، فروش، فناوری و بازار + مرکز آمار، وزارت تعاون/کار، تأمین اجتماعی، امور مالیاتی و ثبت شرکت‌ها؛ شغل، دستمزد، بیمه و بنگاه,هر زیرمولفه به ۰–۱۰۰ نرمال شود؛ شاخص مرکب = میانگین وزنی نرخ بنگاه فعال، رشد اشتغال، فروش واقعی و دسترسی بازار مرتبط با موضوع. وزن زیرمولفه‌ها در نسخه پایه برابر و سپس با AHP/دلفی محلی کالیبره شود.,baseline_requires_method_owner_approval
BEH-066,behavioral,رفتاری–اجتماعی,اقتصادی,23,مکان گزینی دهک‌های پایین درآمدی,5,بسیار زیاد,مستقیم (مقدار بیشتر = ظرفیت/وضعیت بهتر),3.4965034965034967,0.5512679162072767,B1,high,poverty_concentration,formula_specific,ترکیبی: برخط + درخواست سازمانی,"N01,N02,N06",مرکز آمار ایران؛ سرشماری نفوس و مسکن در سطح بلوک/آبادی و، حسب نیاز، طرح نیروی کار و هزینه–درآمد خانوار + داده فقر/یارانه تجمیع‌شده + GIS/SDI شهرداری یا دهیاری و طرح جامع/تفصیلی؛ مرز محله، قطعه، بنا، کاربری و شبکه معابر,خانوارهای سه دهک پایین ÷ کل خانوارهای محله ×۱۰۰؛ خودهمبستگی فضایی برای تمرکز فقر نیز محاسبه شود.,baseline_requires_method_owner_approval
BEH-067,behavioral,رفتاری–اجتماعی,اقتصادی,24,عدم سرمایه گذاری بخش خصوصی در این بافت‌ها,5,بسیار زیاد,معکوس (مقدار بیشتر = وضعیت نامطلوب‌تر),3.4965034965034967,0.5512679162072767,B2,high,business,formula_specific,درخواست سازمانی/داده غیرعمومی,"N06,N13,N22",اتحادیه‌های صنفی، صمت، جهاد کشاورزی، ثبت شرکت/برند و پیمایش بنگاه؛ تولید، فروش، فناوری و بازار + شهرداری/بانک‌ها,ارزش سرمایه‌گذاری جدید تحقق‌یافته سالانه ÷ جمعیت یا ÷ موجودی سرمایه محله؛ مقادیر به قیمت ثابت.,baseline_requires_method_owner_approval
BEH-068,behavioral,رفتاری–اجتماعی,اقتصادی,25,نوع فعالیت‌های رایج در این بافت‌ها,5,بسیار زیاد,آستانه‌ای/بهینه (فاصله از دامنه معیار سنجیده شود),3.4965034965034967,0.5512679162072767,B4,medium,business,formula_specific,ترکیبی: برخط + درخواست سازمانی,"N02,N06,N13",اتحادیه‌های صنفی، صمت، جهاد کشاورزی، ثبت شرکت/برند و پیمایش بنگاه؛ تولید، فروش، فناوری و بازار + مرکز آمار، وزارت تعاون/کار، تأمین اجتماعی، امور مالیاتی و ثبت شرکت‌ها؛ شغل، دستمزد، بیمه و بنگاه,هر زیرمولفه به ۰–۱۰۰ نرمال شود؛ شاخص مرکب = میانگین وزنی نرخ بنگاه فعال، رشد اشتغال، فروش واقعی و دسترسی بازار مرتبط با موضوع. وزن زیرمولفه‌ها در نسخه پایه برابر و سپس با AHP/دلفی محلی کالیبره شود.,baseline_requires_method_owner_approval
BEH-069,behavioral,رفتاری–اجتماعی,اقتصادی,26,فاقد خطوط تفکیکی روشن از نظر قطعه بندی زمین,5,بسیار زیاد,مستقیم (مقدار بیشتر = ظرفیت/وضعیت بهتر),3.4965034965034967,0.5512679162072767,B4,medium,land,spatial_statistic,درخواست سازمانی/داده غیرعمومی,"N01,N07",شهرداری، سازمان ثبت اسناد/کاداستر و راه‌وشهرسازی؛ مالکیت، قطعه، پروانه، عمر و ارزش ملک + GIS/SDI شهرداری یا دهیاری و طرح جامع/تفصیلی؛ مرز محله، قطعه، بنا، کاربری و شبکه معابر,درصد قطعات منطبق با حد نصاب و خطوط ثبتی مصوب؛ قطعات فاقد تطبیق ÷ کل قطعات ×۱۰۰ نیز گزارش شود.,baseline_requires_method_owner_approval
BEH-070,behavioral,رفتاری–اجتماعی,اقتصادی,27,بازتفکیک قطعات زمین,5,بسیار زیاد,مستقیم (مقدار بیشتر = ظرفیت/وضعیت بهتر),3.4965034965034967,0.5512679162072767,B4,medium,land,spatial_statistic,درخواست سازمانی/داده غیرعمومی,"N01,N07",شهرداری، سازمان ثبت اسناد/کاداستر و راه‌وشهرسازی؛ مالکیت، قطعه، پروانه، عمر و ارزش ملک + GIS/SDI شهرداری یا دهیاری و طرح جامع/تفصیلی؛ مرز محله، قطعه، بنا، کاربری و شبکه معابر,درصد قطعات منطبق با حد نصاب و خطوط ثبتی مصوب؛ قطعات فاقد تطبیق ÷ کل قطعات ×۱۰۰ نیز گزارش شود.,baseline_requires_method_owner_approval
BEH-071,behavioral,رفتاری–اجتماعی,اقتصادی,28,فاقد اسناد مالکیت رسمی,5,بسیار زیاد,آستانه‌ای/بهینه (فاصله از دامنه معیار سنجیده شود),3.4965034965034967,0.5512679162072767,B4,medium,tenure,ratio_rate_or_trend,ترکیبی: برخط + درخواست سازمانی,"N02,N06,N07",شهرداری، سازمان ثبت اسناد/کاداستر و راه‌وشهرسازی؛ مالکیت، قطعه، پروانه، عمر و ارزش ملک + مرکز آمار ایران؛ سرشماری نفوس و مسکن در سطح بلوک/آبادی و، حسب نیاز، طرح نیروی کار و هزینه–درآمد خانوار,درصد = تعداد/مساحت واحد/قطعه دارای وضعیت مالکیت موردنظر ÷ کل کل واحد/قطعه‌های مسکونی محله ×۱۰۰.,baseline_requires_method_owner_approval
BEH-072,behavioral,رفتاری–اجتماعی,اقتصادی,29,سکونت غیرمجاز,5,بسیار زیاد,معکوس (مقدار بیشتر = وضعیت نامطلوب‌تر),3.4965034965034967,0.5512679162072767,B4,medium,tenure,ratio_rate_or_trend,ترکیبی: برخط + درخواست سازمانی,"N02,N06,N07",شهرداری، سازمان ثبت اسناد/کاداستر و راه‌وشهرسازی؛ مالکیت، قطعه، پروانه، عمر و ارزش ملک + مرکز آمار ایران؛ سرشماری نفوس و مسکن در سطح بلوک/آبادی و، حسب نیاز، طرح نیروی کار و هزینه–درآمد خانوار,درصد = تعداد/مساحت واحد/قطعه دارای وضعیت مالکیت موردنظر ÷ کل کل واحد/قطعه‌های مسکونی محله ×۱۰۰.,baseline_requires_method_owner_approval
BEH-073,behavioral,رفتاری–اجتماعی,مشارکت اجتماعی,1,وجود مکان مناسب برای برگزاری مناسبات اجتماعی,4,زیاد,مستقیم (مقدار بیشتر = ظرفیت/وضعیت بهتر),7.6923076923076925,0.4410143329658214,B4,medium,existence,formula_specific,ترکیبی: تولید میدانی + درخواست سازمانی,"N04,N01,N23",GIS/SDI شهرداری یا دهیاری و طرح جامع/تفصیلی؛ مرز محله، قطعه، بنا، کاربری و شبکه معابر + ممیزی میدانی مکان‌مند و چک‌لیست مشاهده استاندارد؛ مختصات، زمان، وضعیت و عکس کنترل‌شده + ثبت اداری متولی,مقدار پایه دودویی ۰/۱ برای وجود فعال؛ برای مقایسه محله‌ای، ظرفیت فعال ÷ جمعیت و درصد پوشش مکانی به ۰–۱۰۰ تبدیل شود.,baseline_requires_method_owner_approval
BEH-074,behavioral,رفتاری–اجتماعی,مشارکت اجتماعی,2,مناسب بودن زمان برگزاری مناسبات برای سالمندان,4,زیاد,مستقیم (مقدار بیشتر = ظرفیت/وضعیت بهتر),7.6923076923076925,0.4410143329658214,B3,high,age_friendly,survey_or_assessment,ترکیبی: تولید میدانی + درخواست سازمانی,"N03,N04,N23",پیمایش نمونه‌ای خانوار/کاربر محله با شناسه مکانی و پرسش استاندارد لیکرت ۱ تا ۵ + ممیزی میدانی مکان‌مند و چک‌لیست مشاهده استاندارد؛ مختصات، زمان، وضعیت و عکس کنترل‌شده + ثبت خدمت دستگاه متولی,سهم سالمندان واجدشرایط برخوردار از خدمت/امکان استاندارد ×۱۰۰؛ برای کیفیت ادراکی، امتیاز لیکرت به ۰–۱۰۰ تبدیل و میانگین شود.,baseline_requires_method_owner_approval
BEH-075,behavioral,رفتاری–اجتماعی,مشارکت اجتماعی,3,دسترسی مناسب سالمندان به وسایل نقلیه برای رفتن به مناسبات,4,زیاد,مستقیم (مقدار بیشتر = ظرفیت/وضعیت بهتر),7.6923076923076925,0.4410143329658214,B3,high,access,network_access,ترکیبی: برخط + درخواست سازمانی,"N01,N02,N06,N23",GIS/SDI شهرداری یا دهیاری و طرح جامع/تفصیلی؛ مرز محله، قطعه، بنا، کاربری و شبکه معابر + ثبت اداری دستگاه متولی + مرکز آمار ایران؛ سرشماری نفوس و مسکن در سطح بلوک/آبادی و، حسب نیاز، طرح نیروی کار و هزینه–درآمد خانوار,تحلیل شبکه معابر از مرکز جمعیت بلوک تا نزدیک‌ترین خدمت/مقصد تصریح‌شده در عنوان شاخص؛ نرخ پوشش = جمعیتِ درون آستانه خدمت مصوب ÷ کل جمعیت محله ×۱۰۰؛ میانه زمان/فاصله نیز گزارش شود.,baseline_requires_method_owner_approval
BEH-076,behavioral,رفتاری–اجتماعی,مشارکت اجتماعی,4,برخورداری سالمندان از تخفیف ویژه,2,کم,مستقیم (مقدار بیشتر = ظرفیت/وضعیت بهتر),3.8461538461538463,0.2205071664829107,B3,high,age_friendly,survey_or_assessment,ترکیبی: تولید میدانی + درخواست سازمانی,"N03,N04,N23",پیمایش نمونه‌ای خانوار/کاربر محله با شناسه مکانی و پرسش استاندارد لیکرت ۱ تا ۵ + ممیزی میدانی مکان‌مند و چک‌لیست مشاهده استاندارد؛ مختصات، زمان، وضعیت و عکس کنترل‌شده + ثبت خدمت دستگاه متولی,سهم سالمندان واجدشرایط برخوردار از خدمت/امکان استاندارد ×۱۰۰؛ برای کیفیت ادراکی، امتیاز لیکرت به ۰–۱۰۰ تبدیل و میانگین شود.,baseline_requires_method_owner_approval
BEH-077,behavioral,رفتاری–اجتماعی,مشارکت اجتماعی,5,اطلاع رسانی کافی به سالمندان,4,زیاد,مستقیم (مقدار بیشتر = ظرفیت/وضعیت بهتر),7.6923076923076925,0.4410143329658214,B3,high,age_friendly,survey_or_assessment,ترکیبی: تولید میدانی + درخواست سازمانی,"N03,N04,N23",پیمایش نمونه‌ای خانوار/کاربر محله با شناسه مکانی و پرسش استاندارد لیکرت ۱ تا ۵ + ممیزی میدانی مکان‌مند و چک‌لیست مشاهده استاندارد؛ مختصات، زمان، وضعیت و عکس کنترل‌شده + ثبت خدمت دستگاه متولی,سهم سالمندان واجدشرایط برخوردار از خدمت/امکان استاندارد ×۱۰۰؛ برای کیفیت ادراکی، امتیاز لیکرت به ۰–۱۰۰ تبدیل و میانگین شود.,baseline_requires_method_owner_approval
BEH-078,behavioral,رفتاری–اجتماعی,مشارکت اجتماعی,6,تشکیل گردهمایی برای سالمندان,4,زیاد,مستقیم (مقدار بیشتر = ظرفیت/وضعیت بهتر),7.6923076923076925,0.4410143329658214,B3,high,participation,survey_or_assessment,ترکیبی: تولید میدانی + درخواست سازمانی,"N03,N05,N21",شورای محله/روستا، شهرداری/دهیاری، فرمانداری و سامانه سمن‌ها؛ عضویت، جلسه، بودجه، شکایت و پاسخ + پیمایش نمونه‌ای خانوار/کاربر محله با شناسه مکانی و پرسش استاندارد لیکرت ۱ تا ۵,نرخ مشارکت = افراد واجدشرایط دارای حداقل یک مشارکت مستند در ۱۲ ماه ÷ کل واجدان ×۱۰۰؛ تعداد/دوام تشکل‌ها به ازای ۱۰هزار نفر نیز ثبت شود.,baseline_requires_method_owner_approval
BEH-079,behavioral,رفتاری–اجتماعی,مشارکت اجتماعی,7,تنوع خدمات ارائه شده برای سالمندان,4,زیاد,مستقیم (مقدار بیشتر = ظرفیت/وضعیت بهتر),7.6923076923076925,0.4410143329658214,B3,high,age_friendly,survey_or_assessment,ترکیبی: تولید میدانی + درخواست سازمانی,"N03,N04,N23",پیمایش نمونه‌ای خانوار/کاربر محله با شناسه مکانی و پرسش استاندارد لیکرت ۱ تا ۵ + ممیزی میدانی مکان‌مند و چک‌لیست مشاهده استاندارد؛ مختصات، زمان، وضعیت و عکس کنترل‌شده + ثبت خدمت دستگاه متولی,سهم سالمندان واجدشرایط برخوردار از خدمت/امکان استاندارد ×۱۰۰؛ برای کیفیت ادراکی، امتیاز لیکرت به ۰–۱۰۰ تبدیل و میانگین شود.,baseline_requires_method_owner_approval
BEH-080,behavioral,رفتاری–اجتماعی,مشارکت اجتماعی,8,ایجاد مکان‌هایی برای برقراری ارتباط بین سالمندان,5,بسیار زیاد,مستقیم (مقدار بیشتر = ظرفیت/وضعیت بهتر),9.615384615384617,0.5512679162072767,B3,high,age_friendly,survey_or_assessment,ترکیبی: تولید میدانی + درخواست سازمانی,"N03,N04,N23",پیمایش نمونه‌ای خانوار/کاربر محله با شناسه مکانی و پرسش استاندارد لیکرت ۱ تا ۵ + ممیزی میدانی مکان‌مند و چک‌لیست مشاهده استاندارد؛ مختصات، زمان، وضعیت و عکس کنترل‌شده + ثبت خدمت دستگاه متولی,سهم سالمندان واجدشرایط برخوردار از خدمت/امکان استاندارد ×۱۰۰؛ برای کیفیت ادراکی، امتیاز لیکرت به ۰–۱۰۰ تبدیل و میانگین شود.,baseline_requires_method_owner_approval
BEH-081,behavioral,رفتاری–اجتماعی,مشارکت اجتماعی,9,ایجاد مکان‌های تفریحی برای سالمندان,4,زیاد,مستقیم (مقدار بیشتر = ظرفیت/وضعیت بهتر),7.6923076923076925,0.4410143329658214,B3,high,age_friendly,survey_or_assessment,ترکیبی: تولید میدانی + درخواست سازمانی,"N03,N04,N23",پیمایش نمونه‌ای خانوار/کاربر محله با شناسه مکانی و پرسش استاندارد لیکرت ۱ تا ۵ + ممیزی میدانی مکان‌مند و چک‌لیست مشاهده استاندارد؛ مختصات، زمان، وضعیت و عکس کنترل‌شده + ثبت خدمت دستگاه متولی,سهم سالمندان واجدشرایط برخوردار از خدمت/امکان استاندارد ×۱۰۰؛ برای کیفیت ادراکی، امتیاز لیکرت به ۰–۱۰۰ تبدیل و میانگین شود.,baseline_requires_method_owner_approval
BEH-082,behavioral,رفتاری–اجتماعی,مشارکت اجتماعی,10,ایجاد مکان‌های امن برای تندرستی سالمندان,4,زیاد,مستقیم (مقدار بیشتر = ظرفیت/وضعیت بهتر),7.6923076923076925,0.4410143329658214,B3,high,age_friendly,survey_or_assessment,ترکیبی: تولید میدانی + درخواست سازمانی,"N03,N04,N23",پیمایش نمونه‌ای خانوار/کاربر محله با شناسه مکانی و پرسش استاندارد لیکرت ۱ تا ۵ + ممیزی میدانی مکان‌مند و چک‌لیست مشاهده استاندارد؛ مختصات، زمان، وضعیت و عکس کنترل‌شده + ثبت خدمت دستگاه متولی,سهم سالمندان واجدشرایط برخوردار از خدمت/امکان استاندارد ×۱۰۰؛ برای کیفیت ادراکی، امتیاز لیکرت به ۰–۱۰۰ تبدیل و میانگین شود.,baseline_requires_method_owner_approval
BEH-083,behavioral,رفتاری–اجتماعی,مشارکت اجتماعی,11,توسعه فضاهای تفریحی برای برقراری اارتباط بین نسلی,5,بسیار زیاد,مستقیم (مقدار بیشتر = ظرفیت/وضعیت بهتر),9.615384615384617,0.5512679162072767,B4,medium,intergenerational,formula_specific,ترکیبی: تولید میدانی + درخواست سازمانی,"N03,N05,N21",شورای محله/روستا، شهرداری/دهیاری، فرمانداری و سامانه سمن‌ها؛ عضویت، جلسه، بودجه، شکایت و پاسخ + پیمایش نمونه‌ای خانوار/کاربر محله با شناسه مکانی و پرسش استاندارد لیکرت ۱ تا ۵,شرکت‌کنندگان در برنامه‌های بین‌نسلی ÷ جمعیت هدف ×۱۰۰؛ تعداد برنامه فعال به ازای ۱۰هزار نفر.,baseline_requires_method_owner_approval
BEH-084,behavioral,رفتاری–اجتماعی,مشارکت اجتماعی,12,بالا بردن فرصت مشارکت در مراکز محلات,4,زیاد,مستقیم (مقدار بیشتر = ظرفیت/وضعیت بهتر),7.6923076923076925,0.4410143329658214,B4,medium,participation,survey_or_assessment,ترکیبی: تولید میدانی + درخواست سازمانی,"N03,N05,N21",شورای محله/روستا، شهرداری/دهیاری، فرمانداری و سامانه سمن‌ها؛ عضویت، جلسه، بودجه، شکایت و پاسخ + پیمایش نمونه‌ای خانوار/کاربر محله با شناسه مکانی و پرسش استاندارد لیکرت ۱ تا ۵,نرخ مشارکت = افراد واجدشرایط دارای حداقل یک مشارکت مستند در ۱۲ ماه ÷ کل واجدان ×۱۰۰؛ تعداد/دوام تشکل‌ها به ازای ۱۰هزار نفر نیز ثبت شود.,baseline_requires_method_owner_approval
BEH-085,behavioral,رفتاری–اجتماعی,مشارکت اجتماعی,13,اجرای برنامه‌های متنوع و فعالیت‌های بدنی,4,زیاد,مستقیم (مقدار بیشتر = ظرفیت/وضعیت بهتر),7.6923076923076925,0.4410143329658214,B4,medium,physical_activity,formula_specific,ترکیبی: تولید میدانی + درخواست سازمانی,"N03,N09",شبکه بهداشت/دانشگاه علوم پزشکی، اورژانس و ثبت احوال؛ مکان مرکز، ظرفیت، رخداد و پیامد سلامت + پیمایش نمونه‌ای خانوار/کاربر محله با شناسه مکانی و پرسش استاندارد لیکرت ۱ تا ۵,جمعیت دارای حداقل ۱۵۰ دقیقه فعالیت متوسط در هفته ÷ جمعیت ۱۸ ساله و بیشتر ×۱۰۰.,baseline_requires_method_owner_approval
BEH-086,behavioral,رفتاری–اجتماعی,تکریم سالمندان,1,نظرسنجی از سالمندان برای ارائه خدمات به آن‌ها,3,متوسط,مستقیم (مقدار بیشتر = ظرفیت/وضعیت بهتر),17.647058823529413,0.33076074972436603,B3,high,age_friendly,survey_or_assessment,ترکیبی: تولید میدانی + درخواست سازمانی,"N03,N04,N23",پیمایش نمونه‌ای خانوار/کاربر محله با شناسه مکانی و پرسش استاندارد لیکرت ۱ تا ۵ + ممیزی میدانی مکان‌مند و چک‌لیست مشاهده استاندارد؛ مختصات، زمان، وضعیت و عکس کنترل‌شده + ثبت خدمت دستگاه متولی,سهم سالمندان واجدشرایط برخوردار از خدمت/امکان استاندارد ×۱۰۰؛ برای کیفیت ادراکی، امتیاز لیکرت به ۰–۱۰۰ تبدیل و میانگین شود.,baseline_requires_method_owner_approval
BEH-087,behavioral,رفتاری–اجتماعی,تکریم سالمندان,2,نگاه مثبت به سالمندان و ادب در رفتار با آن‌ها,2,کم,مستقیم (مقدار بیشتر = ظرفیت/وضعیت بهتر),11.76470588235294,0.2205071664829107,B3,high,survey,survey_or_assessment,تولید میدانی,N03,پیمایش نمونه‌ای خانوار/کاربر محله با شناسه مکانی و پرسش استاندارد لیکرت ۱ تا ۵,میانگین وزنی پاسخ به گویه «نگاه مثبت به سالمندان و ادب در رفتار با آن‌ها» در مقیاس ۱–۵؛ تبدیل به ۰–۱۰۰: (میانگین−۱)÷۴×۱۰۰. وزن نمونه برحسب جمعیت بلوک اعمال شود.,baseline_requires_method_owner_approval
BEH-088,behavioral,رفتاری–اجتماعی,تکریم سالمندان,3,حضور در برنامه‌های اجتماعی ویژه خانواده,3,متوسط,مستقیم (مقدار بیشتر = ظرفیت/وضعیت بهتر),17.647058823529413,0.33076074972436603,B3,high,social_program,formula_specific,ترکیبی: تولید میدانی + درخواست سازمانی,"N03,N05,N21",شورای محله/روستا، شهرداری/دهیاری، فرمانداری و سامانه سمن‌ها؛ عضویت، جلسه، بودجه، شکایت و پاسخ + پیمایش نمونه‌ای خانوار/کاربر محله با شناسه مکانی و پرسش استاندارد لیکرت ۱ تا ۵,افراد/خانوارهای شرکت‌کننده حداقل یک‌بار در سال ÷ جمعیت/خانوار هدف ×۱۰۰.,baseline_requires_method_owner_approval
BEH-089,behavioral,رفتاری–اجتماعی,تکریم سالمندان,4,دخیل کردن سالمندان در فعالیت‌های مدرسه,3,متوسط,مستقیم (مقدار بیشتر = ظرفیت/وضعیت بهتر),17.647058823529413,0.33076074972436603,B3,high,age_friendly,survey_or_assessment,ترکیبی: تولید میدانی + درخواست سازمانی,"N03,N04,N23",پیمایش نمونه‌ای خانوار/کاربر محله با شناسه مکانی و پرسش استاندارد لیکرت ۱ تا ۵ + ممیزی میدانی مکان‌مند و چک‌لیست مشاهده استاندارد؛ مختصات، زمان، وضعیت و عکس کنترل‌شده + ثبت خدمت دستگاه متولی,سهم سالمندان واجدشرایط برخوردار از خدمت/امکان استاندارد ×۱۰۰؛ برای کیفیت ادراکی، امتیاز لیکرت به ۰–۱۰۰ تبدیل و میانگین شود.,baseline_requires_method_owner_approval
BEH-090,behavioral,رفتاری–اجتماعی,تکریم سالمندان,5,قابلیت شناسایی سالمندان مشارکت‌جو,3,متوسط,مستقیم (مقدار بیشتر = ظرفیت/وضعیت بهتر),17.647058823529413,0.33076074972436603,B3,high,participation,survey_or_assessment,ترکیبی: تولید میدانی + درخواست سازمانی,"N03,N05,N21",شورای محله/روستا، شهرداری/دهیاری، فرمانداری و سامانه سمن‌ها؛ عضویت، جلسه، بودجه، شکایت و پاسخ + پیمایش نمونه‌ای خانوار/کاربر محله با شناسه مکانی و پرسش استاندارد لیکرت ۱ تا ۵,نرخ مشارکت = افراد واجدشرایط دارای حداقل یک مشارکت مستند در ۱۲ ماه ÷ کل واجدان ×۱۰۰؛ تعداد/دوام تشکل‌ها به ازای ۱۰هزار نفر نیز ثبت شود.,baseline_requires_method_owner_approval
BEH-091,behavioral,رفتاری–اجتماعی,تکریم سالمندان,6,دسترسی سالمندان به خدمات,3,متوسط,مستقیم (مقدار بیشتر = ظرفیت/وضعیت بهتر),17.647058823529413,0.33076074972436603,B3,high,access,network_access,ترکیبی: برخط + درخواست سازمانی,"N01,N02,N06,N23",GIS/SDI شهرداری یا دهیاری و طرح جامع/تفصیلی؛ مرز محله، قطعه، بنا، کاربری و شبکه معابر + ثبت اداری دستگاه متولی + مرکز آمار ایران؛ سرشماری نفوس و مسکن در سطح بلوک/آبادی و، حسب نیاز، طرح نیروی کار و هزینه–درآمد خانوار,تحلیل شبکه معابر از مرکز جمعیت بلوک تا نزدیک‌ترین خدمت/مقصد تصریح‌شده در عنوان شاخص؛ نرخ پوشش = جمعیتِ درون آستانه خدمت مصوب ÷ کل جمعیت محله ×۱۰۰؛ میانه زمان/فاصله نیز گزارش شود.,baseline_requires_method_owner_approval
BEH-092,behavioral,رفتاری–اجتماعی,اشتغال و مشارکت شهروندی,1,برخورداری از فرصت شغلی متعدد,5,بسیار زیاد,مستقیم (مقدار بیشتر = ظرفیت/وضعیت بهتر),20.0,0.5512679162072767,B1,high,existence,formula_specific,ترکیبی: تولید میدانی + درخواست سازمانی,"N04,N01,N23",GIS/SDI شهرداری یا دهیاری و طرح جامع/تفصیلی؛ مرز محله، قطعه، بنا، کاربری و شبکه معابر + ممیزی میدانی مکان‌مند و چک‌لیست مشاهده استاندارد؛ مختصات، زمان، وضعیت و عکس کنترل‌شده + ثبت اداری متولی,مقدار پایه دودویی ۰/۱ برای وجود فعال؛ برای مقایسه محله‌ای، ظرفیت فعال ÷ جمعیت و درصد پوشش مکانی به ۰–۱۰۰ تبدیل شود.,baseline_requires_method_owner_approval
BEH-093,behavioral,رفتاری–اجتماعی,اشتغال و مشارکت شهروندی,2,وجود فرصت شغلی و ارتقای شغلی,5,بسیار زیاد,مستقیم (مقدار بیشتر = ظرفیت/وضعیت بهتر),20.0,0.5512679162072767,B1,high,existence,formula_specific,ترکیبی: تولید میدانی + درخواست سازمانی,"N04,N01,N23",GIS/SDI شهرداری یا دهیاری و طرح جامع/تفصیلی؛ مرز محله، قطعه، بنا، کاربری و شبکه معابر + ممیزی میدانی مکان‌مند و چک‌لیست مشاهده استاندارد؛ مختصات، زمان، وضعیت و عکس کنترل‌شده + ثبت اداری متولی,مقدار پایه دودویی ۰/۱ برای وجود فعال؛ برای مقایسه محله‌ای، ظرفیت فعال ÷ جمعیت و درصد پوشش مکانی به ۰–۱۰۰ تبدیل شود.,baseline_requires_method_owner_approval
BEH-094,behavioral,رفتاری–اجتماعی,اشتغال و مشارکت شهروندی,3,مبنا قرار دادن سن و تبعیض برای استخدام,5,بسیار زیاد,مستقیم (مقدار بیشتر = ظرفیت/وضعیت بهتر),20.0,0.5512679162072767,B1,high,employment_discrimination,formula_specific,ترکیبی: تولید میدانی + درخواست سازمانی,"N03,N06",پیمایش نمونه‌ای خانوار/کاربر محله با شناسه مکانی و پرسش استاندارد لیکرت ۱ تا ۵ + اداره کار/سامانه شکایت,متقاضیان گزارش‌دهنده تبعیض سنی ÷ کل متقاضیان کار پاسخ‌گو ×۱۰۰؛ شکایت‌های تأییدشده مکمل.,baseline_requires_method_owner_approval
BEH-095,behavioral,رفتاری–اجتماعی,اشتغال و مشارکت شهروندی,4,برخورداری از فرصت خود اشتغالی,5,بسیار زیاد,مستقیم (مقدار بیشتر = ظرفیت/وضعیت بهتر),20.0,0.5512679162072767,B1,high,employment,ratio_rate_or_trend,ترکیبی: برخط + درخواست سازمانی,"N02,N06,N13",مرکز آمار، وزارت تعاون/کار، تأمین اجتماعی، امور مالیاتی و ثبت شرکت‌ها؛ شغل، دستمزد، بیمه و بنگاه + پیمایش نیروی کار محله,خوداشتغالان ÷ کل شاغلان ×۱۰۰؛ پایداری فعالیت با استمرار حداقل ۱۲ ماه کنترل شود.,baseline_requires_method_owner_approval
BEH-096,behavioral,رفتاری–اجتماعی,اشتغال و مشارکت شهروندی,5,مناسب‌سازی محیط کار,5,بسیار زیاد,مستقیم (مقدار بیشتر = ظرفیت/وضعیت بهتر),20.0,0.5512679162072767,B1,high,workplace_accessibility,formula_specific,ترکیبی: تولید میدانی + درخواست سازمانی,"N04,N06,N20",ممیزی میدانی مکان‌مند و چک‌لیست مشاهده استاندارد؛ مختصات، زمان، وضعیت و عکس کنترل‌شده + اداره کار/بهزیستی,محل‌های کار منطبق با استاندارد دسترس‌پذیری و ارگونومی ÷ کل محل‌های کار ارزیابی‌شده ×۱۰۰.,baseline_requires_method_owner_approval
BEH-097,behavioral,رفتاری–اجتماعی,اطلاعات و ارتباطات,1,دسترسی گسترده سالمندان به اطلاعات خود,3,متوسط,مستقیم (مقدار بیشتر = ظرفیت/وضعیت بهتر),25.0,0.33076074972436603,B3,high,access,network_access,ترکیبی: برخط + درخواست سازمانی,"N01,N02,N06,N23",GIS/SDI شهرداری یا دهیاری و طرح جامع/تفصیلی؛ مرز محله، قطعه، بنا، کاربری و شبکه معابر + ثبت اداری دستگاه متولی + مرکز آمار ایران؛ سرشماری نفوس و مسکن در سطح بلوک/آبادی و، حسب نیاز، طرح نیروی کار و هزینه–درآمد خانوار,تحلیل شبکه معابر از مرکز جمعیت بلوک تا نزدیک‌ترین خدمت/مقصد تصریح‌شده در عنوان شاخص؛ نرخ پوشش = جمعیتِ درون آستانه خدمت مصوب ÷ کل جمعیت محله ×۱۰۰؛ میانه زمان/فاصله نیز گزارش شود.,baseline_requires_method_owner_approval
BEH-098,behavioral,رفتاری–اجتماعی,اطلاعات و ارتباطات,2,برخورداری از اطلاعات ضروری و مورد علاقه,2,کم,مستقیم (مقدار بیشتر = ظرفیت/وضعیت بهتر),16.666666666666664,0.2205071664829107,B4,medium,survey,survey_or_assessment,تولید میدانی,N03,پیمایش نمونه‌ای خانوار/کاربر محله با شناسه مکانی و پرسش استاندارد لیکرت ۱ تا ۵,میانگین وزنی پاسخ به گویه «برخورداری از اطلاعات ضروری و مورد علاقه» در مقیاس ۱–۵؛ تبدیل به ۰–۱۰۰: (میانگین−۱)÷۴×۱۰۰. وزن نمونه برحسب جمعیت بلوک اعمال شود.,baseline_requires_method_owner_approval
BEH-099,behavioral,رفتاری–اجتماعی,اطلاعات و ارتباطات,3,استفاده از دکمه بزرگ در تجهیزات الکترونیکی,2,کم,مستقیم (مقدار بیشتر = ظرفیت/وضعیت بهتر),16.666666666666664,0.2205071664829107,B4,medium,communication_accessibility,survey_or_assessment,تولید میدانی,N04,ممیزی میدانی مکان‌مند و چک‌لیست مشاهده استاندارد؛ مختصات، زمان، وضعیت و عکس کنترل‌شده,تجهیزات/پیام‌های عمومی منطبق با استاندارد خوانایی و دسترس‌پذیری ÷ کل نمونه‌ها ×۱۰۰.,baseline_requires_method_owner_approval
BEH-100,behavioral,رفتاری–اجتماعی,اطلاعات و ارتباطات,4,برخورداری از خدمات صمیمی,3,متوسط,مستقیم (مقدار بیشتر = ظرفیت/وضعیت بهتر),25.0,0.33076074972436603,B4,medium,existence,formula_specific,ترکیبی: تولید میدانی + درخواست سازمانی,"N04,N01,N23",GIS/SDI شهرداری یا دهیاری و طرح جامع/تفصیلی؛ مرز محله، قطعه، بنا، کاربری و شبکه معابر + ممیزی میدانی مکان‌مند و چک‌لیست مشاهده استاندارد؛ مختصات، زمان، وضعیت و عکس کنترل‌شده + ثبت اداری متولی,مقدار پایه دودویی ۰/۱ برای وجود فعال؛ برای مقایسه محله‌ای، ظرفیت فعال ÷ جمعیت و درصد پوشش مکانی به ۰–۱۰۰ تبدیل شود.,baseline_requires_method_owner_approval
BEH-101,behavioral,رفتاری–اجتماعی,اطلاعات و ارتباطات,5,چاپ بزرگ حروف در فرم‌های اداری,2,کم,مستقیم (مقدار بیشتر = ظرفیت/وضعیت بهتر),16.666666666666664,0.2205071664829107,B4,medium,communication_accessibility,survey_or_assessment,تولید میدانی,N04,ممیزی میدانی مکان‌مند و چک‌لیست مشاهده استاندارد؛ مختصات، زمان، وضعیت و عکس کنترل‌شده,تجهیزات/پیام‌های عمومی منطبق با استاندارد خوانایی و دسترس‌پذیری ÷ کل نمونه‌ها ×۱۰۰.,baseline_requires_method_owner_approval
BEH-102,behavioral,رفتاری–اجتماعی,خدمات سلامت وحمایت اجتماعی,1,برخورداری از خدمات سلامت,5,بسیار زیاد,مستقیم (مقدار بیشتر = ظرفیت/وضعیت بهتر),20.0,0.5512679162072767,B3,high,health_access,network_access,درخواست سازمانی/داده غیرعمومی,"N01,N09",شبکه بهداشت/دانشگاه علوم پزشکی، اورژانس و ثبت احوال؛ مکان مرکز، ظرفیت، رخداد و پیامد سلامت + GIS/SDI شهرداری یا دهیاری و طرح جامع/تفصیلی؛ مرز محله، قطعه، بنا، کاربری و شبکه معابر,تحلیل شبکه معابر از مرکز جمعیت بلوک تا نزدیک‌ترین مرکز سلامت/اورژانس متناسب با سطح خدمت؛ نرخ پوشش = جمعیتِ درون ۱۵ دقیقه پیاده یا زمان استاندارد محلی ÷ کل جمعیت محله ×۱۰۰؛ میانه زمان/فاصله نیز گزارش شود.,baseline_requires_method_owner_approval
BEH-103,behavioral,رفتاری–اجتماعی,خدمات سلامت وحمایت اجتماعی,2,تسهیل فرایند خدامات سلامت و اجتماعی,5,بسیار زیاد,مستقیم (مقدار بیشتر = ظرفیت/وضعیت بهتر),20.0,0.5512679162072767,B3,high,composite,composite,ترکیبی: تولید میدانی + درخواست سازمانی,"N03,N04,N23",پیمایش نمونه‌ای خانوار/کاربر محله با شناسه مکانی و پرسش استاندارد لیکرت ۱ تا ۵ + ممیزی میدانی مکان‌مند و چک‌لیست مشاهده استاندارد؛ مختصات، زمان، وضعیت و عکس کنترل‌شده + ثبت اداری/GIS متولی,هر زیرمولفه به ۰–۱۰۰ نرمال شود؛ شاخص مرکب = میانگین وزنی سنجش عینیِ پوشش/انطباق و سنجش ادراکی مرتبط با عنوان شاخص. وزن زیرمولفه‌ها در نسخه پایه برابر و سپس با AHP/دلفی محلی کالیبره شود.,baseline_requires_method_owner_approval
BEH-104,behavioral,رفتاری–اجتماعی,خدمات سلامت وحمایت اجتماعی,3,تشویق و حمایت داوطلبان خدمت رسان,5,بسیار زیاد,مستقیم (مقدار بیشتر = ظرفیت/وضعیت بهتر),20.0,0.5512679162072767,B3,high,volunteering,formula_specific,درخواست سازمانی/داده غیرعمومی,"N05,N21",شورای محله/روستا، شهرداری/دهیاری، فرمانداری و سامانه سمن‌ها؛ عضویت، جلسه، بودجه، شکایت و پاسخ + ثبت ارائه خدمت,داوطلب فعال در ۱۲ ماه ÷ جمعیت ×۱۰۰۰ و ساعات خدمت داوطلبانه به ازای نفر.,baseline_requires_method_owner_approval
BEH-105,behavioral,رفتاری–اجتماعی,خدمات سلامت وحمایت اجتماعی,4,رفع موانع اقتصادی,5,بسیار زیاد,مستقیم (مقدار بیشتر = ظرفیت/وضعیت بهتر),20.0,0.5512679162072767,B3,high,economic_barrier,formula_specific,ترکیبی: تولید میدانی + درخواست سازمانی,"N03,N05,N20,N21",شورای محله/روستا، شهرداری/دهیاری، فرمانداری و سامانه سمن‌ها؛ عضویت، جلسه، بودجه، شکایت و پاسخ + ثبت حمایت اجتماعی + پیمایش نمونه‌ای خانوار/کاربر محله با شناسه مکانی و پرسش استاندارد لیکرت ۱ تا ۵,افراد واجدشرایط دریافت‌کننده حمایت هزینه‌ای ÷ کل واجدان ×۱۰۰؛ کاهش هزینه از جیب نیز گزارش شود.,baseline_requires_method_owner_approval
BEH-106,behavioral,رفتاری–اجتماعی,خدمات سلامت وحمایت اجتماعی,5,در نظر گرفتن آسیب‌پذیر بودن سالمندان,5,بسیار زیاد,معکوس (مقدار بیشتر = وضعیت نامطلوب‌تر),20.0,0.5512679162072767,B3,high,age_friendly,survey_or_assessment,ترکیبی: تولید میدانی + درخواست سازمانی,"N03,N04,N23",پیمایش نمونه‌ای خانوار/کاربر محله با شناسه مکانی و پرسش استاندارد لیکرت ۱ تا ۵ + ممیزی میدانی مکان‌مند و چک‌لیست مشاهده استاندارد؛ مختصات، زمان، وضعیت و عکس کنترل‌شده + ثبت خدمت دستگاه متولی,سهم سالمندان واجدشرایط برخوردار از خدمت/امکان استاندارد ×۱۰۰؛ برای کیفیت ادراکی، امتیاز لیکرت به ۰–۱۰۰ تبدیل و میانگین شود.,baseline_requires_method_owner_approval
BEH-107,behavioral,رفتاری–اجتماعی,بهره‌وری,1,موقعیت استقرار جغرافیایی,4,زیاد,آستانه‌ای/بهینه (فاصله از دامنه معیار سنجیده شود),9.090909090909092,0.4410143329658214,B4,medium,regional_access,network_access,درخواست سازمانی/داده غیرعمومی,"N01,N10",GIS/SDI شهرداری یا دهیاری و طرح جامع/تفصیلی؛ مرز محله، قطعه، بنا، کاربری و شبکه معابر + سازمان حمل‌ونقل و ترافیک/اتوبوسرانی؛ مسیر، ایستگاه، فراوانی سرویس، زمان سفر و پارکینگ,هر زیرمولفه به ۰–۱۰۰ نرمال شود؛ شاخص مرکب = میانگین وزنی زمان دسترسی به مرکز اشتغال، بازار، شبکه شریانی و خدمات مرتبه‌بالا. وزن زیرمولفه‌ها در نسخه پایه برابر و سپس با AHP/دلفی محلی کالیبره شود.,baseline_requires_method_owner_approval
BEH-108,behavioral,رفتاری–اجتماعی,بهره‌وری,2,مزیت نسبی اقتصادی,4,زیاد,مستقیم (مقدار بیشتر = ظرفیت/وضعیت بهتر),9.090909090909092,0.4410143329658214,B4,medium,location_quotient,formula_specific,ترکیبی: برخط + درخواست سازمانی,"N02,N06,N13",اتحادیه‌های صنفی، صمت، جهاد کشاورزی، ثبت شرکت/برند و پیمایش بنگاه؛ تولید، فروش، فناوری و بازار + مرکز آمار، وزارت تعاون/کار، تأمین اجتماعی، امور مالیاتی و ثبت شرکت‌ها؛ شغل، دستمزد، بیمه و بنگاه,ضریب مکانی LQ = (اشتغال رشته در محله/کل اشتغال محله) ÷ (اشتغال همان رشته در محدوده مرجع/کل اشتغال مرجع).,baseline_requires_method_owner_approval
BEH-109,behavioral,رفتاری–اجتماعی,بهره‌وری,3,بازاریابی و وجود بستر سرمایه‌گذاری,4,زیاد,مستقیم (مقدار بیشتر = ظرفیت/وضعیت بهتر),9.090909090909092,0.4410143329658214,B2,high,business,formula_specific,ترکیبی: برخط + درخواست سازمانی,"N02,N06,N13",اتحادیه‌های صنفی، صمت، جهاد کشاورزی، ثبت شرکت/برند و پیمایش بنگاه؛ تولید، فروش، فناوری و بازار + مرکز آمار، وزارت تعاون/کار، تأمین اجتماعی، امور مالیاتی و ثبت شرکت‌ها؛ شغل، دستمزد، بیمه و بنگاه,هر زیرمولفه به ۰–۱۰۰ نرمال شود؛ شاخص مرکب = میانگین وزنی نرخ بنگاه فعال، رشد اشتغال، فروش واقعی و دسترسی بازار مرتبط با موضوع. وزن زیرمولفه‌ها در نسخه پایه برابر و سپس با AHP/دلفی محلی کالیبره شود.,baseline_requires_method_owner_approval
BEH-110,behavioral,رفتاری–اجتماعی,بهره‌وری,4,مدت زمان لازم جهت ایجاد کسب‌وکار,4,زیاد,مستقیم (مقدار بیشتر = ظرفیت/وضعیت بهتر),9.090909090909092,0.4410143329658214,B2,high,business,formula_specific,درخواست سازمانی/داده غیرعمومی,"N06,N13",اتحادیه‌های صنفی، صمت، جهاد کشاورزی، ثبت شرکت/برند و پیمایش بنگاه؛ تولید، فروش، فناوری و بازار + پنجره واحد مجوزها,میانه روزهای تقویمی از ثبت درخواست کامل تا صدور مجوز/شروع فعالیت.,baseline_requires_method_owner_approval
BEH-111,behavioral,رفتاری–اجتماعی,بهره‌وری,5,استفاده از فناوری‌های نوین,4,زیاد,مستقیم (مقدار بیشتر = ظرفیت/وضعیت بهتر),9.090909090909092,0.4410143329658214,B2,high,technology_adoption,formula_specific,ترکیبی: برخط + درخواست سازمانی,"N06,N13,N18",اتحادیه‌های صنفی، صمت، جهاد کشاورزی، ثبت شرکت/برند و پیمایش بنگاه؛ تولید، فروش، فناوری و بازار + سازمان تنظیم مقررات و ارتباطات رادیویی، نت‌سنج‌پلاس و اپراتورها؛ پوشش، سرعت، تأخیر و قطعی,بنگاه‌های استفاده‌کننده از فناوری تعریف‌شده در تولید/فروش/مدیریت ÷ کل بنگاه‌ها ×۱۰۰.,baseline_requires_method_owner_approval
BEH-112,behavioral,رفتاری–اجتماعی,بهره‌وری,6,کارآفرینی و وضعیت اشتغال محلی,5,بسیار زیاد,مستقیم (مقدار بیشتر = ظرفیت/وضعیت بهتر),11.363636363636363,0.5512679162072767,B2,high,business,formula_specific,ترکیبی: برخط + درخواست سازمانی,"N02,N06,N13",اتحادیه‌های صنفی، صمت، جهاد کشاورزی، ثبت شرکت/برند و پیمایش بنگاه؛ تولید، فروش، فناوری و بازار + مرکز آمار، وزارت تعاون/کار، تأمین اجتماعی، امور مالیاتی و ثبت شرکت‌ها؛ شغل، دستمزد، بیمه و بنگاه,هر زیرمولفه به ۰–۱۰۰ نرمال شود؛ شاخص مرکب = میانگین وزنی نرخ بنگاه فعال، رشد اشتغال، فروش واقعی و دسترسی بازار مرتبط با موضوع. وزن زیرمولفه‌ها در نسخه پایه برابر و سپس با AHP/دلفی محلی کالیبره شود.,baseline_requires_method_owner_approval
BEH-113,behavioral,رفتاری–اجتماعی,بهره‌وری,7,میانگین درآمد خانوار,5,بسیار زیاد,مستقیم (مقدار بیشتر = ظرفیت/وضعیت بهتر),11.363636363636363,0.5512679162072767,B1,high,income,ratio_rate_or_trend,ترکیبی: برخط + درخواست سازمانی,"N02,N06,N13",مرکز آمار ایران؛ سرشماری نفوس و مسکن در سطح بلوک/آبادی و، حسب نیاز، طرح نیروی کار و هزینه–درآمد خانوار + مرکز آمار، وزارت تعاون/کار، تأمین اجتماعی، امور مالیاتی و ثبت شرکت‌ها؛ شغل، دستمزد، بیمه و بنگاه,میانه درآمد خالص ماهانه خانوار با تعدیل اندازه خانوار و قیمت‌های سال پایه؛ میانه بر میانگین ترجیح دارد.,baseline_requires_method_owner_approval
BEH-114,behavioral,رفتاری–اجتماعی,بهره‌وری,8,نرخ اشتغال,5,بسیار زیاد,مستقیم (مقدار بیشتر = ظرفیت/وضعیت بهتر),11.363636363636363,0.5512679162072767,B1,high,employment,ratio_rate_or_trend,ترکیبی: برخط + درخواست سازمانی,"N02,N06,N13",مرکز آمار ایران؛ سرشماری نفوس و مسکن در سطح بلوک/آبادی و، حسب نیاز، طرح نیروی کار و هزینه–درآمد خانوار + مرکز آمار، وزارت تعاون/کار، تأمین اجتماعی، امور مالیاتی و ثبت شرکت‌ها؛ شغل، دستمزد، بیمه و بنگاه,شاغلان ÷ جمعیت در سن کار ×۱۰۰؛ نرخ مشارکت و بیکاری نیز برای تفسیر کنترل شود.,baseline_requires_method_owner_approval
BEH-115,behavioral,رفتاری–اجتماعی,بهره‌وری,9,نرخ اشتغال در بخش غیررسمی,5,بسیار زیاد,مستقیم (مقدار بیشتر = ظرفیت/وضعیت بهتر),11.363636363636363,0.5512679162072767,B1,high,employment,ratio_rate_or_trend,ترکیبی: برخط + درخواست سازمانی,"N02,N06,N13",مرکز آمار، وزارت تعاون/کار، تأمین اجتماعی، امور مالیاتی و ثبت شرکت‌ها؛ شغل، دستمزد، بیمه و بنگاه + پیمایش بنگاه/خانوار محله,شاغلان بدون بیمه/قرارداد رسمی ÷ کل شاغلان ×۱۰۰.,baseline_requires_method_owner_approval
BEH-116,behavioral,رفتاری–اجتماعی,بهره‌وری,10,بار تکفل,4,زیاد,مستقیم (مقدار بیشتر = ظرفیت/وضعیت بهتر),9.090909090909092,0.4410143329658214,B1,high,demography,ratio_rate_or_trend,ترکیبی: برخط + درخواست سازمانی,"N02,N06,N13",مرکز آمار ایران؛ سرشماری نفوس و مسکن در سطح بلوک/آبادی و، حسب نیاز، طرح نیروی کار و هزینه–درآمد خانوار + مرکز آمار، وزارت تعاون/کار، تأمین اجتماعی، امور مالیاتی و ثبت شرکت‌ها؛ شغل، دستمزد، بیمه و بنگاه,جمعیت غیرشاغل ÷ جمعیت شاغل ×۱۰۰؛ در صورت استفاده از تعریف سنی، تعریف نسبت وابستگی جداگانه ثبت شود.,baseline_requires_method_owner_approval
BEH-117,behavioral,رفتاری–اجتماعی,کیفیت زندگی,1,رضایت از محیط محله مسکونی,4,زیاد,مستقیم (مقدار بیشتر = ظرفیت/وضعیت بهتر),3.9215686274509802,0.4410143329658214,B4,medium,survey,survey_or_assessment,تولید میدانی,N03,پیمایش نمونه‌ای خانوار/کاربر محله با شناسه مکانی و پرسش استاندارد لیکرت ۱ تا ۵,میانگین وزنی پاسخ به گویه «رضایت از محیط محله مسکونی» در مقیاس ۱–۵؛ تبدیل به ۰–۱۰۰: (میانگین−۱)÷۴×۱۰۰. وزن نمونه برحسب جمعیت بلوک اعمال شود.,baseline_requires_method_owner_approval
BEH-118,behavioral,رفتاری–اجتماعی,کیفیت زندگی,2,امید به زندگی,5,بسیار زیاد,مستقیم (مقدار بیشتر = ظرفیت/وضعیت بهتر),4.901960784313726,0.5512679162072767,B4,medium,health,ratio_rate_or_trend,درخواست سازمانی/داده غیرعمومی,N09,شبکه بهداشت/دانشگاه علوم پزشکی، اورژانس و ثبت احوال؛ مکان مرکز، ظرفیت، رخداد و پیامد سلامت,امید زندگی در بدو تولد از جدول عمر؛ در نمونه کوچک، برآورد هموارشده چندساله/ناحیه‌ای استفاده شود.,baseline_requires_method_owner_approval
BEH-119,behavioral,رفتاری–اجتماعی,کیفیت زندگی,3,میزان مرگ و میر زیر پنج سال,5,بسیار زیاد,معکوس (مقدار بیشتر = وضعیت نامطلوب‌تر),4.901960784313726,0.5512679162072767,B4,medium,health,ratio_rate_or_trend,درخواست سازمانی/داده غیرعمومی,N09,شبکه بهداشت/دانشگاه علوم پزشکی، اورژانس و ثبت احوال؛ مکان مرکز، ظرفیت، رخداد و پیامد سلامت,مرگ کودکان زیر ۵ سال ÷ تولد زنده ×۱۰۰۰ در دوره سه تا پنج‌ساله.,baseline_requires_method_owner_approval
BEH-120,behavioral,رفتاری–اجتماعی,کیفیت زندگی,4,دسترسی به خدمات درمانی و بهداشتی,5,بسیار زیاد,مستقیم (مقدار بیشتر = ظرفیت/وضعیت بهتر),4.901960784313726,0.5512679162072767,B4,medium,health_access,network_access,درخواست سازمانی/داده غیرعمومی,"N01,N09",شبکه بهداشت/دانشگاه علوم پزشکی، اورژانس و ثبت احوال؛ مکان مرکز، ظرفیت، رخداد و پیامد سلامت + GIS/SDI شهرداری یا دهیاری و طرح جامع/تفصیلی؛ مرز محله، قطعه، بنا، کاربری و شبکه معابر,تحلیل شبکه معابر از مرکز جمعیت بلوک تا نزدیک‌ترین مرکز سلامت/اورژانس متناسب با سطح خدمت؛ نرخ پوشش = جمعیتِ درون ۱۵ دقیقه پیاده یا زمان استاندارد محلی ÷ کل جمعیت محله ×۱۰۰؛ میانه زمان/فاصله نیز گزارش شود.,baseline_requires_method_owner_approval
BEH-121,behavioral,رفتاری–اجتماعی,کیفیت زندگی,5,دسترسی به فضای عمومی و ورزشی,5,بسیار زیاد,مستقیم (مقدار بیشتر = ظرفیت/وضعیت بهتر),4.901960784313726,0.5512679162072767,B4,medium,access,network_access,ترکیبی: برخط + درخواست سازمانی,"N01,N02,N06,N23",GIS/SDI شهرداری یا دهیاری و طرح جامع/تفصیلی؛ مرز محله، قطعه، بنا، کاربری و شبکه معابر + ثبت اداری دستگاه متولی + مرکز آمار ایران؛ سرشماری نفوس و مسکن در سطح بلوک/آبادی و، حسب نیاز، طرح نیروی کار و هزینه–درآمد خانوار,تحلیل شبکه معابر از مرکز جمعیت بلوک تا نزدیک‌ترین خدمت/مقصد تصریح‌شده در عنوان شاخص؛ نرخ پوشش = جمعیتِ درون آستانه خدمت مصوب ÷ کل جمعیت محله ×۱۰۰؛ میانه زمان/فاصله نیز گزارش شود.,baseline_requires_method_owner_approval
BEH-122,behavioral,رفتاری–اجتماعی,کیفیت زندگی,6,متوسط تحصیلات,5,بسیار زیاد,مستقیم (مقدار بیشتر = ظرفیت/وضعیت بهتر),4.901960784313726,0.5512679162072767,B3,high,education,formula_specific,ترکیبی: برخط + درخواست سازمانی,"N02,N06",مرکز آمار ایران؛ سرشماری نفوس و مسکن در سطح بلوک/آبادی و، حسب نیاز، طرح نیروی کار و هزینه–درآمد خانوار,میانگین سال‌های تحصیل تکمیل‌شده جمعیت ۲۵ ساله و بیشتر، با وزن جمعیتی بلوک‌ها.,baseline_requires_method_owner_approval
BEH-123,behavioral,رفتاری–اجتماعی,کیفیت زندگی,7,رضایت از کیفیت مسکن,4,زیاد,مستقیم (مقدار بیشتر = ظرفیت/وضعیت بهتر),3.9215686274509802,0.4410143329658214,B4,medium,survey,survey_or_assessment,تولید میدانی,N03,پیمایش نمونه‌ای خانوار/کاربر محله با شناسه مکانی و پرسش استاندارد لیکرت ۱ تا ۵,میانگین وزنی پاسخ به گویه «رضایت از کیفیت مسکن» در مقیاس ۱–۵؛ تبدیل به ۰–۱۰۰: (میانگین−۱)÷۴×۱۰۰. وزن نمونه برحسب جمعیت بلوک اعمال شود.,baseline_requires_method_owner_approval
BEH-124,behavioral,رفتاری–اجتماعی,کیفیت زندگی,8,رضایت از امنیت عمومی,4,زیاد,مستقیم (مقدار بیشتر = ظرفیت/وضعیت بهتر),3.9215686274509802,0.4410143329658214,B4,medium,survey,survey_or_assessment,تولید میدانی,N03,پیمایش نمونه‌ای خانوار/کاربر محله با شناسه مکانی و پرسش استاندارد لیکرت ۱ تا ۵,میانگین وزنی پاسخ به گویه «رضایت از امنیت عمومی» در مقیاس ۱–۵؛ تبدیل به ۰–۱۰۰: (میانگین−۱)÷۴×۱۰۰. وزن نمونه برحسب جمعیت بلوک اعمال شود.,baseline_requires_method_owner_approval
BEH-125,behavioral,رفتاری–اجتماعی,کیفیت زندگی,9,نرخ قتل و سرقت,5,بسیار زیاد,معکوس (مقدار بیشتر = وضعیت نامطلوب‌تر),4.901960784313726,0.5512679162072767,B4,medium,crime,ratio_rate_or_trend,ترکیبی: برخط + درخواست سازمانی,"N02,N06,N09,N14",فراجا/کلانتری، آتش‌نشانی و اورژانس؛ رخداد مکان‌مند، زمان پاسخ و نوع حادثه + مرکز آمار ایران؛ سرشماری نفوس و مسکن در سطح بلوک/آبادی و، حسب نیاز، طرح نیروی کار و هزینه–درآمد خانوار,تعداد رخداد ثبت‌شده ژئوکدشده ÷ جمعیت ×۱۰۰٬۰۰۰ در سال؛ میانگین سه‌ساله و نرخ گزارش‌نشده پیمایشی نیز کنترل شود.,baseline_requires_method_owner_approval
BEH-126,behavioral,رفتاری–اجتماعی,کیفیت زندگی,10,ضریب باسوادی به طور کلی و در زنان,5,بسیار زیاد,مستقیم (مقدار بیشتر = ظرفیت/وضعیت بهتر),4.901960784313726,0.5512679162072767,B3,high,education,formula_specific,ترکیبی: برخط + درخواست سازمانی,"N02,N06",مرکز آمار ایران؛ سرشماری نفوس و مسکن در سطح بلوک/آبادی و، حسب نیاز، طرح نیروی کار و هزینه–درآمد خانوار,جمعیت ۶ ساله و بیشترِ باسواد ÷ کل جمعیت ۶ ساله و بیشتر ×۱۰۰؛ برای زنان جداگانه نیز محاسبه شود.,baseline_requires_method_owner_approval
BEH-127,behavioral,رفتاری–اجتماعی,کیفیت زندگی,11,درصد جمعیت با تحصیلات عالی,5,بسیار زیاد,مستقیم (مقدار بیشتر = ظرفیت/وضعیت بهتر),4.901960784313726,0.5512679162072767,B3,high,education,formula_specific,ترکیبی: برخط + درخواست سازمانی,"N02,N06",مرکز آمار ایران؛ سرشماری نفوس و مسکن در سطح بلوک/آبادی و، حسب نیاز، طرح نیروی کار و هزینه–درآمد خانوار,جمعیت ۲۵ ساله و بیشتر دارای مدرک کاردانی یا بالاتر ÷ کل جمعیت ۲۵ ساله و بیشتر ×۱۰۰.,baseline_requires_method_owner_approval
BEH-128,behavioral,رفتاری–اجتماعی,کیفیت زندگی,12,سرانۀ آموزشی,5,بسیار زیاد,مستقیم (مقدار بیشتر = ظرفیت/وضعیت بهتر),4.901960784313726,0.5512679162072767,B4,medium,percap,per_capita_or_density,ترکیبی: برخط + درخواست سازمانی,"N02,N06,N16",آموزش‌وپرورش و سازمان نوسازی مدارس؛ مکان، مقطع، ظرفیت، ثبت‌نام، معلم و نتایج آموزشی + مرکز آمار ایران؛ سرشماری نفوس و مسکن در سطح بلوک/آبادی و، حسب نیاز، طرح نیروی کار و هزینه–درآمد خانوار,سرانه = مقدار/تعداد مساحت/ظرفیت خدمت موضوع شاخص داخل یا قابل‌دسترسی محله ÷ جمعیت ساکن × ۱۰۰۰ نفر؛ ظرفیت مراکز در صورت وجود به‌جای شمارش ساده لحاظ شود.,baseline_requires_method_owner_approval
BEH-129,behavioral,رفتاری–اجتماعی,کیفیت زندگی,13,سرانۀ بهداشتی و درمانی و مرگ و میر افراد زیر 5 سال,5,بسیار زیاد,معکوس (مقدار بیشتر = وضعیت نامطلوب‌تر),4.901960784313726,0.5512679162072767,B4,medium,health,ratio_rate_or_trend,درخواست سازمانی/داده غیرعمومی,N09,شبکه بهداشت/دانشگاه علوم پزشکی، اورژانس و ثبت احوال؛ مکان مرکز، ظرفیت، رخداد و پیامد سلامت,مرگ کودکان زیر ۵ سال ÷ تولد زنده ×۱۰۰۰ در دوره سه تا پنج‌ساله.,baseline_requires_method_owner_approval
BEH-130,behavioral,رفتاری–اجتماعی,کیفیت زندگی,14,سرانۀ مرگ و میر ناشی از تصادفات,5,بسیار زیاد,معکوس (مقدار بیشتر = وضعیت نامطلوب‌تر),4.901960784313726,0.5512679162072767,B4,medium,health,ratio_rate_or_trend,درخواست سازمانی/داده غیرعمومی,"N09,N10",شبکه بهداشت/دانشگاه علوم پزشکی، اورژانس و ثبت احوال؛ مکان مرکز، ظرفیت، رخداد و پیامد سلامت + پلیس راهور,تلفات تصادف منتسب به ساکنان/محدوده محله ÷ جمعیت ×۱۰۰٬۰۰۰ در سال.,baseline_requires_method_owner_approval
BEH-131,behavioral,رفتاری–اجتماعی,کیفیت زندگی,15,سرانۀ مساحت فضای سبز عمومی معابر,5,بسیار زیاد,مستقیم (مقدار بیشتر = ظرفیت/وضعیت بهتر),4.901960784313726,0.5512679162072767,B4,medium,green,spatial_statistic,ترکیبی: برخط + درخواست سازمانی,"N01,N08,N15",GIS/SDI شهرداری یا دهیاری و طرح جامع/تفصیلی؛ مرز محله، قطعه، بنا، کاربری و شبکه معابر + سازمان نقشه‌برداری/NSDI و تصاویر Sentinel/Landsat؛ پوشش زمین، NDVI، توسعه کالبدی و مخاطرات + سازمان بوستان‌ها,سرانه فضای سبز عمومی = مساحت قابل‌استفاده سبز ÷ جمعیت؛ NDVI میانگین و درصد جمعیت در ۴۰۰ متری فضای سبز به‌عنوان کنترل.,baseline_requires_method_owner_approval
BEH-132,behavioral,رفتاری–اجتماعی,کیفیت زندگی,16,سرانۀ تغییر مساحت فضای سبز عمومی نسبت به سال 94,5,بسیار زیاد,مستقیم (مقدار بیشتر = ظرفیت/وضعیت بهتر),4.901960784313726,0.5512679162072767,B4,medium,green,spatial_statistic,ترکیبی: برخط + درخواست سازمانی,"N01,N08,N15",GIS/SDI شهرداری یا دهیاری و طرح جامع/تفصیلی؛ مرز محله، قطعه، بنا، کاربری و شبکه معابر + سازمان نقشه‌برداری/NSDI و تصاویر Sentinel/Landsat؛ پوشش زمین، NDVI، توسعه کالبدی و مخاطرات + سازمان بوستان‌ها,سرانه فضای سبز عمومی = مساحت قابل‌استفاده سبز ÷ جمعیت؛ NDVI میانگین و درصد جمعیت در ۴۰۰ متری فضای سبز به‌عنوان کنترل.,baseline_requires_method_owner_approval
BEH-133,behavioral,رفتاری–اجتماعی,کیفیت زندگی,17,سرانۀ فضای سبز عمومی درون شهری,5,بسیار زیاد,مستقیم (مقدار بیشتر = ظرفیت/وضعیت بهتر),4.901960784313726,0.5512679162072767,B4,medium,green,spatial_statistic,ترکیبی: برخط + درخواست سازمانی,"N01,N08,N15",GIS/SDI شهرداری یا دهیاری و طرح جامع/تفصیلی؛ مرز محله، قطعه، بنا، کاربری و شبکه معابر + سازمان نقشه‌برداری/NSDI و تصاویر Sentinel/Landsat؛ پوشش زمین، NDVI، توسعه کالبدی و مخاطرات + سازمان بوستان‌ها,سرانه فضای سبز عمومی = مساحت قابل‌استفاده سبز ÷ جمعیت؛ NDVI میانگین و درصد جمعیت در ۴۰۰ متری فضای سبز به‌عنوان کنترل.,baseline_requires_method_owner_approval
BEH-134,behavioral,رفتاری–اجتماعی,کیفیت زندگی,18,نسبت واحد مسکونی کمتر از 50 متر,5,بسیار زیاد,مستقیم (مقدار بیشتر = ظرفیت/وضعیت بهتر),4.901960784313726,0.5512679162072767,B4,medium,housing,formula_specific,ترکیبی: برخط + درخواست سازمانی,"N02,N06,N07",مرکز آمار ایران؛ سرشماری نفوس و مسکن در سطح بلوک/آبادی و، حسب نیاز، طرح نیروی کار و هزینه–درآمد خانوار + شهرداری، سازمان ثبت اسناد/کاداستر و راه‌وشهرسازی؛ مالکیت، قطعه، پروانه، عمر و ارزش ملک,درصد = تعداد/مساحت واحدهای مسکونی با زیربنای کمتر از ۵۰ مترمربع ÷ کل کل واحدهای مسکونی محله ×۱۰۰.,baseline_requires_method_owner_approval
BEH-135,behavioral,رفتاری–اجتماعی,کیفیت زندگی,19,تراکم جمعیت,5,بسیار زیاد,آستانه‌ای/بهینه (فاصله از دامنه معیار سنجیده شود),4.901960784313726,0.5512679162072767,B3,high,density,per_capita_or_density,ترکیبی: برخط + درخواست سازمانی,"N01,N02,N06",مرکز آمار ایران؛ سرشماری نفوس و مسکن در سطح بلوک/آبادی و، حسب نیاز، طرح نیروی کار و هزینه–درآمد خانوار + GIS/SDI شهرداری یا دهیاری و طرح جامع/تفصیلی؛ مرز محله، قطعه، بنا، کاربری و شبکه معابر,تراکم خالص/ناخالص = جمعیت ساکن ÷ مساحت بافت مسکونی/کل محله (نفر در هکتار). هر دو مقدار ثبت شود.,baseline_requires_method_owner_approval
BEH-136,behavioral,رفتاری–اجتماعی,کیفیت زندگی,20,درصد مساحت بافت فرسوده,5,بسیار زیاد,معکوس (مقدار بیشتر = وضعیت نامطلوب‌تر),4.901960784313726,0.5512679162072767,B4,medium,morphology,spatial_statistic,درخواست سازمانی/داده غیرعمومی,"N01,N07",GIS/SDI شهرداری یا دهیاری و طرح جامع/تفصیلی؛ مرز محله، قطعه، بنا، کاربری و شبکه معابر + شرکت بازآفرینی شهری/راه‌وشهرسازی,مساحت پهنه مصوب فرسوده/ناکارآمد ÷ مساحت بافت محله ×۱۰۰؛ سه معیار ریزدانگی، ناپایداری و نفوذناپذیری جدا نگهداری شود.,baseline_requires_method_owner_approval
BEH-137,behavioral,رفتاری–اجتماعی,کیفیت زندگی,21,نسبت خانوار به واحد مسکونی,5,بسیار زیاد,مستقیم (مقدار بیشتر = ظرفیت/وضعیت بهتر),4.901960784313726,0.5512679162072767,B4,medium,housing,formula_specific,ترکیبی: برخط + درخواست سازمانی,"N02,N06",مرکز آمار ایران؛ سرشماری نفوس و مسکن در سطح بلوک/آبادی و، حسب نیاز، طرح نیروی کار و هزینه–درآمد خانوار,تعداد خانوار ÷ تعداد واحد مسکونی اشغال‌شده؛ مقدار بالاتر از ۱ نشانه ازدحام/هم‌خانگی است.,baseline_requires_method_owner_approval
BEH-138,behavioral,رفتاری–اجتماعی,در برگیرندگی و شمول اجتماعی,1,دسترسی به اطلاعات عمومی,5,بسیار زیاد,مستقیم (مقدار بیشتر = ظرفیت/وضعیت بهتر),10.0,0.5512679162072767,B4,medium,access,network_access,ترکیبی: برخط + درخواست سازمانی,"N01,N02,N06,N23",GIS/SDI شهرداری یا دهیاری و طرح جامع/تفصیلی؛ مرز محله، قطعه، بنا، کاربری و شبکه معابر + ثبت اداری دستگاه متولی + مرکز آمار ایران؛ سرشماری نفوس و مسکن در سطح بلوک/آبادی و، حسب نیاز، طرح نیروی کار و هزینه–درآمد خانوار,تحلیل شبکه معابر از مرکز جمعیت بلوک تا نزدیک‌ترین خدمت/مقصد تصریح‌شده در عنوان شاخص؛ نرخ پوشش = جمعیتِ درون آستانه خدمت مصوب ÷ کل جمعیت محله ×۱۰۰؛ میانه زمان/فاصله نیز گزارش شود.,baseline_requires_method_owner_approval
BEH-139,behavioral,رفتاری–اجتماعی,در برگیرندگی و شمول اجتماعی,2,مشارکت مدنی و انتخابات,5,بسیار زیاد,مستقیم (مقدار بیشتر = ظرفیت/وضعیت بهتر),10.0,0.5512679162072767,B4,medium,participation,survey_or_assessment,ترکیبی: تولید میدانی + درخواست سازمانی,"N03,N05,N21",شورای محله/روستا، شهرداری/دهیاری، فرمانداری و سامانه سمن‌ها؛ عضویت، جلسه، بودجه، شکایت و پاسخ + پیمایش نمونه‌ای خانوار/کاربر محله با شناسه مکانی و پرسش استاندارد لیکرت ۱ تا ۵,نرخ مشارکت = افراد واجدشرایط دارای حداقل یک مشارکت مستند در ۱۲ ماه ÷ کل واجدان ×۱۰۰؛ تعداد/دوام تشکل‌ها به ازای ۱۰هزار نفر نیز ثبت شود.,baseline_requires_method_owner_approval
BEH-140,behavioral,رفتاری–اجتماعی,در برگیرندگی و شمول اجتماعی,3,توانمندسازی گروه محروم,5,بسیار زیاد,مستقیم (مقدار بیشتر = ظرفیت/وضعیت بهتر),10.0,0.5512679162072767,B4,medium,empowerment,formula_specific,درخواست سازمانی/داده غیرعمومی,"N05,N20,N21",شورای محله/روستا، شهرداری/دهیاری، فرمانداری و سامانه سمن‌ها؛ عضویت، جلسه، بودجه، شکایت و پاسخ + بهزیستی/کمیته امداد,افراد گروه هدف که دوره را تکمیل و به پیامد پایدار (اشتغال/تحصیل/خدمت) رسیده‌اند ÷ کل ثبت‌نام‌شدگان ×۱۰۰.,baseline_requires_method_owner_approval
BEH-141,behavioral,رفتاری–اجتماعی,در برگیرندگی و شمول اجتماعی,4,مبارزه با فساد اداری مالی,5,بسیار زیاد,مستقیم (مقدار بیشتر = ظرفیت/وضعیت بهتر),10.0,0.5512679162072767,B4,medium,corruption,formula_specific,درخواست سازمانی/داده غیرعمومی,"N05,N21",شورای محله/روستا، شهرداری/دهیاری، فرمانداری و سامانه سمن‌ها؛ عضویت، جلسه، بودجه، شکایت و پاسخ + بازرسی/دیوان محاسبات,پرونده‌های تأییدشده فساد ÷ ۱۰۰۰ تراکنش/مجوز؛ امتیاز شفافیت کنترل و برای شاخص مثبت معکوس شود.,baseline_requires_method_owner_approval
BEH-142,behavioral,رفتاری–اجتماعی,در برگیرندگی و شمول اجتماعی,5,دسترسی به آموزش‌های حرفه‌ای و فعال,5,بسیار زیاد,مستقیم (مقدار بیشتر = ظرفیت/وضعیت بهتر),10.0,0.5512679162072767,B1,high,access,network_access,ترکیبی: برخط + درخواست سازمانی,"N01,N02,N06,N23",GIS/SDI شهرداری یا دهیاری و طرح جامع/تفصیلی؛ مرز محله، قطعه، بنا، کاربری و شبکه معابر + ثبت اداری دستگاه متولی + مرکز آمار ایران؛ سرشماری نفوس و مسکن در سطح بلوک/آبادی و، حسب نیاز، طرح نیروی کار و هزینه–درآمد خانوار,تحلیل شبکه معابر از مرکز جمعیت بلوک تا نزدیک‌ترین خدمت/مقصد تصریح‌شده در عنوان شاخص؛ نرخ پوشش = جمعیتِ درون آستانه خدمت مصوب ÷ کل جمعیت محله ×۱۰۰؛ میانه زمان/فاصله نیز گزارش شود.,baseline_requires_method_owner_approval
BEH-143,behavioral,رفتاری–اجتماعی,در برگیرندگی و شمول اجتماعی,6,وضعیت مشارکت زنان,5,بسیار زیاد,مستقیم (مقدار بیشتر = ظرفیت/وضعیت بهتر),10.0,0.5512679162072767,B4,medium,participation,survey_or_assessment,ترکیبی: تولید میدانی + درخواست سازمانی,"N03,N05,N21",شورای محله/روستا، شهرداری/دهیاری، فرمانداری و سامانه سمن‌ها؛ عضویت، جلسه، بودجه، شکایت و پاسخ + پیمایش نمونه‌ای خانوار/کاربر محله با شناسه مکانی و پرسش استاندارد لیکرت ۱ تا ۵,نرخ مشارکت = افراد واجدشرایط دارای حداقل یک مشارکت مستند در ۱۲ ماه ÷ کل واجدان ×۱۰۰؛ تعداد/دوام تشکل‌ها به ازای ۱۰هزار نفر نیز ثبت شود.,baseline_requires_method_owner_approval
BEH-144,behavioral,رفتاری–اجتماعی,در برگیرندگی و شمول اجتماعی,7,بیکاری جوانان,5,بسیار زیاد,معکوس (مقدار بیشتر = وضعیت نامطلوب‌تر),10.0,0.5512679162072767,B1,high,youth_unemployment,formula_specific,ترکیبی: برخط + درخواست سازمانی,"N02,N06,N13",مرکز آمار ایران؛ سرشماری نفوس و مسکن در سطح بلوک/آبادی و، حسب نیاز، طرح نیروی کار و هزینه–درآمد خانوار + مرکز آمار، وزارت تعاون/کار، تأمین اجتماعی، امور مالیاتی و ثبت شرکت‌ها؛ شغل، دستمزد، بیمه و بنگاه,بیکاران ۱۵–۲۹ ساله ÷ جمعیت فعال ۱۵–۲۹ ساله ×۱۰۰.,baseline_requires_method_owner_approval
BEH-145,behavioral,رفتاری–اجتماعی,در برگیرندگی و شمول اجتماعی,8,کارایی هزینه‌های محلی,5,بسیار زیاد,مستقیم (مقدار بیشتر = ظرفیت/وضعیت بهتر),10.0,0.5512679162072767,B4,medium,composite,composite,ترکیبی: تولید میدانی + درخواست سازمانی,"N03,N04,N23",پیمایش نمونه‌ای خانوار/کاربر محله با شناسه مکانی و پرسش استاندارد لیکرت ۱ تا ۵ + ممیزی میدانی مکان‌مند و چک‌لیست مشاهده استاندارد؛ مختصات، زمان، وضعیت و عکس کنترل‌شده + ثبت اداری/GIS متولی,هر زیرمولفه به ۰–۱۰۰ نرمال شود؛ شاخص مرکب = میانگین وزنی سنجش عینیِ پوشش/انطباق و سنجش ادراکی مرتبط با عنوان شاخص. وزن زیرمولفه‌ها در نسخه پایه برابر و سپس با AHP/دلفی محلی کالیبره شود.,baseline_requires_method_owner_approval
BEH-146,behavioral,رفتاری–اجتماعی,در برگیرندگی و شمول اجتماعی,9,برنامه‌های شهری اثربخش,5,بسیار زیاد,مستقیم (مقدار بیشتر = ظرفیت/وضعیت بهتر),10.0,0.5512679162072767,B4,medium,composite,composite,ترکیبی: تولید میدانی + درخواست سازمانی,"N03,N04,N23",پیمایش نمونه‌ای خانوار/کاربر محله با شناسه مکانی و پرسش استاندارد لیکرت ۱ تا ۵ + ممیزی میدانی مکان‌مند و چک‌لیست مشاهده استاندارد؛ مختصات، زمان، وضعیت و عکس کنترل‌شده + ثبت اداری/GIS متولی,هر زیرمولفه به ۰–۱۰۰ نرمال شود؛ شاخص مرکب = میانگین وزنی سنجش عینیِ پوشش/انطباق و سنجش ادراکی مرتبط با عنوان شاخص. وزن زیرمولفه‌ها در نسخه پایه برابر و سپس با AHP/دلفی محلی کالیبره شود.,baseline_requires_method_owner_approval
BEH-147,behavioral,رفتاری–اجتماعی,در برگیرندگی و شمول اجتماعی,10,دفاع از حقوق جامعه ضعیف,5,بسیار زیاد,مستقیم (مقدار بیشتر = ظرفیت/وضعیت بهتر),10.0,0.5512679162072767,B4,medium,rights_support,formula_specific,ترکیبی: تولید میدانی + درخواست سازمانی,"N03,N05,N20,N21",شورای محله/روستا، شهرداری/دهیاری، فرمانداری و سامانه سمن‌ها؛ عضویت، جلسه، بودجه، شکایت و پاسخ + بهزیستی/دفتر تسهیلگری + پیمایش نمونه‌ای خانوار/کاربر محله با شناسه مکانی و پرسش استاندارد لیکرت ۱ تا ۵,پرونده‌های واجدشرایط دارای حمایت حقوقی/پیگیری مؤثر ÷ کل درخواست‌های معتبر ×۱۰۰.,baseline_requires_method_owner_approval
BEH-148,behavioral,رفتاری–اجتماعی,بهره وری,1,نسبت وابستگی جوانان و سالمندان,4,زیاد,معکوس (مقدار بیشتر = وضعیت نامطلوب‌تر),19.047619047619047,0.4410143329658214,B3,high,demography,ratio_rate_or_trend,ترکیبی: برخط + درخواست سازمانی,"N02,N06",مرکز آمار ایران؛ سرشماری نفوس و مسکن در سطح بلوک/آبادی و، حسب نیاز، طرح نیروی کار و هزینه–درآمد خانوار,(جمعیت ۰–۱۴ + جمعیت ۶۵ سال و بیشتر) ÷ جمعیت ۱۵–۶۴ سال ×۱۰۰.,baseline_requires_method_owner_approval
BEH-149,behavioral,رفتاری–اجتماعی,بهره وری,2,نسبت سرباری,4,زیاد,معکوس (مقدار بیشتر = وضعیت نامطلوب‌تر),19.047619047619047,0.4410143329658214,B4,medium,demography,ratio_rate_or_trend,ترکیبی: برخط + درخواست سازمانی,"N02,N06,N13",مرکز آمار ایران؛ سرشماری نفوس و مسکن در سطح بلوک/آبادی و، حسب نیاز، طرح نیروی کار و هزینه–درآمد خانوار + مرکز آمار، وزارت تعاون/کار، تأمین اجتماعی، امور مالیاتی و ثبت شرکت‌ها؛ شغل، دستمزد، بیمه و بنگاه,جمعیت غیرشاغل ÷ جمعیت شاغل ×۱۰۰؛ در صورت استفاده از تعریف سنی، تعریف نسبت وابستگی جداگانه ثبت شود.,baseline_requires_method_owner_approval
BEH-150,behavioral,رفتاری–اجتماعی,بهره وری,3,متوسط عمر بنا,4,زیاد,مستقیم (مقدار بیشتر = ظرفیت/وضعیت بهتر),19.047619047619047,0.4410143329658214,B4,medium,housing,formula_specific,ترکیبی: برخط + درخواست سازمانی,"N02,N06,N07",شهرداری، سازمان ثبت اسناد/کاداستر و راه‌وشهرسازی؛ مالکیت، قطعه، پروانه، عمر و ارزش ملک + مرکز آمار ایران؛ سرشماری نفوس و مسکن در سطح بلوک/آبادی و، حسب نیاز، طرح نیروی کار و هزینه–درآمد خانوار,میانگین وزنی عمر بنا برحسب تعداد واحد یا زیربنا؛ سهم بناهای بیش از ۳۰ سال نیز گزارش شود.,baseline_requires_method_owner_approval
BEH-151,behavioral,رفتاری–اجتماعی,بهره وری,4,میزان اشتغال,5,بسیار زیاد,مستقیم (مقدار بیشتر = ظرفیت/وضعیت بهتر),23.809523809523807,0.5512679162072767,B1,high,employment,ratio_rate_or_trend,ترکیبی: برخط + درخواست سازمانی,"N02,N06,N13",مرکز آمار ایران؛ سرشماری نفوس و مسکن در سطح بلوک/آبادی و، حسب نیاز، طرح نیروی کار و هزینه–درآمد خانوار + مرکز آمار، وزارت تعاون/کار، تأمین اجتماعی، امور مالیاتی و ثبت شرکت‌ها؛ شغل، دستمزد، بیمه و بنگاه,شاغلان ÷ جمعیت در سن کار ×۱۰۰؛ نرخ مشارکت و بیکاری نیز برای تفسیر کنترل شود.,baseline_requires_method_owner_approval
BEH-152,behavioral,رفتاری–اجتماعی,بهره وری,5,درصد تاخیر از کل زمان سفر,4,زیاد,معکوس (مقدار بیشتر = وضعیت نامطلوب‌تر),19.047619047619047,0.4410143329658214,B4,medium,travel,network_access,درخواست سازمانی/داده غیرعمومی,N10,سازمان حمل‌ونقل و ترافیک/اتوبوسرانی؛ مسیر، ایستگاه، فراوانی سرویس، زمان سفر و پارکینگ,(زمان واقعی سفر−زمان جریان آزاد) ÷ زمان واقعی سفر ×۱۰۰، میانگین وزنی سفرها.,baseline_requires_method_owner_approval
BEH-153,behavioral,رفتاری–اجتماعی,عدالت اجتماعی,1,درصد کودکان خیابانی و افراد کارتن خواب,5,بسیار زیاد,معکوس (مقدار بیشتر = وضعیت نامطلوب‌تر),14.285714285714285,0.5512679162072767,B4,medium,vulnerability,formula_specific,ترکیبی: برخط + درخواست سازمانی,"N02,N06,N20",سازمان بهزیستی، شهرداری/گرمخانه‌ها و پیمایش شمارش نقطه‌ای + مرکز آمار ایران؛ سرشماری نفوس و مسکن در سطح بلوک/آبادی و، حسب نیاز، طرح نیروی کار و هزینه–درآمد خانوار,تعداد افراد شناسایی‌شده ÷ جمعیت ×۱۰٬۰۰۰؛ شمارش تکراری حذف و میانگین چند نوبت گزارش شود.,baseline_requires_method_owner_approval
BEH-154,behavioral,رفتاری–اجتماعی,عدالت اجتماعی,2,نسبت جنسیتی,5,بسیار زیاد,آستانه‌ای/بهینه (فاصله از دامنه معیار سنجیده شود),14.285714285714285,0.5512679162072767,B4,medium,demography,ratio_rate_or_trend,ترکیبی: برخط + درخواست سازمانی,"N02,N06",مرکز آمار ایران؛ سرشماری نفوس و مسکن در سطح بلوک/آبادی و، حسب نیاز، طرح نیروی کار و هزینه–درآمد خانوار,تعداد مردان ÷ تعداد زنان ×۱۰۰؛ فاصله مطلق از دامنه مرجع شهرستان برای امتیازدهی استفاده شود.,baseline_requires_method_owner_approval
BEH-155,behavioral,رفتاری–اجتماعی,عدالت اجتماعی,3,سرانه پروژه‌های شاخص هر منطقه,5,بسیار زیاد,مستقیم (مقدار بیشتر = ظرفیت/وضعیت بهتر),14.285714285714285,0.5512679162072767,B4,medium,percap,per_capita_or_density,ترکیبی: برخط + درخواست سازمانی,"N01,N02,N06,N23",GIS/SDI شهرداری یا دهیاری و طرح جامع/تفصیلی؛ مرز محله، قطعه، بنا، کاربری و شبکه معابر + ثبت اداری دستگاه متولی + مرکز آمار ایران؛ سرشماری نفوس و مسکن در سطح بلوک/آبادی و، حسب نیاز، طرح نیروی کار و هزینه–درآمد خانوار,سرانه = مقدار/تعداد مساحت/ظرفیت خدمت موضوع شاخص داخل یا قابل‌دسترسی محله ÷ جمعیت ساکن × ۱۰۰۰ نفر؛ ظرفیت مراکز در صورت وجود به‌جای شمارش ساده لحاظ شود.,baseline_requires_method_owner_approval
BEH-156,behavioral,رفتاری–اجتماعی,عدالت اجتماعی,4,سرانۀ پروژه‌های فرهنگی اجتماعی هر منطقه,5,بسیار زیاد,مستقیم (مقدار بیشتر = ظرفیت/وضعیت بهتر),14.285714285714285,0.5512679162072767,B4,medium,percap,per_capita_or_density,ترکیبی: برخط + درخواست سازمانی,"N02,N06,N15",ادارات فرهنگ‌وارشاد، ورزش، میراث فرهنگی و اوقاف؛ مکان، مساحت، ظرفیت و برنامه مراکز + مرکز آمار ایران؛ سرشماری نفوس و مسکن در سطح بلوک/آبادی و، حسب نیاز، طرح نیروی کار و هزینه–درآمد خانوار,سرانه = مقدار/تعداد مساحت/ظرفیت خدمت موضوع شاخص داخل یا قابل‌دسترسی محله ÷ جمعیت ساکن × ۱۰۰۰ نفر؛ ظرفیت مراکز در صورت وجود به‌جای شمارش ساده لحاظ شود.,baseline_requires_method_owner_approval
BEH-157,behavioral,رفتاری–اجتماعی,عدالت اجتماعی,5,سرانۀ پروژه‌های طرح اجتماع محور پیشگیری از آسیب‌های اجتماعی زنان,5,بسیار زیاد,مستقیم (مقدار بیشتر = ظرفیت/وضعیت بهتر),14.285714285714285,0.5512679162072767,B4,medium,percap,per_capita_or_density,ترکیبی: برخط + درخواست سازمانی,"N01,N02,N06,N23",GIS/SDI شهرداری یا دهیاری و طرح جامع/تفصیلی؛ مرز محله، قطعه، بنا، کاربری و شبکه معابر + ثبت اداری دستگاه متولی + مرکز آمار ایران؛ سرشماری نفوس و مسکن در سطح بلوک/آبادی و، حسب نیاز، طرح نیروی کار و هزینه–درآمد خانوار,سرانه = مقدار/تعداد مساحت/ظرفیت خدمت موضوع شاخص داخل یا قابل‌دسترسی محله ÷ جمعیت ساکن × ۱۰۰۰ نفر؛ ظرفیت مراکز در صورت وجود به‌جای شمارش ساده لحاظ شود.,baseline_requires_method_owner_approval
BEH-158,behavioral,رفتاری–اجتماعی,عدالت اجتماعی,6,درصد توجه به معلولان,5,بسیار زیاد,مستقیم (مقدار بیشتر = ظرفیت/وضعیت بهتر),14.285714285714285,0.5512679162072767,B4,medium,accessibility,network_access,ترکیبی: تولید میدانی + درخواست سازمانی,"N04,N01",ممیزی میدانی مکان‌مند و چک‌لیست مشاهده استاندارد؛ مختصات، زمان، وضعیت و عکس کنترل‌شده + GIS/SDI شهرداری یا دهیاری و طرح جامع/تفصیلی؛ مرز محله، قطعه، بنا، کاربری و شبکه معابر,طول/تعداد مسیرها و ورودی‌های منطبق با استاندارد دسترس‌پذیری ÷ کل مسیرها/ورودی‌های ارزیابی‌شده ×۱۰۰.,baseline_requires_method_owner_approval
BEH-159,behavioral,رفتاری–اجتماعی,عدالت اجتماعی,7,نسبت زنان سرپرست خانوار,5,بسیار زیاد,مستقیم (مقدار بیشتر = ظرفیت/وضعیت بهتر),14.285714285714285,0.5512679162072767,B4,medium,demography,ratio_rate_or_trend,ترکیبی: برخط + درخواست سازمانی,"N02,N06,N20",مرکز آمار ایران؛ سرشماری نفوس و مسکن در سطح بلوک/آبادی و، حسب نیاز، طرح نیروی کار و هزینه–درآمد خانوار + سازمان بهزیستی/کمیته امداد,خانوارهای با سرپرست زن ÷ کل خانوارها ×۱۰۰.,baseline_requires_method_owner_approval
BEH-160,behavioral,رفتاری–اجتماعی,پایداری زیست محیطی,1,میزان آلودگی صوتی,4,زیاد,معکوس (مقدار بیشتر = وضعیت نامطلوب‌تر),8.16326530612245,0.4410143329658214,B4,medium,noise,ratio_rate_or_trend,تولید میدانی,"N04,N12",سازمان حفاظت محیط زیست و سامانه پایش کیفی هوا + آزمایشگاه آب/خاک و پایش صدای شهرداری + ممیزی میدانی مکان‌مند و چک‌لیست مشاهده استاندارد؛ مختصات، زمان، وضعیت و عکس کنترل‌شده,LAeq روز/شب در نقاط نمونه؛ سهم جمعیت در معرض بیش از آستانه تعیین‌شده = جمعیت بلوک‌های مواجه ÷ کل جمعیت ×۱۰۰.,baseline_requires_method_owner_approval
BEH-161,behavioral,رفتاری–اجتماعی,پایداری زیست محیطی,2,میزان الودگی هوا,4,زیاد,مستقیم (مقدار بیشتر = ظرفیت/وضعیت بهتر),8.16326530612245,0.4410143329658214,B4,medium,air,ratio_rate_or_trend,برخط/باز,N12,سازمان حفاظت محیط زیست و سامانه پایش کیفی هوا + آزمایشگاه آب/خاک و پایش صدای شهرداری,میانگین سالانه و صدک ۹۵ PM2.5/PM10 یا آلاینده غالب، با درون‌یابی مکانی به محله؛ تعداد روزهای عبور از استاندارد نیز ثبت شود.,baseline_requires_method_owner_approval
BEH-162,behavioral,رفتاری–اجتماعی,پایداری زیست محیطی,3,کیفیت مدیریت محیط زیستی اب و فاضلاب,5,بسیار زیاد,مستقیم (مقدار بیشتر = ظرفیت/وضعیت بهتر),10.204081632653061,0.5512679162072767,B4,medium,composite,composite,ترکیبی: تولید میدانی + درخواست سازمانی,"N03,N04,N23",پیمایش نمونه‌ای خانوار/کاربر محله با شناسه مکانی و پرسش استاندارد لیکرت ۱ تا ۵ + ممیزی میدانی مکان‌مند و چک‌لیست مشاهده استاندارد؛ مختصات، زمان، وضعیت و عکس کنترل‌شده + ثبت اداری/GIS متولی,هر زیرمولفه به ۰–۱۰۰ نرمال شود؛ شاخص مرکب = میانگین وزنی سنجش عینیِ پوشش/انطباق و سنجش ادراکی مرتبط با عنوان شاخص. وزن زیرمولفه‌ها در نسخه پایه برابر و سپس با AHP/دلفی محلی کالیبره شود.,baseline_requires_method_owner_approval
BEH-163,behavioral,رفتاری–اجتماعی,پایداری زیست محیطی,4,کیفیت مدیریت انرژی,4,زیاد,مستقیم (مقدار بیشتر = ظرفیت/وضعیت بهتر),8.16326530612245,0.4410143329658214,B4,medium,energy,ratio_rate_or_trend,درخواست سازمانی/داده غیرعمومی,N11,شرکت‌های آبفا، توزیع برق و گاز؛ مشترک فعال، انشعاب، قطعی، مصرف و کیفیت خدمت,مصرف نهایی سالانه برق+گاز با تبدیل به kWh ÷ زیربنا یا جمعیت؛ تغییر درصدی نسبت به خط پایه و شدت انرژی گزارش شود.,baseline_requires_method_owner_approval
BEH-164,behavioral,رفتاری–اجتماعی,پایداری زیست محیطی,5,کیفیت آموزشی محیط زیستی و مبارزه با جانوران مضر شهری,4,زیاد,مستقیم (مقدار بیشتر = ظرفیت/وضعیت بهتر),8.16326530612245,0.4410143329658214,B4,medium,education,formula_specific,ترکیبی: تولید میدانی + درخواست سازمانی,"N03,N02,N06,N13,N16",آموزش‌وپرورش و سازمان نوسازی مدارس؛ مکان، مقطع، ظرفیت، ثبت‌نام، معلم و نتایج آموزشی + مرکز آمار، وزارت تعاون/کار، تأمین اجتماعی، امور مالیاتی و ثبت شرکت‌ها؛ شغل، دستمزد، بیمه و بنگاه + پیمایش نمونه‌ای خانوار/کاربر محله با شناسه مکانی و پرسش استاندارد لیکرت ۱ تا ۵,هر زیرمولفه به ۰–۱۰۰ نرمال شود؛ شاخص مرکب = میانگین وزنی نرخ ماندگاری، پیشرفت یادگیری/اتمام دوره، رضایت و پیامد اشتغال. وزن زیرمولفه‌ها در نسخه پایه برابر و سپس با AHP/دلفی محلی کالیبره شود.,baseline_requires_method_owner_approval
BEH-165,behavioral,رفتاری–اجتماعی,پایداری زیست محیطی,6,سرانه کاشت درخت,4,زیاد,مستقیم (مقدار بیشتر = ظرفیت/وضعیت بهتر),8.16326530612245,0.4410143329658214,B4,medium,green,spatial_statistic,ترکیبی: برخط + درخواست سازمانی,"N01,N08,N15",GIS/SDI شهرداری یا دهیاری و طرح جامع/تفصیلی؛ مرز محله، قطعه، بنا، کاربری و شبکه معابر + سازمان نقشه‌برداری/NSDI و تصاویر Sentinel/Landsat؛ پوشش زمین، NDVI، توسعه کالبدی و مخاطرات + سازمان بوستان‌ها,سرانه فضای سبز عمومی = مساحت قابل‌استفاده سبز ÷ جمعیت؛ NDVI میانگین و درصد جمعیت در ۴۰۰ متری فضای سبز به‌عنوان کنترل.,baseline_requires_method_owner_approval
BEH-166,behavioral,رفتاری–اجتماعی,پایداری زیست محیطی,7,سرانۀ زبالۀ شهری و پسماند,4,زیاد,مستقیم (مقدار بیشتر = ظرفیت/وضعیت بهتر),8.16326530612245,0.4410143329658214,B4,medium,waste,ratio_rate_or_trend,ترکیبی: برخط + درخواست سازمانی,"N02,N06,N11,N17",سازمان مدیریت پسماند و آبفا؛ مقدار جمع‌آوری/بازیافت، ناوگان، مخزن، تصفیه و تخلیه + مرکز آمار ایران؛ سرشماری نفوس و مسکن در سطح بلوک/آبادی و، حسب نیاز، طرح نیروی کار و هزینه–درآمد خانوار,نرخ جمع‌آوری = پسماند جمع‌آوری‌شده ÷ پسماند برآوردی ×۱۰۰؛ نرخ بازیافت = مواد بازیافتی ÷ کل پسماند ×۱۰۰؛ ناوگان به ازای ۱۰هزار نفر.,baseline_requires_method_owner_approval
BEH-167,behavioral,رفتاری–اجتماعی,پایداری زیست محیطی,8,سرانۀ بازیافت پت,4,زیاد,مستقیم (مقدار بیشتر = ظرفیت/وضعیت بهتر),8.16326530612245,0.4410143329658214,B4,medium,waste,ratio_rate_or_trend,ترکیبی: برخط + درخواست سازمانی,"N02,N06,N11,N17",سازمان مدیریت پسماند و آبفا؛ مقدار جمع‌آوری/بازیافت، ناوگان، مخزن، تصفیه و تخلیه + مرکز آمار ایران؛ سرشماری نفوس و مسکن در سطح بلوک/آبادی و، حسب نیاز، طرح نیروی کار و هزینه–درآمد خانوار,نرخ جمع‌آوری = پسماند جمع‌آوری‌شده ÷ پسماند برآوردی ×۱۰۰؛ نرخ بازیافت = مواد بازیافتی ÷ کل پسماند ×۱۰۰؛ ناوگان به ازای ۱۰هزار نفر.,baseline_requires_method_owner_approval
BEH-168,behavioral,رفتاری–اجتماعی,پایداری زیست محیطی,9,سرانۀ بازیافت پلاستیک,4,زیاد,مستقیم (مقدار بیشتر = ظرفیت/وضعیت بهتر),8.16326530612245,0.4410143329658214,B4,medium,waste,ratio_rate_or_trend,ترکیبی: برخط + درخواست سازمانی,"N02,N06,N11,N17",سازمان مدیریت پسماند و آبفا؛ مقدار جمع‌آوری/بازیافت، ناوگان، مخزن، تصفیه و تخلیه + مرکز آمار ایران؛ سرشماری نفوس و مسکن در سطح بلوک/آبادی و، حسب نیاز، طرح نیروی کار و هزینه–درآمد خانوار,نرخ جمع‌آوری = پسماند جمع‌آوری‌شده ÷ پسماند برآوردی ×۱۰۰؛ نرخ بازیافت = مواد بازیافتی ÷ کل پسماند ×۱۰۰؛ ناوگان به ازای ۱۰هزار نفر.,baseline_requires_method_owner_approval
BEH-169,behavioral,رفتاری–اجتماعی,پایداری زیست محیطی,10,کاهش مصرف انرژی,4,زیاد,معکوس (مقدار بیشتر = وضعیت نامطلوب‌تر),8.16326530612245,0.4410143329658214,B4,medium,energy,ratio_rate_or_trend,درخواست سازمانی/داده غیرعمومی,N11,شرکت‌های آبفا، توزیع برق و گاز؛ مشترک فعال، انشعاب، قطعی، مصرف و کیفیت خدمت,مصرف نهایی سالانه برق+گاز با تبدیل به kWh ÷ زیربنا یا جمعیت؛ تغییر درصدی نسبت به خط پایه و شدت انرژی گزارش شود.,baseline_requires_method_owner_approval
BEH-170,behavioral,رفتاری–اجتماعی,پایداری زیست محیطی,11,استفاده از فناوری‌هاب انرژی تجدید پذیر,4,زیاد,مستقیم (مقدار بیشتر = ظرفیت/وضعیت بهتر),8.16326530612245,0.4410143329658214,B2,high,energy,ratio_rate_or_trend,درخواست سازمانی/داده غیرعمومی,N11,شرکت‌های آبفا، توزیع برق و گاز؛ مشترک فعال، انشعاب، قطعی، مصرف و کیفیت خدمت + سازمان انرژی‌های تجدیدپذیر,انرژی تجدیدپذیر تولید/مصرف‌شده ÷ کل مصرف نهایی انرژی ×۱۰۰.,baseline_requires_method_owner_approval
BEH-171,behavioral,رفتاری–اجتماعی,پایداری زیست محیطی,12,بهبود مدیریت منابع,4,زیاد,مستقیم (مقدار بیشتر = ظرفیت/وضعیت بهتر),8.16326530612245,0.4410143329658214,B4,medium,composite,composite,ترکیبی: تولید میدانی + درخواست سازمانی,"N03,N04,N23",پیمایش نمونه‌ای خانوار/کاربر محله با شناسه مکانی و پرسش استاندارد لیکرت ۱ تا ۵ + ممیزی میدانی مکان‌مند و چک‌لیست مشاهده استاندارد؛ مختصات، زمان، وضعیت و عکس کنترل‌شده + ثبت اداری/GIS متولی,هر زیرمولفه به ۰–۱۰۰ نرمال شود؛ شاخص مرکب = میانگین وزنی سنجش عینیِ پوشش/انطباق و سنجش ادراکی مرتبط با عنوان شاخص. وزن زیرمولفه‌ها در نسخه پایه برابر و سپس با AHP/دلفی محلی کالیبره شود.,baseline_requires_method_owner_approval
BEH-172,behavioral,رفتاری–اجتماعی,تنوع مکان‌های پرجاذبه,1,پارک یا میدان محلی,3,متوسط,مستقیم (مقدار بیشتر = ظرفیت/وضعیت بهتر),25.0,0.33076074972436603,B4,medium,place_mix,spatial_statistic,ترکیبی: تولید میدانی + درخواست سازمانی,"N04,N01",GIS/SDI شهرداری یا دهیاری و طرح جامع/تفصیلی؛ مرز محله، قطعه، بنا، کاربری و شبکه معابر + ممیزی میدانی مکان‌مند و چک‌لیست مشاهده استاندارد؛ مختصات، زمان، وضعیت و عکس کنترل‌شده,تنوع مقصد = تعداد گونه‌های فعال موجود از فهرست معیار ÷ کل گونه‌های معیار ×۱۰۰؛ دسترسی ۱۰ دقیقه پیاده نیز کنترل شود.,baseline_requires_method_owner_approval
BEH-173,behavioral,رفتاری–اجتماعی,تنوع مکان‌های پرجاذبه,2,کافی شاپ و فروشگاه,3,متوسط,مستقیم (مقدار بیشتر = ظرفیت/وضعیت بهتر),25.0,0.33076074972436603,B2,high,place_mix,spatial_statistic,ترکیبی: تولید میدانی + درخواست سازمانی,"N04,N01",GIS/SDI شهرداری یا دهیاری و طرح جامع/تفصیلی؛ مرز محله، قطعه، بنا، کاربری و شبکه معابر + ممیزی میدانی مکان‌مند و چک‌لیست مشاهده استاندارد؛ مختصات، زمان، وضعیت و عکس کنترل‌شده,تنوع مقصد = تعداد گونه‌های فعال موجود از فهرست معیار ÷ کل گونه‌های معیار ×۱۰۰؛ دسترسی ۱۰ دقیقه پیاده نیز کنترل شود.,baseline_requires_method_owner_approval
BEH-174,behavioral,رفتاری–اجتماعی,تنوع مکان‌های پرجاذبه,3,زمین بازی یا زمین خالی,3,متوسط,مستقیم (مقدار بیشتر = ظرفیت/وضعیت بهتر),25.0,0.33076074972436603,B4,medium,place_mix,spatial_statistic,ترکیبی: تولید میدانی + درخواست سازمانی,"N04,N01",GIS/SDI شهرداری یا دهیاری و طرح جامع/تفصیلی؛ مرز محله، قطعه، بنا، کاربری و شبکه معابر + ممیزی میدانی مکان‌مند و چک‌لیست مشاهده استاندارد؛ مختصات، زمان، وضعیت و عکس کنترل‌شده,تنوع مقصد = تعداد گونه‌های فعال موجود از فهرست معیار ÷ کل گونه‌های معیار ×۱۰۰؛ دسترسی ۱۰ دقیقه پیاده نیز کنترل شود.,baseline_requires_method_owner_approval
BEH-175,behavioral,رفتاری–اجتماعی,تنوع مکان‌های پرجاذبه,4,مرکز اجتماعات,3,متوسط,مستقیم (مقدار بیشتر = ظرفیت/وضعیت بهتر),25.0,0.33076074972436603,B4,medium,culture,formula_specific,ترکیبی: برخط + درخواست سازمانی,"N01,N02,N06,N15",ادارات فرهنگ‌وارشاد، ورزش، میراث فرهنگی و اوقاف؛ مکان، مساحت، ظرفیت و برنامه مراکز + GIS/SDI شهرداری یا دهیاری و طرح جامع/تفصیلی؛ مرز محله، قطعه، بنا، کاربری و شبکه معابر + مرکز آمار ایران؛ سرشماری نفوس و مسکن در سطح بلوک/آبادی و، حسب نیاز، طرح نیروی کار و هزینه–درآمد خانوار,ظرفیت/مساحت فعال به ازای ۱۰۰۰ نفر + درصد جمعیت در ۱۵ دقیقه پیاده؛ شاخص نهایی میانگین نرمال‌شده دسترسی و ظرفیت.,baseline_requires_method_owner_approval
BEH-176,behavioral,رفتاری–اجتماعی,نظام منطقه‌ای نوآوری (RIS),1,تنوع مرتبط و هوشمندی: (توانایی تغییر مسیر توسعه: (تبدیل فعالیت سنتی به زنجیره ارزش نوین)؛ شناسایی رسته‌های شغلی با قابلیت هم‌افزایی (مثلاً پیوند گردشگری با صنایع‌دستی دیجیتال)),5,بسیار زیاد,مستقیم (مقدار بیشتر = ظرفیت/وضعیت بهتر),35.714285714285715,0.5512679162072767,B2,high,related_variety,formula_specific,ترکیبی: برخط + درخواست سازمانی,"N02,N06,N13",اتحادیه‌های صنفی، صمت، جهاد کشاورزی، ثبت شرکت/برند و پیمایش بنگاه؛ تولید، فروش، فناوری و بازار + مرکز آمار، وزارت تعاون/کار، تأمین اجتماعی، امور مالیاتی و ثبت شرکت‌ها؛ شغل، دستمزد، بیمه و بنگاه,آنتروپی اشتغال در رسته‌های مرتبط + تعداد پیوندهای ورودی/خروجی محلی؛ اجزا ۰–۱۰۰ و میانگین وزنی.,baseline_requires_method_owner_approval
BEH-177,behavioral,رفتاری–اجتماعی,نظام منطقه‌ای نوآوری (RIS),2,کنشگری کارآفرینانه: (نرخ ثبت برندهای محلی؛ میزان استفاده از پلتفرم‌های فروش آنلاین؛ تمایل به جایگزینی ابزارهای نوین تولیدی به‌جای روش‌های فرسوده),4,زیاد,معکوس (مقدار بیشتر = وضعیت نامطلوب‌تر),28.57142857142857,0.4410143329658214,B2,high,survey,survey_or_assessment,تولید میدانی,N03,پیمایش نمونه‌ای خانوار/کاربر محله با شناسه مکانی و پرسش استاندارد لیکرت ۱ تا ۵,میانگین وزنی پاسخ به گویه «کنشگری کارآفرینانه: (نرخ ثبت برندهای محلی؛ میزان استفاده از پلتفرم‌های فروش آنلاین؛ تمایل به جایگزینی ابزارهای نوین تولیدی به‌جای روش‌های فرسوده)» در مقیاس ۱–۵؛ تبدیل به ۰–۱۰۰: (میانگین−۱)÷۴×۱۰۰. وزن نمونه برحسب جمعیت بلوک اعمال شود.,baseline_requires_method_owner_approval
BEH-178,behavioral,رفتاری–اجتماعی,نظام منطقه‌ای نوآوری (RIS),3,پویایی مهارتی: (نرخ جذب تکنولوژی در میان جوانان؛ حضور نیروهای متخصص بومی در پروژه‌های محلی؛ مهاجرت معکوس نخبگان محلی),5,بسیار زیاد,معکوس (مقدار بیشتر = وضعیت نامطلوب‌تر),35.714285714285715,0.5512679162072767,B1,high,generic_rate,ratio_rate_or_trend,ترکیبی: برخط + درخواست سازمانی,"N02,N06,N23",مرکز آمار ایران؛ سرشماری نفوس و مسکن در سطح بلوک/آبادی و، حسب نیاز، طرح نیروی کار و هزینه–درآمد خانوار + ثبت اداری متولی شاخص,نرخ = تعداد رخداد/افراد واجد ویژگی در دوره ÷ جمعیت در معرض خطر یا مخرج مرتبط × ضریب ۱۰۰/۱۰۰۰/۱۰۰٬۰۰۰.,baseline_requires_method_owner_approval
BEH-179,behavioral,رفتاری–اجتماعی,ارتباطات و اطلاعات,1,استفاده از سیستم‌های صوتی در مکان‌های عمومی,3,متوسط,مستقیم (مقدار بیشتر = ظرفیت/وضعیت بهتر),42.857142857142854,0.33076074972436603,B4,medium,communication_accessibility,survey_or_assessment,تولید میدانی,N04,ممیزی میدانی مکان‌مند و چک‌لیست مشاهده استاندارد؛ مختصات، زمان، وضعیت و عکس کنترل‌شده,تجهیزات/پیام‌های عمومی منطبق با استاندارد خوانایی و دسترس‌پذیری ÷ کل نمونه‌ها ×۱۰۰.,baseline_requires_method_owner_approval
BEH-180,behavioral,رفتاری–اجتماعی,ارتباطات و اطلاعات,2,چاپ بنر و بیلبورد با ابعاد بزرگ و رنگ مناسب,2,کم,مستقیم (مقدار بیشتر = ظرفیت/وضعیت بهتر),28.57142857142857,0.2205071664829107,B4,medium,communication_accessibility,survey_or_assessment,تولید میدانی,N04,ممیزی میدانی مکان‌مند و چک‌لیست مشاهده استاندارد؛ مختصات، زمان، وضعیت و عکس کنترل‌شده,تجهیزات/پیام‌های عمومی منطبق با استاندارد خوانایی و دسترس‌پذیری ÷ کل نمونه‌ها ×۱۰۰.,baseline_requires_method_owner_approval
BEH-181,behavioral,رفتاری–اجتماعی,ارتباطات و اطلاعات,3,تعبیه قفسه‌های مناسب برای قراردادن روزنامه و بروشور برای سالمندان,2,کم,مستقیم (مقدار بیشتر = ظرفیت/وضعیت بهتر),28.57142857142857,0.2205071664829107,B3,high,age_friendly,survey_or_assessment,ترکیبی: تولید میدانی + درخواست سازمانی,"N03,N04,N23",پیمایش نمونه‌ای خانوار/کاربر محله با شناسه مکانی و پرسش استاندارد لیکرت ۱ تا ۵ + ممیزی میدانی مکان‌مند و چک‌لیست مشاهده استاندارد؛ مختصات، زمان، وضعیت و عکس کنترل‌شده + ثبت خدمت دستگاه متولی,سهم سالمندان واجدشرایط برخوردار از خدمت/امکان استاندارد ×۱۰۰؛ برای کیفیت ادراکی، امتیاز لیکرت به ۰–۱۰۰ تبدیل و میانگین شود.,baseline_requires_method_owner_approval
BEH-182,behavioral,رفتاری–اجتماعی,احترام و شمول اجتماعی,1,حمایت عاطفی,4,زیاد,مستقیم (مقدار بیشتر = ظرفیت/وضعیت بهتر),100.0,0.4410143329658214,B4,medium,survey,survey_or_assessment,تولید میدانی,N03,پیمایش نمونه‌ای خانوار/کاربر محله با شناسه مکانی و پرسش استاندارد لیکرت ۱ تا ۵,میانگین وزنی پاسخ به گویه «حمایت عاطفی» در مقیاس ۱–۵؛ تبدیل به ۰–۱۰۰: (میانگین−۱)÷۴×۱۰۰. وزن نمونه برحسب جمعیت بلوک اعمال شود.,baseline_requires_method_owner_approval
BEH-183,behavioral,رفتاری–اجتماعی,خدمات پزشکی-اجتماعی,1,دسترسی پذیری خدمات بهداشتی و اورژانس,5,بسیار زیاد,مستقیم (مقدار بیشتر = ظرفیت/وضعیت بهتر),33.33333333333333,0.5512679162072767,B4,medium,health_access,network_access,درخواست سازمانی/داده غیرعمومی,"N01,N09",شبکه بهداشت/دانشگاه علوم پزشکی، اورژانس و ثبت احوال؛ مکان مرکز، ظرفیت، رخداد و پیامد سلامت + GIS/SDI شهرداری یا دهیاری و طرح جامع/تفصیلی؛ مرز محله، قطعه، بنا، کاربری و شبکه معابر,تحلیل شبکه معابر از مرکز جمعیت بلوک تا نزدیک‌ترین مرکز سلامت/اورژانس متناسب با سطح خدمت؛ نرخ پوشش = جمعیتِ درون ۱۵ دقیقه پیاده یا زمان استاندارد محلی ÷ کل جمعیت محله ×۱۰۰؛ میانه زمان/فاصله نیز گزارش شود.,baseline_requires_method_owner_approval
BEH-184,behavioral,رفتاری–اجتماعی,خدمات پزشکی-اجتماعی,2,ارائه خدمات حمل و نقل,5,بسیار زیاد,مستقیم (مقدار بیشتر = ظرفیت/وضعیت بهتر),33.33333333333333,0.5512679162072767,B4,medium,transport_quality,survey_or_assessment,ترکیبی: تولید میدانی + درخواست سازمانی,"N03,N10",سازمان حمل‌ونقل و ترافیک/اتوبوسرانی؛ مسیر، ایستگاه، فراوانی سرویس، زمان سفر و پارکینگ + پیمایش نمونه‌ای خانوار/کاربر محله با شناسه مکانی و پرسش استاندارد لیکرت ۱ تا ۵,شاخص خدمت = میانگین نرمال‌شده پوشش ایستگاه، تواتر، وقت‌شناسی، هزینه‌پذیری و رضایت؛ برای عبارت منفی، ۱۰۰ منهای شاخص خدمت.,baseline_requires_method_owner_approval
BEH-185,behavioral,رفتاری–اجتماعی,خدمات پزشکی-اجتماعی,3,برخورد مناسب با سالمندان در مراکز خدماتی,5,بسیار زیاد,مستقیم (مقدار بیشتر = ظرفیت/وضعیت بهتر),33.33333333333333,0.5512679162072767,B3,high,age_friendly,survey_or_assessment,ترکیبی: تولید میدانی + درخواست سازمانی,"N03,N04,N23",پیمایش نمونه‌ای خانوار/کاربر محله با شناسه مکانی و پرسش استاندارد لیکرت ۱ تا ۵ + ممیزی میدانی مکان‌مند و چک‌لیست مشاهده استاندارد؛ مختصات، زمان، وضعیت و عکس کنترل‌شده + ثبت خدمت دستگاه متولی,سهم سالمندان واجدشرایط برخوردار از خدمت/امکان استاندارد ×۱۰۰؛ برای کیفیت ادراکی، امتیاز لیکرت به ۰–۱۰۰ تبدیل و میانگین شود.,baseline_requires_method_owner_approval
BEH-186,behavioral,رفتاری–اجتماعی,فرهنگی، اجتماعی,1,غیر بومی بودن ساکنین,4,زیاد,مستقیم (مقدار بیشتر = ظرفیت/وضعیت بهتر),20.0,0.4410143329658214,B4,medium,migration,ratio_rate_or_trend,ترکیبی: برخط + درخواست سازمانی,"N02,N06",مرکز آمار ایران؛ سرشماری نفوس و مسکن در سطح بلوک/آبادی و، حسب نیاز، طرح نیروی کار و هزینه–درآمد خانوار,جمعیت متولد خارج از شهرستان/استان یا مهاجر پنج‌سال اخیر ÷ کل جمعیت ×۱۰۰؛ تعریف مبدا ثابت شود.,baseline_requires_method_owner_approval
BEH-187,behavioral,رفتاری–اجتماعی,فرهنگی، اجتماعی,2,نازل بودن منزلت مکانی و سکونتی,4,زیاد,مستقیم (مقدار بیشتر = ظرفیت/وضعیت بهتر),20.0,0.4410143329658214,B4,medium,place_status,formula_specific,ترکیبی: تولید میدانی + درخواست سازمانی,"N03,N07",پیمایش نمونه‌ای خانوار/کاربر محله با شناسه مکانی و پرسش استاندارد لیکرت ۱ تا ۵ + داده ارزش ملک,میانگین ادراک منزلت ۰–۱۰۰ با کنترل میانه قیمت/اجاره نسبی؛ شاخص نهایی میانگین نرمال‌شده.,baseline_requires_method_owner_approval
BEH-188,behavioral,رفتاری–اجتماعی,فرهنگی، اجتماعی,3,ترکیب جمعیتی غیرمتعارف,4,زیاد,آستانه‌ای/بهینه (فاصله از دامنه معیار سنجیده شود),20.0,0.4410143329658214,B3,high,demographic_deviation,formula_specific,ترکیبی: برخط + درخواست سازمانی,"N02,N06",مرکز آمار ایران؛ سرشماری نفوس و مسکن در سطح بلوک/آبادی و، حسب نیاز، طرح نیروی کار و هزینه–درآمد خانوار,فاصله استاندارد ترکیب سنی/جنسی/مهاجرتی محله از محدوده مرجع (مجموع قدرمطلق اختلاف سهم‌ها ÷۲).,baseline_requires_method_owner_approval
BEH-189,behavioral,رفتاری–اجتماعی,فرهنگی، اجتماعی,4,نابهنجاری‌های اجتماعی,4,زیاد,معکوس (مقدار بیشتر = وضعیت نامطلوب‌تر),20.0,0.4410143329658214,B4,medium,social_harm,formula_specific,درخواست سازمانی/داده غیرعمومی,"N09,N14,N20",فراجا/کلانتری، آتش‌نشانی و اورژانس؛ رخداد مکان‌مند، زمان پاسخ و نوع حادثه + شبکه بهداشت/دانشگاه علوم پزشکی، اورژانس و ثبت احوال؛ مکان مرکز، ظرفیت، رخداد و پیامد سلامت + بهزیستی,مجموع موزون نرخ اعتیاد، نزاع، خودکشی، طلاق و سایر آسیب‌های منتخب به ازای ۱۰۰هزار نفر؛ همه اجزا هم‌جهت و نرمال شوند.,baseline_requires_method_owner_approval
BEH-190,behavioral,رفتاری–اجتماعی,فرهنگی، اجتماعی,5,ناامنی محیط,4,زیاد,معکوس (مقدار بیشتر = وضعیت نامطلوب‌تر),20.0,0.4410143329658214,B4,medium,safety,formula_specific,ترکیبی: تولید میدانی + درخواست سازمانی,"N03,N04,N09,N14",فراجا/کلانتری، آتش‌نشانی و اورژانس؛ رخداد مکان‌مند، زمان پاسخ و نوع حادثه + پیمایش نمونه‌ای خانوار/کاربر محله با شناسه مکانی و پرسش استاندارد لیکرت ۱ تا ۵ + ممیزی میدانی مکان‌مند و چک‌لیست مشاهده استاندارد؛ مختصات، زمان، وضعیت و عکس کنترل‌شده,شاخص امنیت = ۵۰٪ معکوس نرخ رخداد استانداردشده + ۵۰٪ امتیاز ادراک امنیت ۰–۱۰۰؛ روز/شب جدا سنجیده شود.,baseline_requires_method_owner_approval
BEH-191,behavioral,رفتاری–اجتماعی,امنیت,1,جرم و جنایت و دزدی,5,بسیار زیاد,معکوس (مقدار بیشتر = وضعیت نامطلوب‌تر),33.33333333333333,0.5512679162072767,B4,medium,crime,ratio_rate_or_trend,ترکیبی: برخط + درخواست سازمانی,"N02,N06,N09,N14",فراجا/کلانتری، آتش‌نشانی و اورژانس؛ رخداد مکان‌مند، زمان پاسخ و نوع حادثه + مرکز آمار ایران؛ سرشماری نفوس و مسکن در سطح بلوک/آبادی و، حسب نیاز، طرح نیروی کار و هزینه–درآمد خانوار,تعداد رخداد ثبت‌شده ژئوکدشده ÷ جمعیت ×۱۰۰٬۰۰۰ در سال؛ میانگین سه‌ساله و نرخ گزارش‌نشده پیمایشی نیز کنترل شود.,baseline_requires_method_owner_approval
BEH-192,behavioral,رفتاری–اجتماعی,امنیت,2,خرید و فروش مواد مخدر,5,بسیار زیاد,معکوس (مقدار بیشتر = وضعیت نامطلوب‌تر),33.33333333333333,0.5512679162072767,B2,high,crime,ratio_rate_or_trend,ترکیبی: برخط + درخواست سازمانی,"N02,N06,N09,N14",فراجا/کلانتری، آتش‌نشانی و اورژانس؛ رخداد مکان‌مند، زمان پاسخ و نوع حادثه + مرکز آمار ایران؛ سرشماری نفوس و مسکن در سطح بلوک/آبادی و، حسب نیاز، طرح نیروی کار و هزینه–درآمد خانوار,تعداد رخداد ثبت‌شده ژئوکدشده ÷ جمعیت ×۱۰۰٬۰۰۰ در سال؛ میانگین سه‌ساله و نرخ گزارش‌نشده پیمایشی نیز کنترل شود.,baseline_requires_method_owner_approval
BEH-193,behavioral,رفتاری–اجتماعی,امنیت,3,تروریسم,5,بسیار زیاد,معکوس (مقدار بیشتر = وضعیت نامطلوب‌تر),33.33333333333333,0.5512679162072767,B4,medium,crime,ratio_rate_or_trend,ترکیبی: برخط + درخواست سازمانی,"N02,N06,N09,N14",فراجا/کلانتری، آتش‌نشانی و اورژانس؛ رخداد مکان‌مند، زمان پاسخ و نوع حادثه + مرکز آمار ایران؛ سرشماری نفوس و مسکن در سطح بلوک/آبادی و، حسب نیاز، طرح نیروی کار و هزینه–درآمد خانوار,تعداد رخداد ثبت‌شده ژئوکدشده ÷ جمعیت ×۱۰۰٬۰۰۰ در سال؛ میانگین سه‌ساله و نرخ گزارش‌نشده پیمایشی نیز کنترل شود.,baseline_requires_method_owner_approval
BEH-194,behavioral,رفتاری–اجتماعی,آموزش,1,امید به مدرسه,5,بسیار زیاد,مستقیم (مقدار بیشتر = ظرفیت/وضعیت بهتر),33.33333333333333,0.5512679162072767,B4,medium,education,formula_specific,ترکیبی: تولید میدانی + درخواست سازمانی,"N03,N02,N06,N13,N16",آموزش‌وپرورش و سازمان نوسازی مدارس؛ مکان، مقطع، ظرفیت، ثبت‌نام، معلم و نتایج آموزشی + مرکز آمار، وزارت تعاون/کار، تأمین اجتماعی، امور مالیاتی و ثبت شرکت‌ها؛ شغل، دستمزد، بیمه و بنگاه + پیمایش نمونه‌ای خانوار/کاربر محله با شناسه مکانی و پرسش استاندارد لیکرت ۱ تا ۵,هر زیرمولفه به ۰–۱۰۰ نرمال شود؛ شاخص مرکب = میانگین وزنی نرخ ماندگاری، پیشرفت یادگیری/اتمام دوره، رضایت و پیامد اشتغال. وزن زیرمولفه‌ها در نسخه پایه برابر و سپس با AHP/دلفی محلی کالیبره شود.,baseline_requires_method_owner_approval
BEH-195,behavioral,رفتاری–اجتماعی,آموزش,2,کیفیت آموزش,5,بسیار زیاد,مستقیم (مقدار بیشتر = ظرفیت/وضعیت بهتر),33.33333333333333,0.5512679162072767,B4,medium,education,formula_specific,ترکیبی: تولید میدانی + درخواست سازمانی,"N03,N02,N06,N13,N16",آموزش‌وپرورش و سازمان نوسازی مدارس؛ مکان، مقطع، ظرفیت، ثبت‌نام، معلم و نتایج آموزشی + مرکز آمار، وزارت تعاون/کار، تأمین اجتماعی، امور مالیاتی و ثبت شرکت‌ها؛ شغل، دستمزد، بیمه و بنگاه + پیمایش نمونه‌ای خانوار/کاربر محله با شناسه مکانی و پرسش استاندارد لیکرت ۱ تا ۵,هر زیرمولفه به ۰–۱۰۰ نرمال شود؛ شاخص مرکب = میانگین وزنی نرخ ماندگاری، پیشرفت یادگیری/اتمام دوره، رضایت و پیامد اشتغال. وزن زیرمولفه‌ها در نسخه پایه برابر و سپس با AHP/دلفی محلی کالیبره شود.,baseline_requires_method_owner_approval
BEH-196,behavioral,رفتاری–اجتماعی,آموزش,3,آموزش در حین کار,5,بسیار زیاد,مستقیم (مقدار بیشتر = ظرفیت/وضعیت بهتر),33.33333333333333,0.5512679162072767,B4,medium,education,formula_specific,ترکیبی: تولید میدانی + درخواست سازمانی,"N03,N02,N06,N13,N16",آموزش‌وپرورش و سازمان نوسازی مدارس؛ مکان، مقطع، ظرفیت، ثبت‌نام، معلم و نتایج آموزشی + مرکز آمار، وزارت تعاون/کار، تأمین اجتماعی، امور مالیاتی و ثبت شرکت‌ها؛ شغل، دستمزد، بیمه و بنگاه + پیمایش نمونه‌ای خانوار/کاربر محله با شناسه مکانی و پرسش استاندارد لیکرت ۱ تا ۵,هر زیرمولفه به ۰–۱۰۰ نرمال شود؛ شاخص مرکب = میانگین وزنی نرخ ماندگاری، پیشرفت یادگیری/اتمام دوره، رضایت و پیامد اشتغال. وزن زیرمولفه‌ها در نسخه پایه برابر و سپس با AHP/دلفی محلی کالیبره شود.,baseline_requires_method_owner_approval
BEH-197,behavioral,رفتاری–اجتماعی,اقتصاد,1,تشویق استفاده از منابع محلی,5,بسیار زیاد,مستقیم (مقدار بیشتر = ظرفیت/وضعیت بهتر),25.0,0.5512679162072767,B4,medium,business,formula_specific,ترکیبی: برخط + درخواست سازمانی,"N02,N06,N13",اتحادیه‌های صنفی، صمت، جهاد کشاورزی، ثبت شرکت/برند و پیمایش بنگاه؛ تولید، فروش، فناوری و بازار + مرکز آمار، وزارت تعاون/کار، تأمین اجتماعی، امور مالیاتی و ثبت شرکت‌ها؛ شغل، دستمزد، بیمه و بنگاه,هر زیرمولفه به ۰–۱۰۰ نرمال شود؛ شاخص مرکب = میانگین وزنی نرخ بنگاه فعال، رشد اشتغال، فروش واقعی و دسترسی بازار مرتبط با موضوع. وزن زیرمولفه‌ها در نسخه پایه برابر و سپس با AHP/دلفی محلی کالیبره شود.,baseline_requires_method_owner_approval
BEH-198,behavioral,رفتاری–اجتماعی,اقتصاد,2,توانمندسازی نیروی کار,5,بسیار زیاد,مستقیم (مقدار بیشتر = ظرفیت/وضعیت بهتر),25.0,0.5512679162072767,B4,medium,business,formula_specific,ترکیبی: برخط + درخواست سازمانی,"N02,N06,N13",اتحادیه‌های صنفی، صمت، جهاد کشاورزی، ثبت شرکت/برند و پیمایش بنگاه؛ تولید، فروش، فناوری و بازار + مرکز آمار، وزارت تعاون/کار، تأمین اجتماعی، امور مالیاتی و ثبت شرکت‌ها؛ شغل، دستمزد، بیمه و بنگاه,هر زیرمولفه به ۰–۱۰۰ نرمال شود؛ شاخص مرکب = میانگین وزنی نرخ بنگاه فعال، رشد اشتغال، فروش واقعی و دسترسی بازار مرتبط با موضوع. وزن زیرمولفه‌ها در نسخه پایه برابر و سپس با AHP/دلفی محلی کالیبره شود.,baseline_requires_method_owner_approval
BEH-199,behavioral,رفتاری–اجتماعی,اقتصاد,3,نرخ اشتغال,5,بسیار زیاد,مستقیم (مقدار بیشتر = ظرفیت/وضعیت بهتر),25.0,0.5512679162072767,B1,high,employment,ratio_rate_or_trend,ترکیبی: برخط + درخواست سازمانی,"N02,N06,N13",مرکز آمار ایران؛ سرشماری نفوس و مسکن در سطح بلوک/آبادی و، حسب نیاز، طرح نیروی کار و هزینه–درآمد خانوار + مرکز آمار، وزارت تعاون/کار، تأمین اجتماعی، امور مالیاتی و ثبت شرکت‌ها؛ شغل، دستمزد، بیمه و بنگاه,شاغلان ÷ جمعیت در سن کار ×۱۰۰؛ نرخ مشارکت و بیکاری نیز برای تفسیر کنترل شود.,baseline_requires_method_owner_approval
BEH-200,behavioral,رفتاری–اجتماعی,اقتصاد,4,متوسط درآمد خانوار,5,بسیار زیاد,مستقیم (مقدار بیشتر = ظرفیت/وضعیت بهتر),25.0,0.5512679162072767,B1,high,income,ratio_rate_or_trend,ترکیبی: برخط + درخواست سازمانی,"N02,N06,N13",مرکز آمار ایران؛ سرشماری نفوس و مسکن در سطح بلوک/آبادی و، حسب نیاز، طرح نیروی کار و هزینه–درآمد خانوار + مرکز آمار، وزارت تعاون/کار، تأمین اجتماعی، امور مالیاتی و ثبت شرکت‌ها؛ شغل، دستمزد، بیمه و بنگاه,میانه و میانگین درآمد خالص ماهانه خانوار به قیمت ثابت؛ برای گونه‌بندی، میانه تعدیل‌شده بر اندازه خانوار استفاده شود.,baseline_requires_method_owner_approval
BEH-201,behavioral,رفتاری–اجتماعی,عدالت اجتماعی و مشارکت,1,افزایش مشارکت جوامع محلی,5,بسیار زیاد,مستقیم (مقدار بیشتر = ظرفیت/وضعیت بهتر),20.0,0.5512679162072767,B4,medium,participation,survey_or_assessment,ترکیبی: تولید میدانی + درخواست سازمانی,"N03,N05,N21",شورای محله/روستا، شهرداری/دهیاری، فرمانداری و سامانه سمن‌ها؛ عضویت، جلسه، بودجه، شکایت و پاسخ + پیمایش نمونه‌ای خانوار/کاربر محله با شناسه مکانی و پرسش استاندارد لیکرت ۱ تا ۵,نرخ مشارکت = افراد واجدشرایط دارای حداقل یک مشارکت مستند در ۱۲ ماه ÷ کل واجدان ×۱۰۰؛ تعداد/دوام تشکل‌ها به ازای ۱۰هزار نفر نیز ثبت شود.,baseline_requires_method_owner_approval
BEH-202,behavioral,رفتاری–اجتماعی,عدالت اجتماعی و مشارکت,2,گنجاندن ملاحظات عدالت در تصمیم‌گیری‌ها,5,بسیار زیاد,مستقیم (مقدار بیشتر = ظرفیت/وضعیت بهتر),20.0,0.5512679162072767,B4,medium,equity_assessment,formula_specific,درخواست سازمانی/داده غیرعمومی,"N05,N21",شورای محله/روستا، شهرداری/دهیاری، فرمانداری و سامانه سمن‌ها؛ عضویت، جلسه، بودجه، شکایت و پاسخ + اسناد ارزیابی طرح,پروژه‌های دارای ارزیابی توزیعی اثر بر گروه‌های آسیب‌پذیر ÷ کل پروژه‌های مهم ×۱۰۰.,baseline_requires_method_owner_approval
BEH-203,behavioral,رفتاری–اجتماعی,عدالت اجتماعی و مشارکت,3,توسعۀ فشرده و جلوگیری از گسترش بی‌رویه شهر نشینی,5,بسیار زیاد,مستقیم (مقدار بیشتر = ظرفیت/وضعیت بهتر),20.0,0.5512679162072767,B4,medium,compact_growth,formula_specific,ترکیبی: برخط + درخواست سازمانی,"N01,N08",GIS/SDI شهرداری یا دهیاری و طرح جامع/تفصیلی؛ مرز محله، قطعه، بنا، کاربری و شبکه معابر + سازمان نقشه‌برداری/NSDI و تصاویر Sentinel/Landsat؛ پوشش زمین، NDVI، توسعه کالبدی و مخاطرات,رشد سطح ساخته‌شده ÷ رشد جمعیت؛ شاخص فشردگی = سهم ساخت‌وساز در محدوده موجود و نزدیک حمل‌ونقل ×۱۰۰.,baseline_requires_method_owner_approval
BEH-204,behavioral,رفتاری–اجتماعی,عدالت اجتماعی و مشارکت,4,توزیع منصفانه منافع و هزینه‌ها,5,بسیار زیاد,مستقیم (مقدار بیشتر = ظرفیت/وضعیت بهتر),20.0,0.5512679162072767,B4,medium,distributional_equity,formula_specific,ترکیبی: برخط + درخواست سازمانی,"N02,N06,N21",مرکز آمار ایران؛ سرشماری نفوس و مسکن در سطح بلوک/آبادی و، حسب نیاز، طرح نیروی کار و هزینه–درآمد خانوار + بودجه/پروژه مکانی,ضریب جینی یا شاخص تمرکز توزیع سرانه منفعت و هزینه میان بلوک‌ها/گروه‌ها؛ برای امتیاز مثبت ۱۰۰×(۱−جینی).,baseline_requires_method_owner_approval
BEH-205,behavioral,رفتاری–اجتماعی,عدالت اجتماعی و مشارکت,5,مدیریت رشد محدوده شهری,5,بسیار زیاد,مستقیم (مقدار بیشتر = ظرفیت/وضعیت بهتر),20.0,0.5512679162072767,B4,medium,composite,composite,ترکیبی: تولید میدانی + درخواست سازمانی,"N03,N04,N23",پیمایش نمونه‌ای خانوار/کاربر محله با شناسه مکانی و پرسش استاندارد لیکرت ۱ تا ۵ + ممیزی میدانی مکان‌مند و چک‌لیست مشاهده استاندارد؛ مختصات، زمان، وضعیت و عکس کنترل‌شده + ثبت اداری/GIS متولی,هر زیرمولفه به ۰–۱۰۰ نرمال شود؛ شاخص مرکب = میانگین وزنی سنجش عینیِ پوشش/انطباق و سنجش ادراکی مرتبط با عنوان شاخص. وزن زیرمولفه‌ها در نسخه پایه برابر و سپس با AHP/دلفی محلی کالیبره شود.,baseline_requires_method_owner_approval
BEH-206,behavioral,رفتاری–اجتماعی,سلامت عمومی,1,ایجاد محیط‌های سالم و ایمن برای همه,5,بسیار زیاد,مستقیم (مقدار بیشتر = ظرفیت/وضعیت بهتر),50.0,0.5512679162072767,B3,high,composite,composite,ترکیبی: تولید میدانی + درخواست سازمانی,"N03,N04,N23",پیمایش نمونه‌ای خانوار/کاربر محله با شناسه مکانی و پرسش استاندارد لیکرت ۱ تا ۵ + ممیزی میدانی مکان‌مند و چک‌لیست مشاهده استاندارد؛ مختصات، زمان، وضعیت و عکس کنترل‌شده + ثبت اداری/GIS متولی,هر زیرمولفه به ۰–۱۰۰ نرمال شود؛ شاخص مرکب = میانگین وزنی سنجش عینیِ پوشش/انطباق و سنجش ادراکی مرتبط با عنوان شاخص. وزن زیرمولفه‌ها در نسخه پایه برابر و سپس با AHP/دلفی محلی کالیبره شود.,baseline_requires_method_owner_approval
BEH-207,behavioral,رفتاری–اجتماعی,سلامت عمومی,2,تقویت مقررات بهداشت و ایمنی در محله‌ها,5,بسیار زیاد,مستقیم (مقدار بیشتر = ظرفیت/وضعیت بهتر),50.0,0.5512679162072767,B3,high,composite,composite,ترکیبی: تولید میدانی + درخواست سازمانی,"N03,N04,N23",پیمایش نمونه‌ای خانوار/کاربر محله با شناسه مکانی و پرسش استاندارد لیکرت ۱ تا ۵ + ممیزی میدانی مکان‌مند و چک‌لیست مشاهده استاندارد؛ مختصات، زمان، وضعیت و عکس کنترل‌شده + ثبت اداری/GIS متولی,هر زیرمولفه به ۰–۱۰۰ نرمال شود؛ شاخص مرکب = میانگین وزنی سنجش عینیِ پوشش/انطباق و سنجش ادراکی مرتبط با عنوان شاخص. وزن زیرمولفه‌ها در نسخه پایه برابر و سپس با AHP/دلفی محلی کالیبره شود.,baseline_requires_method_owner_approval
BEH-208,behavioral,رفتاری–اجتماعی,حمایت اجتماعی,1,حمایت از افراد آسیب‌پذیر,5,بسیار زیاد,معکوس (مقدار بیشتر = وضعیت نامطلوب‌تر),50.0,0.5512679162072767,B4,medium,social_protection,formula_specific,درخواست سازمانی/داده غیرعمومی,"N05,N20,N21",شورای محله/روستا، شهرداری/دهیاری، فرمانداری و سامانه سمن‌ها؛ عضویت، جلسه، بودجه، شکایت و پاسخ + بهزیستی/کمیته امداد,افراد آسیب‌پذیر واجدشرایط برخوردار از بسته خدمت مؤثر ÷ کل افراد واجدشرایط ×۱۰۰.,baseline_requires_method_owner_approval
BEH-209,behavioral,رفتاری–اجتماعی,حمایت اجتماعی,2,برنامه‌های کاهش بی‌خانمانی,5,بسیار زیاد,مستقیم (مقدار بیشتر = ظرفیت/وضعیت بهتر),50.0,0.5512679162072767,B4,medium,vulnerability,formula_specific,ترکیبی: برخط + درخواست سازمانی,"N02,N06,N20",سازمان بهزیستی، شهرداری/گرمخانه‌ها و پیمایش شمارش نقطه‌ای + مرکز آمار ایران؛ سرشماری نفوس و مسکن در سطح بلوک/آبادی و، حسب نیاز، طرح نیروی کار و هزینه–درآمد خانوار,تعداد افراد شناسایی‌شده ÷ جمعیت ×۱۰٬۰۰۰؛ شمارش تکراری حذف و میانگین چند نوبت گزارش شود.,baseline_requires_method_owner_approval
NOR-001,normative,هنجاری–ادراکی,مدیریتی,1,منابع مالی,4,زیاد,مستقیم (مقدار بیشتر = ظرفیت/وضعیت بهتر),7.8431372549019605,2.8169014084507045,N3,medium,governance,survey_or_assessment,درخواست سازمانی/داده غیرعمومی,"N05,N21",شورای محله/روستا، شهرداری/دهیاری، فرمانداری و سامانه سمن‌ها؛ عضویت، جلسه، بودجه، شکایت و پاسخ + اسناد بودجه و عملکرد دستگاه,هر زیرمولفه به ۰–۱۰۰ نرمال شود؛ شاخص مرکب = میانگین وزنی انتشار به‌موقع داده، پوشش گزارش، نرخ پاسخ به شکایت، تحقق بودجه و مشارکت ذی‌نفعان. وزن زیرمولفه‌ها در نسخه پایه برابر و سپس با AHP/دلفی محلی کالیبره شود.,baseline_requires_method_owner_approval
NOR-002,normative,هنجاری–ادراکی,مدیریتی,2,مشارکت,4,زیاد,مستقیم (مقدار بیشتر = ظرفیت/وضعیت بهتر),7.8431372549019605,2.8169014084507045,N3,medium,participation,survey_or_assessment,ترکیبی: تولید میدانی + درخواست سازمانی,"N03,N05,N21",شورای محله/روستا، شهرداری/دهیاری، فرمانداری و سامانه سمن‌ها؛ عضویت، جلسه، بودجه، شکایت و پاسخ + پیمایش نمونه‌ای خانوار/کاربر محله با شناسه مکانی و پرسش استاندارد لیکرت ۱ تا ۵,نرخ مشارکت = افراد واجدشرایط دارای حداقل یک مشارکت مستند در ۱۲ ماه ÷ کل واجدان ×۱۰۰؛ تعداد/دوام تشکل‌ها به ازای ۱۰هزار نفر نیز ثبت شود.,baseline_requires_method_owner_approval
NOR-003,normative,هنجاری–ادراکی,مدیریتی,3,ساختار نهادی,4,زیاد,مستقیم (مقدار بیشتر = ظرفیت/وضعیت بهتر),7.8431372549019605,2.8169014084507045,N3,medium,governance,survey_or_assessment,درخواست سازمانی/داده غیرعمومی,"N05,N21",شورای محله/روستا، شهرداری/دهیاری، فرمانداری و سامانه سمن‌ها؛ عضویت، جلسه، بودجه، شکایت و پاسخ + اسناد بودجه و عملکرد دستگاه,هر زیرمولفه به ۰–۱۰۰ نرمال شود؛ شاخص مرکب = میانگین وزنی انتشار به‌موقع داده، پوشش گزارش، نرخ پاسخ به شکایت، تحقق بودجه و مشارکت ذی‌نفعان. وزن زیرمولفه‌ها در نسخه پایه برابر و سپس با AHP/دلفی محلی کالیبره شود.,baseline_requires_method_owner_approval
NOR-004,normative,هنجاری–ادراکی,مدیریتی,4,فضای کافی پارکینگ خودرو,2,کم,مستقیم (مقدار بیشتر = ظرفیت/وضعیت بهتر),3.9215686274509802,1.4084507042253522,N3,medium,parking,formula_specific,درخواست سازمانی/داده غیرعمومی,"N01,N10",GIS/SDI شهرداری یا دهیاری و طرح جامع/تفصیلی؛ مرز محله، قطعه، بنا، کاربری و شبکه معابر + سازمان حمل‌ونقل و ترافیک/اتوبوسرانی؛ مسیر، ایستگاه، فراوانی سرویس، زمان سفر و پارکینگ,تعداد جای پارک قانونی قابل‌استفاده ÷ تقاضای اوج پارک ×۱۰۰؛ اشغال حاشیه‌ای غیرمجاز جدا گزارش شود.,baseline_requires_method_owner_approval
NOR-005,normative,هنجاری–ادراکی,مدیریتی,5,کیفیت خدمات شهری,4,زیاد,مستقیم (مقدار بیشتر = ظرفیت/وضعیت بهتر),7.8431372549019605,2.8169014084507045,N3,medium,composite,composite,ترکیبی: تولید میدانی + درخواست سازمانی,"N03,N04,N23",پیمایش نمونه‌ای خانوار/کاربر محله با شناسه مکانی و پرسش استاندارد لیکرت ۱ تا ۵ + ممیزی میدانی مکان‌مند و چک‌لیست مشاهده استاندارد؛ مختصات، زمان، وضعیت و عکس کنترل‌شده + ثبت اداری/GIS متولی,هر زیرمولفه به ۰–۱۰۰ نرمال شود؛ شاخص مرکب = میانگین وزنی سنجش عینیِ پوشش/انطباق و سنجش ادراکی مرتبط با عنوان شاخص. وزن زیرمولفه‌ها در نسخه پایه برابر و سپس با AHP/دلفی محلی کالیبره شود.,baseline_requires_method_owner_approval
NOR-006,normative,هنجاری–ادراکی,مدیریتی,6,وجود خدمات بانکی و ارتباطی شهری,4,زیاد,مستقیم (مقدار بیشتر = ظرفیت/وضعیت بهتر),7.8431372549019605,2.8169014084507045,N3,medium,services,per_capita_or_density,ترکیبی: برخط + درخواست سازمانی,"N01,N18,N22",GIS/SDI شهرداری یا دهیاری و طرح جامع/تفصیلی؛ مرز محله، قطعه، بنا، کاربری و شبکه معابر + بانک مرکزی/اپراتورها,تحلیل شبکه معابر از مرکز جمعیت بلوک تا نزدیک‌ترین شعبه/خودپرداز/خدمت ارتباطی فعال؛ نرخ پوشش = جمعیتِ درون ۱۵ دقیقه پیاده یا آستانه محلی ÷ کل جمعیت محله ×۱۰۰؛ میانه زمان/فاصله نیز گزارش شود.,baseline_requires_method_owner_approval
NOR-007,normative,هنجاری–ادراکی,مدیریتی,7,وجود فضاها برای پیاده روی و دوچرخه سواری,4,زیاد,مستقیم (مقدار بیشتر = ظرفیت/وضعیت بهتر),7.8431372549019605,2.8169014084507045,N3,medium,existence,formula_specific,ترکیبی: تولید میدانی + درخواست سازمانی,"N04,N01,N23",GIS/SDI شهرداری یا دهیاری و طرح جامع/تفصیلی؛ مرز محله، قطعه، بنا، کاربری و شبکه معابر + ممیزی میدانی مکان‌مند و چک‌لیست مشاهده استاندارد؛ مختصات، زمان، وضعیت و عکس کنترل‌شده + ثبت اداری متولی,مقدار پایه دودویی ۰/۱ برای وجود فعال؛ برای مقایسه محله‌ای، ظرفیت فعال ÷ جمعیت و درصد پوشش مکانی به ۰–۱۰۰ تبدیل شود.,baseline_requires_method_owner_approval
NOR-008,normative,هنجاری–ادراکی,مدیریتی,8,کیفیت وسایل حمل و نقل عمومی و دسترسی آسان به آن,4,زیاد,مستقیم (مقدار بیشتر = ظرفیت/وضعیت بهتر),7.8431372549019605,2.8169014084507045,N3,medium,transport_access,network_access,درخواست سازمانی/داده غیرعمومی,"N01,N10",سازمان حمل‌ونقل و ترافیک/اتوبوسرانی؛ مسیر، ایستگاه، فراوانی سرویس، زمان سفر و پارکینگ + GIS/SDI شهرداری یا دهیاری و طرح جامع/تفصیلی؛ مرز محله، قطعه، بنا، کاربری و شبکه معابر,تحلیل شبکه معابر از مرکز جمعیت بلوک تا نزدیک‌ترین ایستگاه حمل‌ونقل عمومی با سرویس فعال؛ نرخ پوشش = جمعیتِ درون ۴۰۰ متر پیاده ÷ کل جمعیت محله ×۱۰۰؛ میانه زمان/فاصله نیز گزارش شود.,baseline_requires_method_owner_approval
NOR-009,normative,هنجاری–ادراکی,مدیریتی,9,استفاده از طرفیت گردشگری برای درآمدزایی,5,بسیار زیاد,مستقیم (مقدار بیشتر = ظرفیت/وضعیت بهتر),9.803921568627452,3.5211267605633805,N3,medium,tourism_income,formula_specific,درخواست سازمانی/داده غیرعمومی,"N06,N13,N15",ادارات فرهنگ‌وارشاد، ورزش، میراث فرهنگی و اوقاف؛ مکان، مساحت، ظرفیت و برنامه مراکز + اتحادیه‌های صنفی، صمت، جهاد کشاورزی، ثبت شرکت/برند و پیمایش بنگاه؛ تولید، فروش، فناوری و بازار,درآمد مستقیم گردشگری محله ÷ کل درآمد بنگاه‌های محلی ×۱۰۰؛ اشتغال گردشگری مکمل.,baseline_requires_method_owner_approval
NOR-010,normative,هنجاری–ادراکی,مدیریتی,10,استفاده از فضای گردشگری برای گذران وقت,4,زیاد,مستقیم (مقدار بیشتر = ظرفیت/وضعیت بهتر),7.8431372549019605,2.8169014084507045,N3,medium,tourism_use,formula_specific,درخواست سازمانی/داده غیرعمومی,N15,ادارات فرهنگ‌وارشاد، ورزش، میراث فرهنگی و اوقاف؛ مکان، مساحت، ظرفیت و برنامه مراکز + داده بازدید/پیمایش,بازدیدکننده-ساعت فضاهای گردشگری ÷ ظرفیت و روز فعال؛ سهم ساکنان استفاده‌کننده در ماه نیز گزارش شود.,baseline_requires_method_owner_approval
NOR-011,normative,هنجاری–ادراکی,مدیریتی,11,مدیریت شهری بی‌تفاوت و بی‌توجه,4,زیاد,معکوس (مقدار بیشتر = وضعیت نامطلوب‌تر),7.8431372549019605,2.8169014084507045,N3,medium,service_responsiveness,formula_specific,درخواست سازمانی/داده غیرعمومی,"N05,N21,N25",شورای محله/روستا، شهرداری/دهیاری، فرمانداری و سامانه سمن‌ها؛ عضویت، جلسه، بودجه، شکایت و پاسخ + سامانه ۱۳۷/بودجه عملکرد,درخواست‌های بی‌پاسخ در مهلت ÷ کل درخواست‌ها ×۱۰۰ + شکاف تحقق خدمت/بودجه؛ برای امتیاز مثبت معکوس شود.,baseline_requires_method_owner_approval
NOR-012,normative,هنجاری–ادراکی,مدیریتی,12,عدم ارائه خدمات شهری و ضعف در ارائه خدمات رسانی,4,زیاد,معکوس (مقدار بیشتر = وضعیت نامطلوب‌تر),7.8431372549019605,2.8169014084507045,N3,medium,service_responsiveness,formula_specific,درخواست سازمانی/داده غیرعمومی,"N05,N21,N25",شورای محله/روستا، شهرداری/دهیاری، فرمانداری و سامانه سمن‌ها؛ عضویت، جلسه، بودجه، شکایت و پاسخ + سامانه ۱۳۷/بودجه عملکرد,درخواست‌های بی‌پاسخ در مهلت ÷ کل درخواست‌ها ×۱۰۰ + شکاف تحقق خدمت/بودجه؛ برای امتیاز مثبت معکوس شود.,baseline_requires_method_owner_approval
NOR-013,normative,هنجاری–ادراکی,مدیریتی,13,کمبود فضاهای عمومی و خدمات رسانی,4,زیاد,معکوس (مقدار بیشتر = وضعیت نامطلوب‌تر),7.8431372549019605,2.8169014084507045,N3,medium,service_deficit,formula_specific,درخواست سازمانی/داده غیرعمومی,"N01,N23",GIS/SDI شهرداری یا دهیاری و طرح جامع/تفصیلی؛ مرز محله، قطعه، بنا، کاربری و شبکه معابر + ثبت ظرفیت دستگاه‌های خدمت‌رسان,کسری خدمت = max(۰، سرانه معیار−سرانه موجود) ÷ سرانه معیار ×۱۰۰؛ برای امتیاز مثبت، ۱۰۰−کسری.,baseline_requires_method_owner_approval
NOR-014,normative,هنجاری–ادراکی,حقوقی,1,تعیین محدودۀ و نظارت جدی بر آن,4,زیاد,مستقیم (مقدار بیشتر = ظرفیت/وضعیت بهتر),50.0,2.8169014084507045,N3,medium,governance,survey_or_assessment,درخواست سازمانی/داده غیرعمومی,"N01,N05,N21",GIS/SDI شهرداری یا دهیاری و طرح جامع/تفصیلی؛ مرز محله، قطعه، بنا، کاربری و شبکه معابر + شورای محله/روستا، شهرداری/دهیاری، فرمانداری و سامانه سمن‌ها؛ عضویت، جلسه، بودجه، شکایت و پاسخ,سهم مساحت/پروژه‌های منطبق با محدوده و ضوابط مصوب ÷ کل مساحت/پروژه‌های ارزیابی‌شده ×۱۰۰.,baseline_requires_method_owner_approval
NOR-015,normative,هنجاری–ادراکی,حقوقی,2,تعیین حد نصاب تفکیک و تراکم,4,زیاد,مستقیم (مقدار بیشتر = ظرفیت/وضعیت بهتر),50.0,2.8169014084507045,N3,medium,land,spatial_statistic,درخواست سازمانی/داده غیرعمومی,"N01,N07",شهرداری، سازمان ثبت اسناد/کاداستر و راه‌وشهرسازی؛ مالکیت، قطعه، پروانه، عمر و ارزش ملک + GIS/SDI شهرداری یا دهیاری و طرح جامع/تفصیلی؛ مرز محله، قطعه، بنا، کاربری و شبکه معابر,درصد قطعات منطبق با حد نصاب و خطوط ثبتی مصوب؛ قطعات فاقد تطبیق ÷ کل قطعات ×۱۰۰ نیز گزارش شود.,baseline_requires_method_owner_approval
NOR-016,normative,هنجاری–ادراکی,نظام منطقه‌ای نوآوری (RIS),1,یادگیری منطقه‌ای: (میزان انتقال دانش بین‌نسلی؛ وجود شبکه‌های غیررسمی تبادل تجربه؛ انعطاف‌پذیری معتمدین و امام روستا در پذیرش ایده‌های نوآورانه),5,بسیار زیاد,مستقیم (مقدار بیشتر = ظرفیت/وضعیت بهتر),33.33333333333333,3.5211267605633805,N1,high,innovation,survey_or_assessment,ترکیبی: تولید میدانی + درخواست سازمانی,"N03,N05,N06,N13,N21",شورای محله/روستا، شهرداری/دهیاری، فرمانداری و سامانه سمن‌ها؛ عضویت، جلسه، بودجه، شکایت و پاسخ + پیمایش نمونه‌ای خانوار/کاربر محله با شناسه مکانی و پرسش استاندارد لیکرت ۱ تا ۵ + اتحادیه‌های صنفی، صمت، جهاد کشاورزی، ثبت شرکت/برند و پیمایش بنگاه؛ تولید، فروش، فناوری و بازار,هر زیرمولفه به ۰–۱۰۰ نرمال شود؛ شاخص مرکب = میانگین وزنی تبادل دانش، اعتماد نهادی، پذیرش شکست، قدرت نمایندگی و مشارکت مالی جمعی. وزن زیرمولفه‌ها در نسخه پایه برابر و سپس با AHP/دلفی محلی کالیبره شود.,baseline_requires_method_owner_approval
NOR-017,normative,هنجاری–ادراکی,نظام منطقه‌ای نوآوری (RIS),2,تنظیمات نهادی: (اعتماد نهادی: میزان اعتماد فعالان محلی به دانشگاه‌ها و دستگاه‌های اجرایی؛ قدرت چانه‌زنی تشکل‌های بومی در سیاست‌گذاری منطقه‌ای),5,بسیار زیاد,مستقیم (مقدار بیشتر = ظرفیت/وضعیت بهتر),33.33333333333333,3.5211267605633805,N2,high,survey,survey_or_assessment,تولید میدانی,N03,پیمایش نمونه‌ای خانوار/کاربر محله با شناسه مکانی و پرسش استاندارد لیکرت ۱ تا ۵,میانگین وزنی پاسخ به گویه «تنظیمات نهادی: (اعتماد نهادی: میزان اعتماد فعالان محلی به دانشگاه‌ها و دستگاه‌های اجرایی؛ قدرت چانه‌زنی تشکل‌های بومی در سیاست‌گذاری منطقه‌ای)» در مقیاس ۱–۵؛ تبدیل به ۰–۱۰۰: (میانگین−۱)÷۴×۱۰۰. وزن نمونه برحسب جمعیت بلوک اعمال شود.,baseline_requires_method_owner_approval
NOR-018,normative,هنجاری–ادراکی,نظام منطقه‌ای نوآوری (RIS),3,فرهنگ ریسک و مشارکت: (پذیرش اجتماعی شکست در کسب‌وکارهای نوپا؛ میزان مشارکت در پروژه‌های «سرمایه‌گذاری جمعی» (Crowdfunding) محلی؛ امنیت حقوق مالکیت و برند در منطقه),5,بسیار زیاد,آستانه‌ای/بهینه (فاصله از دامنه معیار سنجیده شود),33.33333333333333,3.5211267605633805,N2,high,survey,survey_or_assessment,تولید میدانی,N03,پیمایش نمونه‌ای خانوار/کاربر محله با شناسه مکانی و پرسش استاندارد لیکرت ۱ تا ۵,میانگین وزنی پاسخ به گویه «فرهنگ ریسک و مشارکت: (پذیرش اجتماعی شکست در کسب‌وکارهای نوپا؛ میزان مشارکت در پروژه‌های «سرمایه‌گذاری جمعی» (Crowdfunding) محلی؛ امنیت حقوق مالکیت و برند در منطقه)» در مقیاس ۱–۵؛ تبدیل به ۰–۱۰۰: (میانگین−۱)÷۴×۱۰۰. وزن نمونه برحسب جمعیت بلوک اعمال شود.,baseline_requires_method_owner_approval
NOR-019,normative,هنجاری–ادراکی,سرمایۀ اجتماعی,1,تعداد و نوع تشکیل‌ها و سازمان‌های محلی سرانۀ آن‌ها و طول زمان عضویت,5,بسیار زیاد,مستقیم (مقدار بیشتر = ظرفیت/وضعیت بهتر),33.33333333333333,3.5211267605633805,N3,medium,percap,per_capita_or_density,ترکیبی: برخط + درخواست سازمانی,"N01,N02,N06,N23",GIS/SDI شهرداری یا دهیاری و طرح جامع/تفصیلی؛ مرز محله، قطعه، بنا، کاربری و شبکه معابر + ثبت اداری دستگاه متولی + مرکز آمار ایران؛ سرشماری نفوس و مسکن در سطح بلوک/آبادی و، حسب نیاز، طرح نیروی کار و هزینه–درآمد خانوار,سرانه = مقدار/تعداد مساحت/ظرفیت خدمت موضوع شاخص داخل یا قابل‌دسترسی محله ÷ جمعیت ساکن × ۱۰۰۰ نفر؛ ظرفیت مراکز در صورت وجود به‌جای شمارش ساده لحاظ شود.,baseline_requires_method_owner_approval
NOR-020,normative,هنجاری–ادراکی,سرمایۀ اجتماعی,2,گروه‌های اجتماعی و سرانۀ آن‌ها,5,بسیار زیاد,مستقیم (مقدار بیشتر = ظرفیت/وضعیت بهتر),33.33333333333333,3.5211267605633805,N3,medium,percap,per_capita_or_density,ترکیبی: برخط + درخواست سازمانی,"N01,N02,N06,N23",GIS/SDI شهرداری یا دهیاری و طرح جامع/تفصیلی؛ مرز محله، قطعه، بنا، کاربری و شبکه معابر + ثبت اداری دستگاه متولی + مرکز آمار ایران؛ سرشماری نفوس و مسکن در سطح بلوک/آبادی و، حسب نیاز، طرح نیروی کار و هزینه–درآمد خانوار,سرانه = مقدار/تعداد مساحت/ظرفیت خدمت موضوع شاخص داخل یا قابل‌دسترسی محله ÷ جمعیت ساکن × ۱۰۰۰ نفر؛ ظرفیت مراکز در صورت وجود به‌جای شمارش ساده لحاظ شود.,baseline_requires_method_owner_approval
NOR-021,normative,هنجاری–ادراکی,سرمایۀ اجتماعی,3,میزان آگاهی و شناخت مردم نسبت به ساختارهای اجتماعی,5,بسیار زیاد,مستقیم (مقدار بیشتر = ظرفیت/وضعیت بهتر),33.33333333333333,3.5211267605633805,N3,medium,survey,survey_or_assessment,تولید میدانی,N03,پیمایش نمونه‌ای خانوار/کاربر محله با شناسه مکانی و پرسش استاندارد لیکرت ۱ تا ۵,میانگین وزنی پاسخ به گویه «میزان آگاهی و شناخت مردم نسبت به ساختارهای اجتماعی» در مقیاس ۱–۵؛ تبدیل به ۰–۱۰۰: (میانگین−۱)÷۴×۱۰۰. وزن نمونه برحسب جمعیت بلوک اعمال شود.,baseline_requires_method_owner_approval
NOR-022,normative,هنجاری–ادراکی,مدیریت قلمرو,1,فاصله تا خدمات پایه,4,زیاد,مستقیم (مقدار بیشتر = ظرفیت/وضعیت بهتر),14.285714285714285,2.8169014084507045,N3,medium,access,network_access,درخواست سازمانی/داده غیرعمومی,"N01,N23",GIS/SDI شهرداری یا دهیاری و طرح جامع/تفصیلی؛ مرز محله، قطعه، بنا، کاربری و شبکه معابر + ثبت مکان مراکز,تحلیل شبکه معابر از مرکز جمعیت بلوک تا نزدیک‌ترین نزدیک‌ترین خدمت پایه؛ نرخ پوشش = جمعیتِ درون آستانه مصوب هر خدمت ÷ کل جمعیت محله ×۱۰۰؛ میانه زمان/فاصله نیز گزارش شود.,baseline_requires_method_owner_approval
NOR-023,normative,هنجاری–ادراکی,مدیریت قلمرو,2,سطح معابر عمومی برای تردد خودرو و حمل و نقل عمومی,4,زیاد,مستقیم (مقدار بیشتر = ظرفیت/وضعیت بهتر),14.285714285714285,2.8169014084507045,N3,medium,road_area,formula_specific,درخواست سازمانی/داده غیرعمومی,"N01,N10",GIS/SDI شهرداری یا دهیاری و طرح جامع/تفصیلی؛ مرز محله، قطعه، بنا، کاربری و شبکه معابر + سازمان حمل‌ونقل و ترافیک/اتوبوسرانی؛ مسیر، ایستگاه، فراوانی سرویس، زمان سفر و پارکینگ,مساحت سواره‌رو و مسیر حمل‌ونقل عمومی قابل‌استفاده ÷ مساحت محله ×۱۰۰؛ کفایت ظرفیت نسبت به تقاضا کنترل شود.,baseline_requires_method_owner_approval
NOR-024,normative,هنجاری–ادراکی,مدیریت قلمرو,3,دسنرسی به خدمات کلیدی,4,زیاد,مستقیم (مقدار بیشتر = ظرفیت/وضعیت بهتر),14.285714285714285,2.8169014084507045,N3,medium,access,network_access,ترکیبی: برخط + درخواست سازمانی,"N01,N02,N06,N23",GIS/SDI شهرداری یا دهیاری و طرح جامع/تفصیلی؛ مرز محله، قطعه، بنا، کاربری و شبکه معابر + ثبت اداری دستگاه متولی + مرکز آمار ایران؛ سرشماری نفوس و مسکن در سطح بلوک/آبادی و، حسب نیاز، طرح نیروی کار و هزینه–درآمد خانوار,تحلیل شبکه معابر از مرکز جمعیت بلوک تا نزدیک‌ترین خدمت/مقصد تصریح‌شده در عنوان شاخص؛ نرخ پوشش = جمعیتِ درون آستانه خدمت مصوب ÷ کل جمعیت محله ×۱۰۰؛ میانه زمان/فاصله نیز گزارش شود.,baseline_requires_method_owner_approval
NOR-025,normative,هنجاری–ادراکی,مدیریت قلمرو,4,دسترسی به حمل و نقل عمومی و کیفیت آن,4,زیاد,مستقیم (مقدار بیشتر = ظرفیت/وضعیت بهتر),14.285714285714285,2.8169014084507045,N3,medium,transport_access,network_access,درخواست سازمانی/داده غیرعمومی,"N01,N10",سازمان حمل‌ونقل و ترافیک/اتوبوسرانی؛ مسیر، ایستگاه، فراوانی سرویس، زمان سفر و پارکینگ + GIS/SDI شهرداری یا دهیاری و طرح جامع/تفصیلی؛ مرز محله، قطعه، بنا، کاربری و شبکه معابر,تحلیل شبکه معابر از مرکز جمعیت بلوک تا نزدیک‌ترین ایستگاه حمل‌ونقل عمومی با سرویس فعال؛ نرخ پوشش = جمعیتِ درون ۴۰۰ متر پیاده ÷ کل جمعیت محله ×۱۰۰؛ میانه زمان/فاصله نیز گزارش شود.,baseline_requires_method_owner_approval
NOR-026,normative,هنجاری–ادراکی,مدیریت قلمرو,5,مساحت پیاده‌روها,4,زیاد,مستقیم (مقدار بیشتر = ظرفیت/وضعیت بهتر),14.285714285714285,2.8169014084507045,N3,medium,network,network_access,ترکیبی: تولید میدانی + درخواست سازمانی,"N04,N01",GIS/SDI شهرداری یا دهیاری و طرح جامع/تفصیلی؛ مرز محله، قطعه، بنا، کاربری و شبکه معابر + ممیزی میدانی مکان‌مند و چک‌لیست مشاهده استاندارد؛ مختصات، زمان، وضعیت و عکس کنترل‌شده,تراکم شبکه = طول/مساحت عارضه استاندارد و پیوسته ÷ مساحت محله؛ برای مسیر، کیلومتر به ازای کیلومترمربع و سهم شبکه پیوسته گزارش شود.,baseline_requires_method_owner_approval
NOR-027,normative,هنجاری–ادراکی,مدیریت قلمرو,6,کیفیت مسیر دوچرخه,4,زیاد,مستقیم (مقدار بیشتر = ظرفیت/وضعیت بهتر),14.285714285714285,2.8169014084507045,N3,medium,network,network_access,ترکیبی: تولید میدانی + درخواست سازمانی,"N04,N01",GIS/SDI شهرداری یا دهیاری و طرح جامع/تفصیلی؛ مرز محله، قطعه، بنا، کاربری و شبکه معابر + ممیزی میدانی مکان‌مند و چک‌لیست مشاهده استاندارد؛ مختصات، زمان، وضعیت و عکس کنترل‌شده,تراکم شبکه = طول/مساحت عارضه استاندارد و پیوسته ÷ مساحت محله؛ برای مسیر، کیلومتر به ازای کیلومترمربع و سهم شبکه پیوسته گزارش شود.,baseline_requires_method_owner_approval
NOR-028,normative,هنجاری–ادراکی,مدیریت قلمرو,7,تعداد درختان به ازای هر کیلومتر,4,زیاد,مستقیم (مقدار بیشتر = ظرفیت/وضعیت بهتر),14.285714285714285,2.8169014084507045,N3,medium,green,spatial_statistic,ترکیبی: برخط + درخواست سازمانی,"N01,N08,N15",GIS/SDI شهرداری یا دهیاری و طرح جامع/تفصیلی؛ مرز محله، قطعه، بنا، کاربری و شبکه معابر + سازمان نقشه‌برداری/NSDI و تصاویر Sentinel/Landsat؛ پوشش زمین، NDVI، توسعه کالبدی و مخاطرات + سازمان بوستان‌ها,سرانه فضای سبز عمومی = مساحت قابل‌استفاده سبز ÷ جمعیت؛ NDVI میانگین و درصد جمعیت در ۴۰۰ متری فضای سبز به‌عنوان کنترل.,baseline_requires_method_owner_approval
NOR-029,normative,هنجاری–ادراکی,حاکمیتی,1,اجرای سیستم‌های پایش و گزارش‌دهی,5,بسیار زیاد,مستقیم (مقدار بیشتر = ظرفیت/وضعیت بهتر),20.0,3.5211267605633805,N3,medium,governance,survey_or_assessment,درخواست سازمانی/داده غیرعمومی,"N05,N21",شورای محله/روستا، شهرداری/دهیاری، فرمانداری و سامانه سمن‌ها؛ عضویت، جلسه، بودجه، شکایت و پاسخ + اسناد بودجه و عملکرد دستگاه,هر زیرمولفه به ۰–۱۰۰ نرمال شود؛ شاخص مرکب = میانگین وزنی انتشار به‌موقع داده، پوشش گزارش، نرخ پاسخ به شکایت، تحقق بودجه و مشارکت ذی‌نفعان. وزن زیرمولفه‌ها در نسخه پایه برابر و سپس با AHP/دلفی محلی کالیبره شود.,baseline_requires_method_owner_approval
NOR-030,normative,هنجاری–ادراکی,حاکمیتی,2,ادغام در برنامه ریزی شهری,5,بسیار زیاد,مستقیم (مقدار بیشتر = ظرفیت/وضعیت بهتر),20.0,3.5211267605633805,N3,medium,governance,survey_or_assessment,درخواست سازمانی/داده غیرعمومی,"N05,N21",شورای محله/روستا، شهرداری/دهیاری، فرمانداری و سامانه سمن‌ها؛ عضویت، جلسه، بودجه، شکایت و پاسخ + اسناد بودجه و عملکرد دستگاه,هر زیرمولفه به ۰–۱۰۰ نرمال شود؛ شاخص مرکب = میانگین وزنی انتشار به‌موقع داده، پوشش گزارش، نرخ پاسخ به شکایت، تحقق بودجه و مشارکت ذی‌نفعان. وزن زیرمولفه‌ها در نسخه پایه برابر و سپس با AHP/دلفی محلی کالیبره شود.,baseline_requires_method_owner_approval
NOR-031,normative,هنجاری–ادراکی,حاکمیتی,3,گذار به شهر هوشمند,5,بسیار زیاد,مستقیم (مقدار بیشتر = ظرفیت/وضعیت بهتر),20.0,3.5211267605633805,N3,medium,smart_city,formula_specific,ترکیبی: برخط + درخواست سازمانی,"N05,N18,N21",سازمان تنظیم مقررات و ارتباطات رادیویی، نت‌سنج‌پلاس و اپراتورها؛ پوشش، سرعت، تأخیر و قطعی + شورای محله/روستا، شهرداری/دهیاری، فرمانداری و سامانه سمن‌ها؛ عضویت، جلسه، بودجه، شکایت و پاسخ,هر زیرمولفه به ۰–۱۰۰ نرمال شود؛ شاخص مرکب = میانگین وزنی پوشش خدمات دیجیتال، یکپارچگی داده، استفاده واقعی شهروندان، امنیت و پاسخگویی. وزن زیرمولفه‌ها در نسخه پایه برابر و سپس با AHP/دلفی محلی کالیبره شود.,baseline_requires_method_owner_approval
NOR-032,normative,هنجاری–ادراکی,حاکمیتی,4,دسترسی شهروندان به فناوری اطلاعات و ارتباطات,5,بسیار زیاد,مستقیم (مقدار بیشتر = ظرفیت/وضعیت بهتر),20.0,3.5211267605633805,N3,medium,access,network_access,ترکیبی: برخط + درخواست سازمانی,"N01,N02,N06,N23",GIS/SDI شهرداری یا دهیاری و طرح جامع/تفصیلی؛ مرز محله، قطعه، بنا، کاربری و شبکه معابر + ثبت اداری دستگاه متولی + مرکز آمار ایران؛ سرشماری نفوس و مسکن در سطح بلوک/آبادی و، حسب نیاز، طرح نیروی کار و هزینه–درآمد خانوار,تحلیل شبکه معابر از مرکز جمعیت بلوک تا نزدیک‌ترین خدمت/مقصد تصریح‌شده در عنوان شاخص؛ نرخ پوشش = جمعیتِ درون آستانه خدمت مصوب ÷ کل جمعیت محله ×۱۰۰؛ میانه زمان/فاصله نیز گزارش شود.,baseline_requires_method_owner_approval
NOR-033,normative,هنجاری–ادراکی,حاکمیتی,5,شفافیت و حکمرانی آزاد,5,بسیار زیاد,مستقیم (مقدار بیشتر = ظرفیت/وضعیت بهتر),20.0,3.5211267605633805,N2,high,governance,survey_or_assessment,درخواست سازمانی/داده غیرعمومی,"N05,N21",شورای محله/روستا، شهرداری/دهیاری، فرمانداری و سامانه سمن‌ها؛ عضویت، جلسه، بودجه، شکایت و پاسخ + اسناد بودجه و عملکرد دستگاه,هر زیرمولفه به ۰–۱۰۰ نرمال شود؛ شاخص مرکب = میانگین وزنی انتشار به‌موقع داده، پوشش گزارش، نرخ پاسخ به شکایت، تحقق بودجه و مشارکت ذی‌نفعان. وزن زیرمولفه‌ها در نسخه پایه برابر و سپس با AHP/دلفی محلی کالیبره شود.,baseline_requires_method_owner_approval
