کد,عنوان شاخص,کد سرمایه,سرمایه اصلی,مرحله C-A-U-E-O,هدف K/Q/T/R,جهت,روش استانداردسازی,محدوده نظری,خانواده محاسبه,جریان‌های شاهد,وضعیت دسترسی,tier,tier_label,rs_derivable,L_U_calibrated,منبع/داده موردنیاز
PHY-001,میزان فاصلۀ دسترسی کودکان تا مدرسه,N,طبیعی–محیطی,A — دسترسی,Q,مستقیم (مقدار بیشتر = ظرفیت/وضعیت بهتر),"100×clip((x−L)/(U−L),0,1)",۰ تا ۱۰۰,network_access,مکانی/GIS؛ عینی/ثبتی,ترکیبی: برخط + درخواست سازمانی,Tier-2,برخط + درخواست سازمانی,True,False,GIS/SDI شهرداری یا دهیاری و طرح جامع/تفصیلی؛ مرز محله، قطعه، بنا، کاربری و شبکه معابر + ثبت اداری دستگاه متولی + مرکز آمار ایران؛ سرشماری نفوس و مسکن در سطح بلوک/آبادی و، حسب نیاز، طرح نیروی کار و هزینه–درآمد خانوار
PHY-002,میزان فاصلۀ دسترسی به اتوبوس واحد و تاکسی,R,شبکه‌ای–ارتباطی,A — دسترسی,Q,مستقیم (مقدار بیشتر = ظرفیت/وضعیت بهتر),"100×clip((x−L)/(U−L),0,1)",۰ تا ۱۰۰,network_access,مکانی/GIS؛ رفتاری؛ عینی/ثبتی,درخواست سازمانی/داده غیرعمومی,Tier-3,درخواست سازمانی/داده غیرعمومی,True,False,سازمان حمل‌ونقل و ترافیک/اتوبوسرانی؛ مسیر، ایستگاه، فراوانی سرویس، زمان سفر و پارکینگ + GIS/SDI شهرداری یا دهیاری و طرح جامع/تفصیلی؛ مرز محله، قطعه، بنا، کاربری و شبکه معابر
PHY-003,میزان فاصله دسترسی به پارک,P,کالبدی–زیرساختی,A — دسترسی,Q,مستقیم (مقدار بیشتر = ظرفیت/وضعیت بهتر),"100×clip((x−L)/(U−L),0,1)",۰ تا ۱۰۰,network_access,مکانی/GIS؛ عینی/ثبتی,درخواست سازمانی/داده غیرعمومی,Tier-3,درخواست سازمانی/داده غیرعمومی,True,False,GIS/SDI شهرداری یا دهیاری و طرح جامع/تفصیلی؛ مرز محله، قطعه، بنا، کاربری و شبکه معابر
PHY-004,میزان فاصلۀ دسترسی به خدماتی مثل مغازه,N,طبیعی–محیطی,A — دسترسی,Q,مستقیم (مقدار بیشتر = ظرفیت/وضعیت بهتر),"100×clip((x−L)/(U−L),0,1)",۰ تا ۱۰۰,network_access,مکانی/GIS؛ عینی/ثبتی,ترکیبی: برخط + درخواست سازمانی,Tier-2,برخط + درخواست سازمانی,True,False,GIS/SDI شهرداری یا دهیاری و طرح جامع/تفصیلی؛ مرز محله، قطعه، بنا، کاربری و شبکه معابر + ثبت اداری دستگاه متولی + مرکز آمار ایران؛ سرشماری نفوس و مسکن در سطح بلوک/آبادی و، حسب نیاز، طرح نیروی کار و هزینه–درآمد خانوار
PHY-005,مناسب بودن مسیر شرکت اتوبوسرانی برای رفت و آمد دانش آموزان به مدرسه,R,شبکه‌ای–ارتباطی,A — دسترسی,Q,مستقیم (مقدار بیشتر = ظرفیت/وضعیت بهتر),"100×clip((x−L)/(U−L),0,1)",۰ تا ۱۰۰,network_access,مکانی/GIS؛ عینی/ثبتی,درخواست سازمانی/داده غیرعمومی,Tier-3,درخواست سازمانی/داده غیرعمومی,True,False,آموزش‌وپرورش و سازمان نوسازی مدارس؛ مکان، مقطع، ظرفیت، ثبت‌نام، معلم و نتایج آموزشی + GIS/SDI شهرداری یا دهیاری و طرح جامع/تفصیلی؛ مرز محله، قطعه، بنا، کاربری و شبکه معابر
PHY-007,میزان برخورداری از امکانات ورزشی لازم برای کودکان و نوجوانان,N,طبیعی–محیطی,A — دسترسی,Q,مستقیم (مقدار بیشتر = ظرفیت/وضعیت بهتر),"100×clip((x−L)/(U−L),0,1)",۰ تا ۱۰۰,formula_specific,مکانی/GIS؛ عینی/ثبتی,ترکیبی: برخط + درخواست سازمانی,Tier-2,برخط + درخواست سازمانی,True,False,ادارات فرهنگ‌وارشاد، ورزش، میراث فرهنگی و اوقاف؛ مکان، مساحت، ظرفیت و برنامه مراکز + GIS/SDI شهرداری یا دهیاری و طرح جامع/تفصیلی؛ مرز محله، قطعه، بنا، کاربری و شبکه معابر + مرکز آمار ایران؛ سرشماری نفوس و مسکن در سطح بلوک/آبادی و، حسب نیاز، طرح نیروی کار و هزینه–درآمد خانوار
PHY-013,خدمات عمومی,P,کالبدی–زیرساختی,U — استفاده,Q,مستقیم (مقدار بیشتر = ظرفیت/وضعیت بهتر),"100×clip((x−L)/(U−L),0,1)",وابسته به تعریف؛ نیازمند استاندارد/گروه همتا,per_capita_or_density,مکانی/GIS؛ عینی/ثبتی,درخواست سازمانی/داده غیرعمومی,Tier-3,درخواست سازمانی/داده غیرعمومی,True,False,GIS/SDI شهرداری یا دهیاری و طرح جامع/تفصیلی؛ مرز محله، قطعه، بنا، کاربری و شبکه معابر + ثبت دارایی و ظرفیت دستگاه‌های خدمت‌رسان
PHY-015,درصد ریزدانگی,R,شبکه‌ای–ارتباطی,C — ظرفیت,K,مستقیم (مقدار بیشتر = ظرفیت/وضعیت بهتر),"100×clip((x−L)/(U−L),0,1)",۰ تا ۱۰۰,spatial_statistic,مکانی/GIS؛ عینی/ثبتی,درخواست سازمانی/داده غیرعمومی,Tier-3,درخواست سازمانی/داده غیرعمومی,True,False,شهرداری، سازمان ثبت اسناد/کاداستر و راه‌وشهرسازی؛ مالکیت، قطعه، پروانه، عمر و ارزش ملک + GIS/SDI شهرداری یا دهیاری و طرح جامع/تفصیلی؛ مرز محله، قطعه، بنا، کاربری و شبکه معابر
PHY-016,دسترسی به معابر شریانی,P,کالبدی–زیرساختی,A — دسترسی,Q,مستقیم (مقدار بیشتر = ظرفیت/وضعیت بهتر),"100×clip((x−L)/(U−L),0,1)",۰ تا ۱۰۰,network_access,مکانی/GIS؛ عینی/ثبتی,درخواست سازمانی/داده غیرعمومی,Tier-3,درخواست سازمانی/داده غیرعمومی,True,False,GIS/SDI شهرداری یا دهیاری و طرح جامع/تفصیلی؛ مرز محله، قطعه، بنا، کاربری و شبکه معابر
PHY-017,الگوی بافت شهری,P,کالبدی–زیرساختی,C — ظرفیت,K,آستانه‌ای/بهینه (فاصله از دامنه معیار سنجیده شود),تابع قطعه‌ای فاصله از دامنه مطلوب؛ L/U پس از کالیبراسیون,۰ تا ۱۰۰,spatial_statistic,مکانی/GIS؛ عینی/ثبتی,ترکیبی: برخط + درخواست سازمانی,Tier-2,برخط + درخواست سازمانی,True,False,GIS/SDI شهرداری یا دهیاری و طرح جامع/تفصیلی؛ مرز محله، قطعه، بنا، کاربری و شبکه معابر + سازمان نقشه‌برداری/NSDI و تصاویر Sentinel/Landsat؛ پوشش زمین، NDVI، توسعه کالبدی و مخاطرات
PHY-018,درصد ساختمان‌های نوساز,N,طبیعی–محیطی,C — ظرفیت,K,مستقیم (مقدار بیشتر = ظرفیت/وضعیت بهتر),"100×clip((x−L)/(U−L),0,1)",۰ تا ۱۰۰,formula_specific,عینی/ثبتی,ترکیبی: برخط + درخواست سازمانی,Tier-2,برخط + درخواست سازمانی,False,False,شهرداری، سازمان ثبت اسناد/کاداستر و راه‌وشهرسازی؛ مالکیت، قطعه، پروانه، عمر و ارزش ملک + مرکز آمار ایران؛ سرشماری نفوس و مسکن در سطح بلوک/آبادی و، حسب نیاز، طرح نیروی کار و هزینه–درآمد خانوار
PHY-019,مبادرت به ایجاد نقشه‌های معیار و استاندار سازی آن‌ها,P,کالبدی–زیرساختی,C — ظرفیت,K,مستقیم (مقدار بیشتر = ظرفیت/وضعیت بهتر),"100×clip((x−L)/(U−L),0,1)",۰ تا ۱۰۰,formula_specific,مکانی/GIS؛ عینی/ثبتی,ترکیبی: برخط + درخواست سازمانی,Tier-2,برخط + درخواست سازمانی,True,False,GIS/SDI شهرداری یا دهیاری و طرح جامع/تفصیلی؛ مرز محله، قطعه، بنا، کاربری و شبکه معابر + سازمان نقشه‌برداری
PHY-020,پهنه بندی فقر کالبدی در گسترۀ بلوک‌ها,R,شبکه‌ای–ارتباطی,O — پیامد,R,معکوس (مقدار بیشتر = وضعیت نامطلوب‌تر),"100×clip((U−x)/(U−L),0,1)",۰ تا ۱۰۰,spatial_statistic,مکانی/GIS؛ عینی/ثبتی,درخواست سازمانی/داده غیرعمومی,Tier-3,درخواست سازمانی/داده غیرعمومی,True,False,GIS/SDI شهرداری یا دهیاری و طرح جامع/تفصیلی؛ مرز محله، قطعه، بنا، کاربری و شبکه معابر + شرکت بازآفرینی شهری/راه‌وشهرسازی
PHY-021,عوامل جغرافیایی,N,طبیعی–محیطی,A — دسترسی,ریسک,مستقیم (مقدار بیشتر = ظرفیت/وضعیت بهتر),"100×clip((x−L)/(U−L),0,1)",۰ تا بی‌نهایت؛ کران عملی پس از کالیبراسیون,formula_specific,مکانی/GIS؛ عینی/ثبتی,ترکیبی: برخط + درخواست سازمانی,Tier-2,برخط + درخواست سازمانی,True,False,GIS/SDI شهرداری یا دهیاری و طرح جامع/تفصیلی؛ مرز محله، قطعه، بنا، کاربری و شبکه معابر + سازمان نقشه‌برداری/NSDI و تصاویر Sentinel/Landsat؛ پوشش زمین، NDVI، توسعه کالبدی و مخاطرات + سازمان هواشناسی
PHY-022,محدودیت زمین,R,شبکه‌ای–ارتباطی,C — ظرفیت,K,مستقیم (مقدار بیشتر = ظرفیت/وضعیت بهتر),"100×clip((x−L)/(U−L),0,1)",۰ تا ۱۰۰,spatial_statistic,مکانی/GIS؛ عینی/ثبتی,درخواست سازمانی/داده غیرعمومی,Tier-3,درخواست سازمانی/داده غیرعمومی,True,False,GIS/SDI شهرداری یا دهیاری و طرح جامع/تفصیلی؛ مرز محله، قطعه، بنا، کاربری و شبکه معابر + شهرداری، سازمان ثبت اسناد/کاداستر و راه‌وشهرسازی؛ مالکیت، قطعه، پروانه، عمر و ارزش ملک
PHY-023,تک هسته‌ای بودن شهر,P,کالبدی–زیرساختی,C — ظرفیت,K,مستقیم (مقدار بیشتر = ظرفیت/وضعیت بهتر),"100×clip((x−L)/(U−L),0,1)",۰ تا ۱۰۰,spatial_statistic,مکانی/GIS؛ عینی/ثبتی,ترکیبی: برخط + درخواست سازمانی,Tier-2,برخط + درخواست سازمانی,True,False,GIS/SDI شهرداری یا دهیاری و طرح جامع/تفصیلی؛ مرز محله، قطعه، بنا، کاربری و شبکه معابر + سازمان نقشه‌برداری/NSDI و تصاویر Sentinel/Landsat؛ پوشش زمین، NDVI، توسعه کالبدی و مخاطرات
PHY-025,دسترسی به خدمات آموزشی و مراکز فرهنگی,N,طبیعی–محیطی,A — دسترسی,Q,مستقیم (مقدار بیشتر = ظرفیت/وضعیت بهتر),"100×clip((x−L)/(U−L),0,1)",۰ تا ۱۰۰,network_access,مکانی/GIS؛ عینی/ثبتی,ترکیبی: برخط + درخواست سازمانی,Tier-2,برخط + درخواست سازمانی,True,False,GIS/SDI شهرداری یا دهیاری و طرح جامع/تفصیلی؛ مرز محله، قطعه، بنا، کاربری و شبکه معابر + ثبت اداری دستگاه متولی + مرکز آمار ایران؛ سرشماری نفوس و مسکن در سطح بلوک/آبادی و، حسب نیاز، طرح نیروی کار و هزینه–درآمد خانوار
PHY-026,دسترسی به فضای سبز و تفریحی و ورزشی,N,طبیعی–محیطی,A — دسترسی,Q,مستقیم (مقدار بیشتر = ظرفیت/وضعیت بهتر),"100×clip((x−L)/(U−L),0,1)",۰ تا ۱۰۰,network_access,مکانی/GIS؛ عینی/ثبتی,ترکیبی: برخط + درخواست سازمانی,Tier-2,برخط + درخواست سازمانی,True,False,GIS/SDI شهرداری یا دهیاری و طرح جامع/تفصیلی؛ مرز محله، قطعه، بنا، کاربری و شبکه معابر + ثبت اداری دستگاه متولی + مرکز آمار ایران؛ سرشماری نفوس و مسکن در سطح بلوک/آبادی و، حسب نیاز، طرح نیروی کار و هزینه–درآمد خانوار
PHY-027,دسترسی به امکانات اضطراری,P,کالبدی–زیرساختی,A — دسترسی,Q,مستقیم (مقدار بیشتر = ظرفیت/وضعیت بهتر),"100×clip((x−L)/(U−L),0,1)",۰ تا ۱۰۰,network_access,مکانی/GIS؛ عینی/ثبتی,درخواست سازمانی/داده غیرعمومی,Tier-3,درخواست سازمانی/داده غیرعمومی,True,False,فراجا/کلانتری، آتش‌نشانی و اورژانس؛ رخداد مکان‌مند، زمان پاسخ و نوع حادثه + GIS/SDI شهرداری یا دهیاری و طرح جامع/تفصیلی؛ مرز محله، قطعه، بنا، کاربری و شبکه معابر
PHY-028,دسترسی به مراکز بهداشت و اورژانس,P,کالبدی–زیرساختی,A — دسترسی,Q,مستقیم (مقدار بیشتر = ظرفیت/وضعیت بهتر),"100×clip((x−L)/(U−L),0,1)",۰ تا ۱۰۰,network_access,مکانی/GIS؛ عینی/ثبتی,درخواست سازمانی/داده غیرعمومی,Tier-3,درخواست سازمانی/داده غیرعمومی,True,False,شبکه بهداشت/دانشگاه علوم پزشکی، اورژانس و ثبت احوال؛ مکان مرکز، ظرفیت، رخداد و پیامد سلامت + GIS/SDI شهرداری یا دهیاری و طرح جامع/تفصیلی؛ مرز محله، قطعه، بنا، کاربری و شبکه معابر
PHY-029,دسترسی به مراکز خرید و مطلوبیت این دسترسی,N,طبیعی–محیطی,A — دسترسی,Q,مستقیم (مقدار بیشتر = ظرفیت/وضعیت بهتر),"100×clip((x−L)/(U−L),0,1)",۰ تا ۱۰۰,network_access,مکانی/GIS؛ رفتاری؛ عینی/ثبتی,ترکیبی: برخط + درخواست سازمانی,Tier-2,برخط + درخواست سازمانی,True,False,GIS/SDI شهرداری یا دهیاری و طرح جامع/تفصیلی؛ مرز محله، قطعه، بنا، کاربری و شبکه معابر + ثبت اداری دستگاه متولی + مرکز آمار ایران؛ سرشماری نفوس و مسکن در سطح بلوک/آبادی و، حسب نیاز، طرح نیروی کار و هزینه–درآمد خانوار
PHY-031,کیفیت خدمات بهداشتی محله,P,کالبدی–زیرساختی,A — دسترسی,Q,مستقیم (مقدار بیشتر = ظرفیت/وضعیت بهتر),"100×clip((x−L)/(U−L),0,1)",۰ تا ۱۰۰,network_access,مکانی/GIS؛ عینی/ثبتی,درخواست سازمانی/داده غیرعمومی,Tier-3,درخواست سازمانی/داده غیرعمومی,True,False,شبکه بهداشت/دانشگاه علوم پزشکی، اورژانس و ثبت احوال؛ مکان مرکز، ظرفیت، رخداد و پیامد سلامت + GIS/SDI شهرداری یا دهیاری و طرح جامع/تفصیلی؛ مرز محله، قطعه، بنا، کاربری و شبکه معابر
PHY-032,کیفیت فضای اوقات فراغت و معابر و عرض آن‌ها,N,طبیعی–محیطی,A — دسترسی,Q,مستقیم (مقدار بیشتر = ظرفیت/وضعیت بهتر),"100×clip((x−L)/(U−L),0,1)",۰ تا ۱۰۰,formula_specific,مکانی/GIS؛ عینی/ثبتی,ترکیبی: برخط + درخواست سازمانی,Tier-2,برخط + درخواست سازمانی,True,False,ادارات فرهنگ‌وارشاد، ورزش، میراث فرهنگی و اوقاف؛ مکان، مساحت، ظرفیت و برنامه مراکز + GIS/SDI شهرداری یا دهیاری و طرح جامع/تفصیلی؛ مرز محله، قطعه، بنا، کاربری و شبکه معابر + مرکز آمار ایران؛ سرشماری نفوس و مسکن در سطح بلوک/آبادی و، حسب نیاز، طرح نیروی کار و هزینه–درآمد خانوار
PHY-035,تعداد پروانه‌های ساختمانی صادر شده برای کاربری‌ها,R,شبکه‌ای–ارتباطی,C — ظرفیت,K,مستقیم (مقدار بیشتر = ظرفیت/وضعیت بهتر),"100×clip((x−L)/(U−L),0,1)",۰ تا ۱۰۰,ratio_rate_or_trend,عینی/ثبتی,درخواست سازمانی/داده غیرعمومی,Tier-3,درخواست سازمانی/داده غیرعمومی,False,False,شهرداری، سازمان ثبت اسناد/کاداستر و راه‌وشهرسازی؛ مالکیت، قطعه، پروانه، عمر و ارزش ملک
PHY-036,درصد مساحت پروانه ساختمانی صادر شده و پروژه‌های عمرانی,R,شبکه‌ای–ارتباطی,C — ظرفیت,K,مستقیم (مقدار بیشتر = ظرفیت/وضعیت بهتر),"100×clip((x−L)/(U−L),0,1)",۰ تا ۱۰۰,ratio_rate_or_trend,مکانی/GIS؛ عینی/ثبتی,درخواست سازمانی/داده غیرعمومی,Tier-3,درخواست سازمانی/داده غیرعمومی,True,False,شهرداری، سازمان ثبت اسناد/کاداستر و راه‌وشهرسازی؛ مالکیت، قطعه، پروانه، عمر و ارزش ملک
PHY-038,تعداد پهنه‌های بافت فرسوده,R,شبکه‌ای–ارتباطی,C — ظرفیت,R,معکوس (مقدار بیشتر = وضعیت نامطلوب‌تر),"100×clip((U−x)/(U−L),0,1)",۰ تا ۱۰۰,spatial_statistic,مکانی/GIS؛ عینی/ثبتی,درخواست سازمانی/داده غیرعمومی,Tier-3,درخواست سازمانی/داده غیرعمومی,True,False,GIS/SDI شهرداری یا دهیاری و طرح جامع/تفصیلی؛ مرز محله، قطعه، بنا، کاربری و شبکه معابر + شرکت بازآفرینی شهری/راه‌وشهرسازی
PHY-039,ریخت شناسی و فرم بافت‌ها,P,کالبدی–زیرساختی,C — ظرفیت,K,آستانه‌ای/بهینه (فاصله از دامنه معیار سنجیده شود),تابع قطعه‌ای فاصله از دامنه مطلوب؛ L/U پس از کالیبراسیون,۰ تا ۱۰۰,spatial_statistic,مکانی/GIS؛ عینی/ثبتی,ترکیبی: برخط + درخواست سازمانی,Tier-2,برخط + درخواست سازمانی,True,False,GIS/SDI شهرداری یا دهیاری و طرح جامع/تفصیلی؛ مرز محله، قطعه، بنا، کاربری و شبکه معابر + سازمان نقشه‌برداری/NSDI و تصاویر Sentinel/Landsat؛ پوشش زمین، NDVI، توسعه کالبدی و مخاطرات
PHY-040,ابعاد فیزیکی (مسکن),N,طبیعی–محیطی,C — ظرفیت,K,مستقیم (مقدار بیشتر = ظرفیت/وضعیت بهتر),"100×clip((x−L)/(U−L),0,1)",۰ تا ۱۰۰,formula_specific,عینی/ثبتی,ترکیبی: برخط + درخواست سازمانی,Tier-2,برخط + درخواست سازمانی,False,False,مرکز آمار ایران؛ سرشماری نفوس و مسکن در سطح بلوک/آبادی و، حسب نیاز، طرح نیروی کار و هزینه–درآمد خانوار + شهرداری، سازمان ثبت اسناد/کاداستر و راه‌وشهرسازی؛ مالکیت، قطعه، پروانه، عمر و ارزش ملک
PHY-042,تراکم بالای مسکونی,N,طبیعی–محیطی,A — دسترسی,Q,معکوس (مقدار بیشتر = وضعیت نامطلوب‌تر),"100×clip((U−x)/(U−L),0,1)",۰ تا بی‌نهایت؛ کران عملی پس از کالیبراسیون,formula_specific,مکانی/GIS؛ عینی/ثبتی,ترکیبی: برخط + درخواست سازمانی,Tier-2,برخط + درخواست سازمانی,True,False,مرکز آمار ایران؛ سرشماری نفوس و مسکن در سطح بلوک/آبادی و، حسب نیاز، طرح نیروی کار و هزینه–درآمد خانوار + GIS/SDI شهرداری یا دهیاری و طرح جامع/تفصیلی؛ مرز محله، قطعه، بنا، کاربری و شبکه معابر
PHY-043,فقر کالبدی و جدایی گزینی کالبدی,R,شبکه‌ای–ارتباطی,O — پیامد,R,معکوس (مقدار بیشتر = وضعیت نامطلوب‌تر),"100×clip((U−x)/(U−L),0,1)",۰ تا ۱۰۰,spatial_statistic,مکانی/GIS؛ عینی/ثبتی,درخواست سازمانی/داده غیرعمومی,Tier-3,درخواست سازمانی/داده غیرعمومی,True,False,GIS/SDI شهرداری یا دهیاری و طرح جامع/تفصیلی؛ مرز محله، قطعه، بنا، کاربری و شبکه معابر + شرکت بازآفرینی شهری/راه‌وشهرسازی
PHY-044,شکل بافت,P,کالبدی–زیرساختی,C — ظرفیت,K,آستانه‌ای/بهینه (فاصله از دامنه معیار سنجیده شود),تابع قطعه‌ای فاصله از دامنه مطلوب؛ L/U پس از کالیبراسیون,۰ تا ۱۰۰,spatial_statistic,مکانی/GIS؛ عینی/ثبتی,ترکیبی: برخط + درخواست سازمانی,Tier-2,برخط + درخواست سازمانی,True,False,GIS/SDI شهرداری یا دهیاری و طرح جامع/تفصیلی؛ مرز محله، قطعه، بنا، کاربری و شبکه معابر + سازمان نقشه‌برداری/NSDI و تصاویر Sentinel/Landsat؛ پوشش زمین، NDVI، توسعه کالبدی و مخاطرات
PHY-045,کمبود کاربری‌های عمومی,P,کالبدی–زیرساختی,C — ظرفیت,K,معکوس (مقدار بیشتر = وضعیت نامطلوب‌تر),"100×clip((U−x)/(U−L),0,1)",وابسته به تعریف؛ نیازمند استاندارد/گروه همتا,formula_specific,مکانی/GIS؛ عینی/ثبتی,درخواست سازمانی/داده غیرعمومی,Tier-3,درخواست سازمانی/داده غیرعمومی,True,False,GIS/SDI شهرداری یا دهیاری و طرح جامع/تفصیلی؛ مرز محله، قطعه، بنا، کاربری و شبکه معابر + ثبت ظرفیت دستگاه‌های خدمت‌رسان
PHY-046,نسبت برخورداری از انشعاب آب,N,طبیعی–محیطی,C — ظرفیت,K,مستقیم (مقدار بیشتر = ظرفیت/وضعیت بهتر),"100×clip((x−L)/(U−L),0,1)",۰ تا ۱۰۰,ratio_rate_or_trend,عینی/ثبتی,ترکیبی: برخط + درخواست سازمانی,Tier-2,برخط + درخواست سازمانی,False,False,شرکت‌های آبفا، توزیع برق و گاز؛ مشترک فعال، انشعاب، قطعی، مصرف و کیفیت خدمت + مرکز آمار ایران؛ سرشماری نفوس و مسکن در سطح بلوک/آبادی و، حسب نیاز، طرح نیروی کار و هزینه–درآمد خانوار
PHY-047,نسبت برخورداری از انشعاب فاضلاب,N,طبیعی–محیطی,C — ظرفیت,K,مستقیم (مقدار بیشتر = ظرفیت/وضعیت بهتر),"100×clip((x−L)/(U−L),0,1)",۰ تا ۱۰۰,ratio_rate_or_trend,عینی/ثبتی,ترکیبی: برخط + درخواست سازمانی,Tier-2,برخط + درخواست سازمانی,False,False,شرکت‌های آبفا، توزیع برق و گاز؛ مشترک فعال، انشعاب، قطعی، مصرف و کیفیت خدمت + مرکز آمار ایران؛ سرشماری نفوس و مسکن در سطح بلوک/آبادی و، حسب نیاز، طرح نیروی کار و هزینه–درآمد خانوار
PHY-048,شکل و فرم سلسله مراتب شبکه‌های دسترسی,N,طبیعی–محیطی,A — دسترسی,Q,مستقیم (مقدار بیشتر = ظرفیت/وضعیت بهتر),"100×clip((x−L)/(U−L),0,1)",۰ تا ۱۰۰,network_access,مکانی/GIS؛ عینی/ثبتی,ترکیبی: برخط + درخواست سازمانی,Tier-2,برخط + درخواست سازمانی,True,False,GIS/SDI شهرداری یا دهیاری و طرح جامع/تفصیلی؛ مرز محله، قطعه، بنا، کاربری و شبکه معابر + ثبت اداری دستگاه متولی + مرکز آمار ایران؛ سرشماری نفوس و مسکن در سطح بلوک/آبادی و، حسب نیاز، طرح نیروی کار و هزینه–درآمد خانوار
PHY-056,سبزینگی,N,طبیعی–محیطی,U — استفاده,Q,مستقیم (مقدار بیشتر = ظرفیت/وضعیت بهتر),"100×clip((x−L)/(U−L),0,1)",وابسته به تعریف؛ نیازمند استاندارد/گروه همتا,spatial_statistic,مکانی/GIS؛ عینی/ثبتی,ترکیبی: برخط + درخواست سازمانی,Tier-2,برخط + درخواست سازمانی,True,False,GIS/SDI شهرداری یا دهیاری و طرح جامع/تفصیلی؛ مرز محله، قطعه، بنا، کاربری و شبکه معابر + سازمان نقشه‌برداری/NSDI و تصاویر Sentinel/Landsat؛ پوشش زمین، NDVI، توسعه کالبدی و مخاطرات + سازمان بوستان‌ها
PHY-057,منابع، آب، خاک، هوا,N,طبیعی–محیطی,C — ظرفیت,R,مستقیم (مقدار بیشتر = ظرفیت/وضعیت بهتر),"100×clip((x−L)/(U−L),0,1)",۰ تا ۱۰۰,composite,مکانی/GIS؛ عینی/ثبتی,ترکیبی: برخط + درخواست سازمانی,Tier-2,برخط + درخواست سازمانی,True,False,سازمان حفاظت محیط زیست و سامانه پایش کیفی هوا + آزمایشگاه آب/خاک و پایش صدای شهرداری + شرکت‌های آبفا، توزیع برق و گاز؛ مشترک فعال، انشعاب، قطعی، مصرف و کیفیت خدمت + سازمان نقشه‌برداری/NSDI و تصاویر Sentinel/Landsat؛ پوشش زمین، NDVI، توسعه کالبدی و مخاطرات
PHY-059,دسترسی به فضاهای سبز,N,طبیعی–محیطی,A — دسترسی,Q,مستقیم (مقدار بیشتر = ظرفیت/وضعیت بهتر),"100×clip((x−L)/(U−L),0,1)",۰ تا ۱۰۰,network_access,مکانی/GIS؛ عینی/ثبتی,ترکیبی: برخط + درخواست سازمانی,Tier-2,برخط + درخواست سازمانی,True,False,GIS/SDI شهرداری یا دهیاری و طرح جامع/تفصیلی؛ مرز محله، قطعه، بنا، کاربری و شبکه معابر + ثبت اداری دستگاه متولی + مرکز آمار ایران؛ سرشماری نفوس و مسکن در سطح بلوک/آبادی و، حسب نیاز، طرح نیروی کار و هزینه–درآمد خانوار
PHY-060,فاصله از گورستان,N,طبیعی–محیطی,A — دسترسی,Q,مستقیم (مقدار بیشتر = ظرفیت/وضعیت بهتر),"100×clip((x−L)/(U−L),0,1)",۰ تا ۱۰۰,spatial_statistic,مکانی/GIS؛ عینی/ثبتی,درخواست سازمانی/داده غیرعمومی,Tier-3,درخواست سازمانی/داده غیرعمومی,True,False,GIS/SDI شهرداری یا دهیاری و طرح جامع/تفصیلی؛ مرز محله، قطعه، بنا، کاربری و شبکه معابر + شهرداری/اوقاف
PHY-061,فاصله از گسل و سازنده‌های زمین شناسی,N,طبیعی–محیطی,A — دسترسی,ریسک,مستقیم (مقدار بیشتر = ظرفیت/وضعیت بهتر),"100×clip((x−L)/(U−L),0,1)",۰ تا بی‌نهایت؛ کران عملی پس از کالیبراسیون,spatial_statistic,مکانی/GIS؛ عینی/ثبتی,ترکیبی: برخط + درخواست سازمانی,Tier-2,برخط + درخواست سازمانی,True,False,سازمان زمین‌شناسی/مرکز تحقیقات راه‌وشهرسازی + GIS/SDI شهرداری یا دهیاری و طرح جامع/تفصیلی؛ مرز محله، قطعه، بنا، کاربری و شبکه معابر
PHY-062,شلوغی معابر ناشی از رفت و آمد,N,طبیعی–محیطی,C — ظرفیت,K,مستقیم (مقدار بیشتر = ظرفیت/وضعیت بهتر),"100×clip((x−L)/(U−L),0,1)",۰ تا ۱۰۰,formula_specific,رفتاری؛ عینی/ثبتی,درخواست سازمانی/داده غیرعمومی,Tier-3,درخواست سازمانی/داده غیرعمومی,False,False,سازمان حمل‌ونقل و ترافیک/اتوبوسرانی؛ مسیر، ایستگاه، فراوانی سرویس، زمان سفر و پارکینگ + شمارش ترافیکی/داده سرعت
PHY-070,دسترسی و حمل و نقل,N,طبیعی–محیطی,A — دسترسی,Q,مستقیم (مقدار بیشتر = ظرفیت/وضعیت بهتر),"100×clip((x−L)/(U−L),0,1)",۰ تا ۱۰۰,network_access,مکانی/GIS؛ عینی/ثبتی,ترکیبی: برخط + درخواست سازمانی,Tier-2,برخط + درخواست سازمانی,True,False,GIS/SDI شهرداری یا دهیاری و طرح جامع/تفصیلی؛ مرز محله، قطعه، بنا، کاربری و شبکه معابر + ثبت اداری دستگاه متولی + مرکز آمار ایران؛ سرشماری نفوس و مسکن در سطح بلوک/آبادی و، حسب نیاز، طرح نیروی کار و هزینه–درآمد خانوار
PHY-074,کفایت فضای سبز,N,طبیعی–محیطی,U — استفاده,Q,مستقیم (مقدار بیشتر = ظرفیت/وضعیت بهتر),"100×clip((x−L)/(U−L),0,1)",وابسته به تعریف؛ نیازمند استاندارد/گروه همتا,spatial_statistic,مکانی/GIS؛ عینی/ثبتی,ترکیبی: برخط + درخواست سازمانی,Tier-2,برخط + درخواست سازمانی,True,False,GIS/SDI شهرداری یا دهیاری و طرح جامع/تفصیلی؛ مرز محله، قطعه، بنا، کاربری و شبکه معابر + سازمان نقشه‌برداری/NSDI و تصاویر Sentinel/Landsat؛ پوشش زمین، NDVI، توسعه کالبدی و مخاطرات + سازمان بوستان‌ها
PHY-081,استقرار مراکز خدمت رسانی,P,کالبدی–زیرساختی,A — دسترسی,Q,مستقیم (مقدار بیشتر = ظرفیت/وضعیت بهتر),"100×clip((x−L)/(U−L),0,1)",۰ تا ۱۰۰,network_access,مکانی/GIS؛ عینی/ثبتی,درخواست سازمانی/داده غیرعمومی,Tier-3,درخواست سازمانی/داده غیرعمومی,True,False,GIS/SDI شهرداری یا دهیاری و طرح جامع/تفصیلی؛ مرز محله، قطعه، بنا، کاربری و شبکه معابر + ثبت دستگاه‌های خدمت‌رسان
PHY-088,دسترسی مناسب به حمل و نقل عمومی,R,شبکه‌ای–ارتباطی,A — دسترسی,Q,مستقیم (مقدار بیشتر = ظرفیت/وضعیت بهتر),"100×clip((x−L)/(U−L),0,1)",۰ تا ۱۰۰,network_access,مکانی/GIS؛ رفتاری؛ عینی/ثبتی,درخواست سازمانی/داده غیرعمومی,Tier-3,درخواست سازمانی/داده غیرعمومی,True,False,سازمان حمل‌ونقل و ترافیک/اتوبوسرانی؛ مسیر، ایستگاه، فراوانی سرویس، زمان سفر و پارکینگ + GIS/SDI شهرداری یا دهیاری و طرح جامع/تفصیلی؛ مرز محله، قطعه، بنا، کاربری و شبکه معابر
PHY-091,استفاده از مسیرهای ایمن و بی‌خطر برای دسترسی,N,طبیعی–محیطی,A — دسترسی,ریسک,مستقیم (مقدار بیشتر = ظرفیت/وضعیت بهتر),"100×clip((x−L)/(U−L),0,1)",۰ تا ۱۰۰,network_access,مکانی/GIS؛ رفتاری؛ عینی/ثبتی,ترکیبی: برخط + درخواست سازمانی,Tier-2,برخط + درخواست سازمانی,True,False,GIS/SDI شهرداری یا دهیاری و طرح جامع/تفصیلی؛ مرز محله، قطعه، بنا، کاربری و شبکه معابر + ثبت اداری دستگاه متولی + مرکز آمار ایران؛ سرشماری نفوس و مسکن در سطح بلوک/آبادی و، حسب نیاز، طرح نیروی کار و هزینه–درآمد خانوار
PHY-100,استفاده از تنوعی از گونه‌های مسکن,N,طبیعی–محیطی,U — استفاده,Q,آستانه‌ای/بهینه (فاصله از دامنه معیار سنجیده شود),تابع قطعه‌ای فاصله از دامنه مطلوب؛ L/U پس از کالیبراسیون,۰ تا ۱,formula_specific,مکانی/GIS؛ رفتاری؛ عینی/ثبتی,ترکیبی: برخط + درخواست سازمانی,Tier-2,برخط + درخواست سازمانی,True,False,مرکز آمار ایران؛ سرشماری نفوس و مسکن در سطح بلوک/آبادی و، حسب نیاز، طرح نیروی کار و هزینه–درآمد خانوار + GIS/SDI شهرداری یا دهیاری و طرح جامع/تفصیلی؛ مرز محله، قطعه، بنا، کاربری و شبکه معابر
PHY-105,ضریب نفوذ آب و برق و گاز,N,طبیعی–محیطی,O — پیامد,Q,مستقیم (مقدار بیشتر = ظرفیت/وضعیت بهتر),"100×clip((x−L)/(U−L),0,1)",۰ تا ۱۰۰,ratio_rate_or_trend,عینی/ثبتی,ترکیبی: برخط + درخواست سازمانی,Tier-2,برخط + درخواست سازمانی,False,False,شرکت‌های آبفا، توزیع برق و گاز؛ مشترک فعال، انشعاب، قطعی، مصرف و کیفیت خدمت + مرکز آمار ایران؛ سرشماری نفوس و مسکن در سطح بلوک/آبادی و، حسب نیاز، طرح نیروی کار و هزینه–درآمد خانوار
PHY-106,دسترسی به رایانه شخصی و تلفن ثابت,N,طبیعی–محیطی,A — دسترسی,Q,مستقیم (مقدار بیشتر = ظرفیت/وضعیت بهتر),"100×clip((x−L)/(U−L),0,1)",۰ تا ۱۰۰,network_access,مکانی/GIS؛ عینی/ثبتی,ترکیبی: برخط + درخواست سازمانی,Tier-2,برخط + درخواست سازمانی,True,False,GIS/SDI شهرداری یا دهیاری و طرح جامع/تفصیلی؛ مرز محله، قطعه، بنا، کاربری و شبکه معابر + ثبت اداری دستگاه متولی + مرکز آمار ایران؛ سرشماری نفوس و مسکن در سطح بلوک/آبادی و، حسب نیاز، طرح نیروی کار و هزینه–درآمد خانوار
PHY-107,پوشش جایگاه سوخت و آتش نشانی,P,کالبدی–زیرساختی,A — دسترسی,Q,مستقیم (مقدار بیشتر = ظرفیت/وضعیت بهتر),"100×clip((x−L)/(U−L),0,1)",۰ تا ۱۰۰,formula_specific,مکانی/GIS؛ عینی/ثبتی,درخواست سازمانی/داده غیرعمومی,Tier-3,درخواست سازمانی/داده غیرعمومی,True,False,فراجا/کلانتری، آتش‌نشانی و اورژانس؛ رخداد مکان‌مند، زمان پاسخ و نوع حادثه + GIS/SDI شهرداری یا دهیاری و طرح جامع/تفصیلی؛ مرز محله، قطعه، بنا، کاربری و شبکه معابر
PHY-108,سهولت دسترسی به خدمات,N,طبیعی–محیطی,A — دسترسی,Q,مستقیم (مقدار بیشتر = ظرفیت/وضعیت بهتر),"100×clip((x−L)/(U−L),0,1)",۰ تا ۱۰۰,network_access,مکانی/GIS؛ عینی/ثبتی,ترکیبی: برخط + درخواست سازمانی,Tier-2,برخط + درخواست سازمانی,True,False,GIS/SDI شهرداری یا دهیاری و طرح جامع/تفصیلی؛ مرز محله، قطعه، بنا، کاربری و شبکه معابر + ثبت اداری دستگاه متولی + مرکز آمار ایران؛ سرشماری نفوس و مسکن در سطح بلوک/آبادی و، حسب نیاز، طرح نیروی کار و هزینه–درآمد خانوار
PHY-109,تراکم خیابان و پهنای باند,P,کالبدی–زیرساختی,O — پیامد,Q,مستقیم (مقدار بیشتر = ظرفیت/وضعیت بهتر),"100×clip((x−L)/(U−L),0,1)",۰ تا ۱۰۰,spatial_statistic,مکانی/GIS؛ عینی/ثبتی,درخواست سازمانی/داده غیرعمومی,Tier-3,درخواست سازمانی/داده غیرعمومی,True,False,GIS/SDI شهرداری یا دهیاری و طرح جامع/تفصیلی؛ مرز محله، قطعه، بنا، کاربری و شبکه معابر
PHY-110,تراکم پزشک,P,کالبدی–زیرساختی,C — ظرفیت,K,مستقیم (مقدار بیشتر = ظرفیت/وضعیت بهتر),"100×clip((x−L)/(U−L),0,1)",۰ تا بی‌نهایت؛ کران عملی پس از کالیبراسیون,per_capita_or_density,مکانی/GIS؛ عینی/ثبتی,درخواست سازمانی/داده غیرعمومی,Tier-3,درخواست سازمانی/داده غیرعمومی,True,False,شبکه بهداشت/دانشگاه علوم پزشکی، اورژانس و ثبت احوال؛ مکان مرکز، ظرفیت، رخداد و پیامد سلامت
PHY-111,نسبت تعداد خودروی حمل زباله,N,طبیعی–محیطی,C — ظرفیت,K,مستقیم (مقدار بیشتر = ظرفیت/وضعیت بهتر),"100×clip((x−L)/(U−L),0,1)",۰ تا ۱۰۰,ratio_rate_or_trend,عینی/ثبتی,ترکیبی: برخط + درخواست سازمانی,Tier-2,برخط + درخواست سازمانی,False,False,سازمان مدیریت پسماند و آبفا؛ مقدار جمع‌آوری/بازیافت، ناوگان، مخزن، تصفیه و تخلیه + مرکز آمار ایران؛ سرشماری نفوس و مسکن در سطح بلوک/آبادی و، حسب نیاز، طرح نیروی کار و هزینه–درآمد خانوار
PHY-112,میانگین سفر روزانه,R,شبکه‌ای–ارتباطی,A — دسترسی,Q,مستقیم (مقدار بیشتر = ظرفیت/وضعیت بهتر),"100×clip((x−L)/(U−L),0,1)",۰ تا ۱۰۰,network_access,مکانی/GIS؛ ادراکی؛ رفتاری؛ عینی/ثبتی,درخواست سازمانی/داده غیرعمومی,Tier-3,درخواست سازمانی/داده غیرعمومی,True,False,سازمان حمل‌ونقل و ترافیک/اتوبوسرانی؛ مسیر، ایستگاه، فراوانی سرویس، زمان سفر و پارکینگ + پیمایش مبدأ–مقصد/داده تلفن همراه تجمیع‌شده
PHY-113,رعایت آیین نامه ساختمان,N,طبیعی–محیطی,C — ظرفیت,R,مستقیم (مقدار بیشتر = ظرفیت/وضعیت بهتر),"100×clip((x−L)/(U−L),0,1)",۰ تا ۱۰۰,formula_specific,عینی/ثبتی,درخواست سازمانی/داده غیرعمومی,Tier-3,درخواست سازمانی/داده غیرعمومی,False,False,شهرداری، سازمان ثبت اسناد/کاداستر و راه‌وشهرسازی؛ مالکیت، قطعه، پروانه، عمر و ارزش ملک + سازمان نظام مهندسی/ممیزی سازه
PHY-114,سرانه حمل و نقل یست محیطی,N,طبیعی–محیطی,A — دسترسی,R,مستقیم (مقدار بیشتر = ظرفیت/وضعیت بهتر),"100×clip((x−L)/(U−L),0,1)",وابسته به تعریف؛ نیازمند استاندارد/گروه همتا,per_capita_or_density,مکانی/GIS؛ عینی/ثبتی,ترکیبی: برخط + درخواست سازمانی,Tier-2,برخط + درخواست سازمانی,True,False,GIS/SDI شهرداری یا دهیاری و طرح جامع/تفصیلی؛ مرز محله، قطعه، بنا، کاربری و شبکه معابر + ثبت اداری دستگاه متولی + مرکز آمار ایران؛ سرشماری نفوس و مسکن در سطح بلوک/آبادی و، حسب نیاز، طرح نیروی کار و هزینه–درآمد خانوار
PHY-117,غلظت ذرات معلق,N,طبیعی–محیطی,C — ظرفیت,R,مستقیم (مقدار بیشتر = ظرفیت/وضعیت بهتر),"100×clip((x−L)/(U−L),0,1)",۰ تا بی‌نهایت؛ کران عملی پس از کالیبراسیون,ratio_rate_or_trend,عینی/ثبتی,برخط/باز,Tier-1,برخط/باز,False,False,سازمان حفاظت محیط زیست و سامانه پایش کیفی هوا + آزمایشگاه آب/خاک و پایش صدای شهرداری
PHY-118,جمع آوری زباله جامد و چرخه بازیافت,N,طبیعی–محیطی,C — ظرفیت,R,مستقیم (مقدار بیشتر = ظرفیت/وضعیت بهتر),"100×clip((x−L)/(U−L),0,1)",۰ تا ۱۰۰,ratio_rate_or_trend,عینی/ثبتی,ترکیبی: برخط + درخواست سازمانی,Tier-2,برخط + درخواست سازمانی,False,False,سازمان مدیریت پسماند و آبفا؛ مقدار جمع‌آوری/بازیافت، ناوگان، مخزن، تصفیه و تخلیه + مرکز آمار ایران؛ سرشماری نفوس و مسکن در سطح بلوک/آبادی و، حسب نیاز، طرح نیروی کار و هزینه–درآمد خانوار
PHY-119,سرانه فضای سبز شهری,N,طبیعی–محیطی,U — استفاده,R,مستقیم (مقدار بیشتر = ظرفیت/وضعیت بهتر),"100×clip((x−L)/(U−L),0,1)",وابسته به تعریف؛ نیازمند استاندارد/گروه همتا,spatial_statistic,مکانی/GIS؛ عینی/ثبتی,ترکیبی: برخط + درخواست سازمانی,Tier-2,برخط + درخواست سازمانی,True,False,GIS/SDI شهرداری یا دهیاری و طرح جامع/تفصیلی؛ مرز محله، قطعه، بنا، کاربری و شبکه معابر + سازمان نقشه‌برداری/NSDI و تصاویر Sentinel/Landsat؛ پوشش زمین، NDVI، توسعه کالبدی و مخاطرات + سازمان بوستان‌ها
PHY-120,حفاظت حیات وحش و حومه,N,طبیعی–محیطی,C — ظرفیت,R,مستقیم (مقدار بیشتر = ظرفیت/وضعیت بهتر),"100×clip((x−L)/(U−L),0,1)",۰ تا ۱۰۰,formula_specific,مکانی/GIS؛ عینی/ثبتی,برخط/باز,Tier-1,برخط/باز,True,False,سازمان حفاظت محیط زیست و سامانه پایش کیفی هوا + آزمایشگاه آب/خاک و پایش صدای شهرداری + سازمان نقشه‌برداری/NSDI و تصاویر Sentinel/Landsat؛ پوشش زمین، NDVI، توسعه کالبدی و مخاطرات
PHY-121,توزیع انرژی تجدید پذیر,N,طبیعی–محیطی,C — ظرفیت,R,مستقیم (مقدار بیشتر = ظرفیت/وضعیت بهتر),"100×clip((x−L)/(U−L),0,1)",۰ تا ۱۰۰,ratio_rate_or_trend,عینی/ثبتی,درخواست سازمانی/داده غیرعمومی,Tier-3,درخواست سازمانی/داده غیرعمومی,False,False,شرکت‌های آبفا، توزیع برق و گاز؛ مشترک فعال، انشعاب، قطعی، مصرف و کیفیت خدمت + سازمان انرژی‌های تجدیدپذیر
PHY-122,میزان انتشار دی اکسید کربن,N,طبیعی–محیطی,C — ظرفیت,R,معکوس (مقدار بیشتر = وضعیت نامطلوب‌تر),"100×clip((U−x)/(U−L),0,1)",۰ تا ۱۰۰,ratio_rate_or_trend,عینی/ثبتی,ترکیبی: برخط + درخواست سازمانی,Tier-2,برخط + درخواست سازمانی,False,False,سازمان حفاظت محیط زیست و سامانه پایش کیفی هوا + آزمایشگاه آب/خاک و پایش صدای شهرداری + شرکت برق/گاز و سیاهه حمل‌ونقل
PHY-123,آلودگی هوا (میزان غلظت),N,طبیعی–محیطی,C — ظرفیت,ریسک,معکوس (مقدار بیشتر = وضعیت نامطلوب‌تر),"100×clip((U−x)/(U−L),0,1)",۰ تا بی‌نهایت؛ کران عملی پس از کالیبراسیون,ratio_rate_or_trend,عینی/ثبتی,برخط/باز,Tier-1,برخط/باز,False,False,سازمان حفاظت محیط زیست و سامانه پایش کیفی هوا + آزمایشگاه آب/خاک و پایش صدای شهرداری
PHY-124,آلودگی آب (میزان کیفیت آب),N,طبیعی–محیطی,C — ظرفیت,ریسک,معکوس (مقدار بیشتر = وضعیت نامطلوب‌تر),"100×clip((U−x)/(U−L),0,1)",۰ تا ۱۰۰,ratio_rate_or_trend,عینی/ثبتی,ترکیبی: برخط + درخواست سازمانی,Tier-2,برخط + درخواست سازمانی,False,False,شرکت‌های آبفا، توزیع برق و گاز؛ مشترک فعال، انشعاب، قطعی، مصرف و کیفیت خدمت + سازمان حفاظت محیط زیست و سامانه پایش کیفی هوا + آزمایشگاه آب/خاک و پایش صدای شهرداری
PHY-126,انرژی(درصد ساختمان‌هایی با کلاس انرژی C و بالاتر),N,طبیعی–محیطی,C — ظرفیت,ریسک,مستقیم (مقدار بیشتر = ظرفیت/وضعیت بهتر),"100×clip((x−L)/(U−L),0,1)",۰ تا ۱۰۰,ratio_rate_or_trend,عینی/ثبتی,درخواست سازمانی/داده غیرعمومی,Tier-3,درخواست سازمانی/داده غیرعمومی,False,False,شهرداری، سازمان ثبت اسناد/کاداستر و راه‌وشهرسازی؛ مالکیت، قطعه، پروانه، عمر و ارزش ملک + شرکت بهینه‌سازی مصرف سوخت/ممیزی انرژی
PHY-127,فضای سبز (سرانه فضای سبز),N,طبیعی–محیطی,U — استفاده,ریسک,مستقیم (مقدار بیشتر = ظرفیت/وضعیت بهتر),"100×clip((x−L)/(U−L),0,1)",وابسته به تعریف؛ نیازمند استاندارد/گروه همتا,spatial_statistic,مکانی/GIS؛ عینی/ثبتی,ترکیبی: برخط + درخواست سازمانی,Tier-2,برخط + درخواست سازمانی,True,False,GIS/SDI شهرداری یا دهیاری و طرح جامع/تفصیلی؛ مرز محله، قطعه، بنا، کاربری و شبکه معابر + سازمان نقشه‌برداری/NSDI و تصاویر Sentinel/Landsat؛ پوشش زمین، NDVI، توسعه کالبدی و مخاطرات + سازمان بوستان‌ها
PHY-128,زباله (درصد زبالۀ تفکیک شده),N,طبیعی–محیطی,C — ظرفیت,K,مستقیم (مقدار بیشتر = ظرفیت/وضعیت بهتر),"100×clip((x−L)/(U−L),0,1)",۰ تا ۱۰۰,ratio_rate_or_trend,عینی/ثبتی,ترکیبی: برخط + درخواست سازمانی,Tier-2,برخط + درخواست سازمانی,False,False,سازمان مدیریت پسماند و آبفا؛ مقدار جمع‌آوری/بازیافت، ناوگان، مخزن، تصفیه و تخلیه + مرکز آمار ایران؛ سرشماری نفوس و مسکن در سطح بلوک/آبادی و، حسب نیاز، طرح نیروی کار و هزینه–درآمد خانوار
PHY-129,جمعیت (تراکم نسبت جمعیت),N,طبیعی–محیطی,C — ظرفیت,K,مستقیم (مقدار بیشتر = ظرفیت/وضعیت بهتر),"100×clip((x−L)/(U−L),0,1)",۰ تا ۱۰۰,ratio_rate_or_trend,عینی/ثبتی,ترکیبی: برخط + درخواست سازمانی,Tier-2,برخط + درخواست سازمانی,False,False,مرکز آمار ایران؛ سرشماری نفوس و مسکن در سطح بلوک/آبادی و، حسب نیاز، طرح نیروی کار و هزینه–درآمد خانوار + ثبت اداری متولی شاخص
PHY-130,پراکنده‌رویی (آنتروپی شانون),P,کالبدی–زیرساختی,C — ظرفیت,K,معکوس (مقدار بیشتر = وضعیت نامطلوب‌تر),"100×clip((U−x)/(U−L),0,1)",۰ تا ۱,formula_specific,مکانی/GIS؛ عینی/ثبتی,ترکیبی: برخط + درخواست سازمانی,Tier-2,برخط + درخواست سازمانی,True,False,GIS/SDI شهرداری یا دهیاری و طرح جامع/تفصیلی؛ مرز محله، قطعه، بنا، کاربری و شبکه معابر + سازمان نقشه‌برداری/NSDI و تصاویر Sentinel/Landsat؛ پوشش زمین، NDVI، توسعه کالبدی و مخاطرات
PHY-131,فرهنگی (سرانۀ فضاهای عبادتی، زیارتی؛ سرانۀ سالن‌های نمایش و هنری)؛ سرانۀ فضای کتابخانۀ عمومی و فرهنگسرا),N,طبیعی–محیطی,A — دسترسی,Q,مستقیم (مقدار بیشتر = ظرفیت/وضعیت بهتر),"100×clip((x−L)/(U−L),0,1)",وابسته به تعریف؛ نیازمند استاندارد/گروه همتا,per_capita_or_density,مکانی/GIS؛ عینی/ثبتی,ترکیبی: برخط + درخواست سازمانی,Tier-2,برخط + درخواست سازمانی,True,False,ادارات فرهنگ‌وارشاد، ورزش، میراث فرهنگی و اوقاف؛ مکان، مساحت، ظرفیت و برنامه مراکز + مرکز آمار ایران؛ سرشماری نفوس و مسکن در سطح بلوک/آبادی و، حسب نیاز، طرح نیروی کار و هزینه–درآمد خانوار
PHY-132,ورزشی (سرانۀ فضاهای ورزشی),N,طبیعی–محیطی,A — دسترسی,Q,مستقیم (مقدار بیشتر = ظرفیت/وضعیت بهتر),"100×clip((x−L)/(U−L),0,1)",وابسته به تعریف؛ نیازمند استاندارد/گروه همتا,per_capita_or_density,مکانی/GIS؛ عینی/ثبتی,ترکیبی: برخط + درخواست سازمانی,Tier-2,برخط + درخواست سازمانی,True,False,GIS/SDI شهرداری یا دهیاری و طرح جامع/تفصیلی؛ مرز محله، قطعه، بنا، کاربری و شبکه معابر + ثبت اداری دستگاه متولی + مرکز آمار ایران؛ سرشماری نفوس و مسکن در سطح بلوک/آبادی و، حسب نیاز، طرح نیروی کار و هزینه–درآمد خانوار
PHY-133,آموزشی (سرانۀ فضاهای آموزشی),N,طبیعی–محیطی,A — دسترسی,Q,مستقیم (مقدار بیشتر = ظرفیت/وضعیت بهتر),"100×clip((x−L)/(U−L),0,1)",وابسته به تعریف؛ نیازمند استاندارد/گروه همتا,per_capita_or_density,مکانی/GIS؛ عینی/ثبتی,ترکیبی: برخط + درخواست سازمانی,Tier-2,برخط + درخواست سازمانی,True,False,آموزش‌وپرورش و سازمان نوسازی مدارس؛ مکان، مقطع، ظرفیت، ثبت‌نام، معلم و نتایج آموزشی + مرکز آمار ایران؛ سرشماری نفوس و مسکن در سطح بلوک/آبادی و، حسب نیاز، طرح نیروی کار و هزینه–درآمد خانوار
PHY-134,بهداشتی و درمانی (سرانۀ فضاهای درمانی و بهداشتی),N,طبیعی–محیطی,A — دسترسی,Q,مستقیم (مقدار بیشتر = ظرفیت/وضعیت بهتر),"100×clip((x−L)/(U−L),0,1)",وابسته به تعریف؛ نیازمند استاندارد/گروه همتا,per_capita_or_density,مکانی/GIS؛ عینی/ثبتی,ترکیبی: برخط + درخواست سازمانی,Tier-2,برخط + درخواست سازمانی,True,False,شبکه بهداشت/دانشگاه علوم پزشکی، اورژانس و ثبت احوال؛ مکان مرکز، ظرفیت، رخداد و پیامد سلامت + مرکز آمار ایران؛ سرشماری نفوس و مسکن در سطح بلوک/آبادی و، حسب نیاز، طرح نیروی کار و هزینه–درآمد خانوار
PHY-135,زیربنایی و رفاهی (درصد اماکن بهره‌مند از آب لوله کشی، درصد امکان بهره‌مندی از شبکۀ فاضلاب، سرانۀ فضای مسکونی ساخته شده، زیبایی و جذابیت شهر و عناصر پرمعنای معماری),N,طبیعی–محیطی,C — ظرفیت,K,مستقیم (مقدار بیشتر = ظرفیت/وضعیت بهتر),"100×clip((x−L)/(U−L),0,1)",۰ تا ۱۰۰,ratio_rate_or_trend,مکانی/GIS؛ عینی/ثبتی,ترکیبی: برخط + درخواست سازمانی,Tier-2,برخط + درخواست سازمانی,True,False,شرکت‌های آبفا، توزیع برق و گاز؛ مشترک فعال، انشعاب، قطعی، مصرف و کیفیت خدمت + مرکز آمار ایران؛ سرشماری نفوس و مسکن در سطح بلوک/آبادی و، حسب نیاز، طرح نیروی کار و هزینه–درآمد خانوار
PHY-136,درصد ایستگاه آتش نشانی,N,طبیعی–محیطی,C — ظرفیت,K,مستقیم (مقدار بیشتر = ظرفیت/وضعیت بهتر),"100×clip((x−L)/(U−L),0,1)",۰ تا ۱۰۰,ratio_rate_or_trend,عینی/ثبتی,ترکیبی: برخط + درخواست سازمانی,Tier-2,برخط + درخواست سازمانی,False,False,مرکز آمار ایران؛ سرشماری نفوس و مسکن در سطح بلوک/آبادی و، حسب نیاز، طرح نیروی کار و هزینه–درآمد خانوار + ثبت اداری متولی شاخص
PHY-137,درصد سیستم کنترل هوشمند مرکزی,N,طبیعی–محیطی,C — ظرفیت,K,مستقیم (مقدار بیشتر = ظرفیت/وضعیت بهتر),"100×clip((x−L)/(U−L),0,1)",۰ تا ۱۰۰,ratio_rate_or_trend,عینی/ثبتی,ترکیبی: برخط + درخواست سازمانی,Tier-2,برخط + درخواست سازمانی,False,False,مرکز آمار ایران؛ سرشماری نفوس و مسکن در سطح بلوک/آبادی و، حسب نیاز، طرح نیروی کار و هزینه–درآمد خانوار + ثبت اداری متولی شاخص
PHY-138,درصد دوربین نظارت تصویری,N,طبیعی–محیطی,C — ظرفیت,K,مستقیم (مقدار بیشتر = ظرفیت/وضعیت بهتر),"100×clip((x−L)/(U−L),0,1)",۰ تا ۱۰۰,ratio_rate_or_trend,عینی/ثبتی,ترکیبی: برخط + درخواست سازمانی,Tier-2,برخط + درخواست سازمانی,False,False,مرکز آمار ایران؛ سرشماری نفوس و مسکن در سطح بلوک/آبادی و، حسب نیاز، طرح نیروی کار و هزینه–درآمد خانوار + ثبت اداری متولی شاخص
PHY-139,سرانۀ پارک,N,طبیعی–محیطی,A — دسترسی,Q,مستقیم (مقدار بیشتر = ظرفیت/وضعیت بهتر),"100×clip((x−L)/(U−L),0,1)",وابسته به تعریف؛ نیازمند استاندارد/گروه همتا,per_capita_or_density,مکانی/GIS؛ عینی/ثبتی,ترکیبی: برخط + درخواست سازمانی,Tier-2,برخط + درخواست سازمانی,True,False,GIS/SDI شهرداری یا دهیاری و طرح جامع/تفصیلی؛ مرز محله، قطعه، بنا، کاربری و شبکه معابر + ثبت اداری دستگاه متولی + مرکز آمار ایران؛ سرشماری نفوس و مسکن در سطح بلوک/آبادی و، حسب نیاز، طرح نیروی کار و هزینه–درآمد خانوار
PHY-140,درصد نمایشگر و ایستگاه سنجش آلودگی هوا,N,طبیعی–محیطی,C — ظرفیت,ریسک,معکوس (مقدار بیشتر = وضعیت نامطلوب‌تر),"100×clip((U−x)/(U−L),0,1)",۰ تا ۱۰۰,ratio_rate_or_trend,عینی/ثبتی,برخط/باز,Tier-1,برخط/باز,False,False,سازمان حفاظت محیط زیست و سامانه پایش کیفی هوا + آزمایشگاه آب/خاک و پایش صدای شهرداری
PHY-141,میزان تولید و جذب سفر ساکنان,R,شبکه‌ای–ارتباطی,A — دسترسی,Q,آستانه‌ای/بهینه (فاصله از دامنه معیار سنجیده شود),تابع قطعه‌ای فاصله از دامنه مطلوب؛ L/U پس از کالیبراسیون,۰ تا ۱۰۰,network_access,مکانی/GIS؛ ادراکی؛ رفتاری؛ عینی/ثبتی,درخواست سازمانی/داده غیرعمومی,Tier-3,درخواست سازمانی/داده غیرعمومی,True,False,سازمان حمل‌ونقل و ترافیک/اتوبوسرانی؛ مسیر، ایستگاه، فراوانی سرویس، زمان سفر و پارکینگ + پیمایش مبدأ–مقصد/داده تلفن همراه تجمیع‌شده
PHY-144,پوشش گیاهی,N,طبیعی–محیطی,U — استفاده,Q,مستقیم (مقدار بیشتر = ظرفیت/وضعیت بهتر),"100×clip((x−L)/(U−L),0,1)",وابسته به تعریف؛ نیازمند استاندارد/گروه همتا,spatial_statistic,مکانی/GIS؛ عینی/ثبتی,ترکیبی: برخط + درخواست سازمانی,Tier-2,برخط + درخواست سازمانی,True,False,GIS/SDI شهرداری یا دهیاری و طرح جامع/تفصیلی؛ مرز محله، قطعه، بنا، کاربری و شبکه معابر + سازمان نقشه‌برداری/NSDI و تصاویر Sentinel/Landsat؛ پوشش زمین، NDVI، توسعه کالبدی و مخاطرات + سازمان بوستان‌ها
PHY-145,دسترسی به غذا، آب و سرپناه,N,طبیعی–محیطی,A — دسترسی,Q,مستقیم (مقدار بیشتر = ظرفیت/وضعیت بهتر),"100×clip((x−L)/(U−L),0,1)",۰ تا ۱۰۰,network_access,مکانی/GIS؛ عینی/ثبتی,ترکیبی: برخط + درخواست سازمانی,Tier-2,برخط + درخواست سازمانی,True,False,GIS/SDI شهرداری یا دهیاری و طرح جامع/تفصیلی؛ مرز محله، قطعه، بنا، کاربری و شبکه معابر + ثبت اداری دستگاه متولی + مرکز آمار ایران؛ سرشماری نفوس و مسکن در سطح بلوک/آبادی و، حسب نیاز، طرح نیروی کار و هزینه–درآمد خانوار
PHY-146,دسترسی به خدمات بهداشتی,P,کالبدی–زیرساختی,A — دسترسی,Q,مستقیم (مقدار بیشتر = ظرفیت/وضعیت بهتر),"100×clip((x−L)/(U−L),0,1)",۰ تا ۱۰۰,network_access,مکانی/GIS؛ عینی/ثبتی,درخواست سازمانی/داده غیرعمومی,Tier-3,درخواست سازمانی/داده غیرعمومی,True,False,شبکه بهداشت/دانشگاه علوم پزشکی، اورژانس و ثبت احوال؛ مکان مرکز، ظرفیت، رخداد و پیامد سلامت + GIS/SDI شهرداری یا دهیاری و طرح جامع/تفصیلی؛ مرز محله، قطعه، بنا، کاربری و شبکه معابر
PHY-147,زیرساخت پلتفرمی: (ضریب نفوذ اینترنت پهن‌باند؛ پایداری شبکه دیجیتال؛ وجود فضاهای کالبدی اشتراکی (Co-working) یا کارگاه‌های تجمیعی),N,طبیعی–محیطی,E — تجربه,R,مستقیم (مقدار بیشتر = ظرفیت/وضعیت بهتر),"100×clip((x−L)/(U−L),0,1)",۰ تا ۱۰۰,formula_specific,عینی/ثبتی,ترکیبی: برخط + درخواست سازمانی,Tier-2,برخط + درخواست سازمانی,False,False,سازمان تنظیم مقررات و ارتباطات رادیویی، نت‌سنج‌پلاس و اپراتورها؛ پوشش، سرعت، تأخیر و قطعی + مرکز آمار ایران؛ سرشماری نفوس و مسکن در سطح بلوک/آبادی و، حسب نیاز، طرح نیروی کار و هزینه–درآمد خانوار
PHY-148,دسترسی به دانش: (فاصله زمانی تا مراکز رشد (Incubators) و پارک‌های علم و فناوری؛ دسترسی به جاده‌های ترانزیتی برای صادرات محصولات),R,شبکه‌ای–ارتباطی,A — دسترسی,R,مستقیم (مقدار بیشتر = ظرفیت/وضعیت بهتر),"100×clip((x−L)/(U−L),0,1)",۰ تا ۱۰۰,network_access,مکانی/GIS؛ عینی/ثبتی,درخواست سازمانی/داده غیرعمومی,Tier-3,درخواست سازمانی/داده غیرعمومی,True,False,GIS/SDI شهرداری یا دهیاری و طرح جامع/تفصیلی؛ مرز محله، قطعه، بنا، کاربری و شبکه معابر
PHY-150,بهبود و به روز رسانی رمپ‌ها و پله‌ها برای دسترسی مطلوب,N,طبیعی–محیطی,A — دسترسی,Q,مستقیم (مقدار بیشتر = ظرفیت/وضعیت بهتر),"100×clip((x−L)/(U−L),0,1)",۰ تا ۱۰۰,network_access,مکانی/GIS؛ عینی/ثبتی,ترکیبی: برخط + درخواست سازمانی,Tier-2,برخط + درخواست سازمانی,True,False,GIS/SDI شهرداری یا دهیاری و طرح جامع/تفصیلی؛ مرز محله، قطعه، بنا، کاربری و شبکه معابر + ثبت اداری دستگاه متولی + مرکز آمار ایران؛ سرشماری نفوس و مسکن در سطح بلوک/آبادی و، حسب نیاز، طرح نیروی کار و هزینه–درآمد خانوار
PHY-153,ایجاد امکانات ورزشی و امکانات کاهش آلودگی هوا,N,طبیعی–محیطی,C — ظرفیت,ریسک,معکوس (مقدار بیشتر = وضعیت نامطلوب‌تر),"100×clip((U−x)/(U−L),0,1)",۰ تا بی‌نهایت؛ کران عملی پس از کالیبراسیون,ratio_rate_or_trend,مکانی/GIS؛ عینی/ثبتی,برخط/باز,Tier-1,برخط/باز,True,False,سازمان حفاظت محیط زیست و سامانه پایش کیفی هوا + آزمایشگاه آب/خاک و پایش صدای شهرداری
PHY-154,بهبود علائم دسترسی به پارکینگ‌ها و سایر نقاط,P,کالبدی–زیرساختی,A — دسترسی,Q,مستقیم (مقدار بیشتر = ظرفیت/وضعیت بهتر),"100×clip((x−L)/(U−L),0,1)",۰ تا ۱۰۰,network_access,مکانی/GIS؛ عینی/ثبتی,درخواست سازمانی/داده غیرعمومی,Tier-3,درخواست سازمانی/داده غیرعمومی,True,False,GIS/SDI شهرداری یا دهیاری و طرح جامع/تفصیلی؛ مرز محله، قطعه، بنا، کاربری و شبکه معابر
PHY-155,تعداد کتابخانه و سالن مطالعه,P,کالبدی–زیرساختی,A — دسترسی,Q,مستقیم (مقدار بیشتر = ظرفیت/وضعیت بهتر),"100×clip((x−L)/(U−L),0,1)",وابسته به تعریف؛ نیازمند استاندارد/گروه همتا,per_capita_or_density,مکانی/GIS؛ عینی/ثبتی,درخواست سازمانی/داده غیرعمومی,Tier-3,درخواست سازمانی/داده غیرعمومی,True,False,GIS/SDI شهرداری یا دهیاری و طرح جامع/تفصیلی؛ مرز محله، قطعه، بنا، کاربری و شبکه معابر + ثبت دارایی دستگاه متولی
PHY-156,تعداد مراکز ورزشی و پارک‌ها,P,کالبدی–زیرساختی,A — دسترسی,Q,مستقیم (مقدار بیشتر = ظرفیت/وضعیت بهتر),"100×clip((x−L)/(U−L),0,1)",وابسته به تعریف؛ نیازمند استاندارد/گروه همتا,per_capita_or_density,مکانی/GIS؛ عینی/ثبتی,درخواست سازمانی/داده غیرعمومی,Tier-3,درخواست سازمانی/داده غیرعمومی,True,False,GIS/SDI شهرداری یا دهیاری و طرح جامع/تفصیلی؛ مرز محله، قطعه، بنا، کاربری و شبکه معابر + ثبت دارایی دستگاه متولی
PHY-157,تعداد خودوها و شیرهای آتش نشانی,P,کالبدی–زیرساختی,A — دسترسی,Q,مستقیم (مقدار بیشتر = ظرفیت/وضعیت بهتر),"100×clip((x−L)/(U−L),0,1)",وابسته به تعریف؛ نیازمند استاندارد/گروه همتا,per_capita_or_density,مکانی/GIS؛ عینی/ثبتی,درخواست سازمانی/داده غیرعمومی,Tier-3,درخواست سازمانی/داده غیرعمومی,True,False,GIS/SDI شهرداری یا دهیاری و طرح جامع/تفصیلی؛ مرز محله، قطعه، بنا، کاربری و شبکه معابر + ثبت دارایی دستگاه متولی
PHY-158,تعداد پارکینگ‌های عمومی,P,کالبدی–زیرساختی,A — دسترسی,Q,مستقیم (مقدار بیشتر = ظرفیت/وضعیت بهتر),"100×clip((x−L)/(U−L),0,1)",وابسته به تعریف؛ نیازمند استاندارد/گروه همتا,per_capita_or_density,مکانی/GIS؛ عینی/ثبتی,درخواست سازمانی/داده غیرعمومی,Tier-3,درخواست سازمانی/داده غیرعمومی,True,False,GIS/SDI شهرداری یا دهیاری و طرح جامع/تفصیلی؛ مرز محله، قطعه، بنا، کاربری و شبکه معابر + ثبت دارایی دستگاه متولی
PHY-159,تعداد بیمارستان,P,کالبدی–زیرساختی,A — دسترسی,Q,مستقیم (مقدار بیشتر = ظرفیت/وضعیت بهتر),"100×clip((x−L)/(U−L),0,1)",۰ تا ۱۰۰,network_access,مکانی/GIS؛ عینی/ثبتی,درخواست سازمانی/داده غیرعمومی,Tier-3,درخواست سازمانی/داده غیرعمومی,True,False,شبکه بهداشت/دانشگاه علوم پزشکی، اورژانس و ثبت احوال؛ مکان مرکز، ظرفیت، رخداد و پیامد سلامت + GIS/SDI شهرداری یا دهیاری و طرح جامع/تفصیلی؛ مرز محله، قطعه، بنا، کاربری و شبکه معابر
PHY-160,کاربری‌های ناسازگار,N,طبیعی–محیطی,A — دسترسی,Q,مستقیم (مقدار بیشتر = ظرفیت/وضعیت بهتر),"100×clip((x−L)/(U−L),0,1)",۰ تا ۱۰۰,formula_specific,مکانی/GIS؛ عینی/ثبتی,ترکیبی: برخط + درخواست سازمانی,Tier-2,برخط + درخواست سازمانی,True,False,GIS/SDI شهرداری یا دهیاری و طرح جامع/تفصیلی؛ مرز محله، قطعه، بنا، کاربری و شبکه معابر + سازمان حفاظت محیط زیست و سامانه پایش کیفی هوا + آزمایشگاه آب/خاک و پایش صدای شهرداری
PHY-161,فقدان یا کمبود فضاهای خدماتی,P,کالبدی–زیرساختی,A — دسترسی,Q,معکوس (مقدار بیشتر = وضعیت نامطلوب‌تر),"100×clip((U−x)/(U−L),0,1)",وابسته به تعریف؛ نیازمند استاندارد/گروه همتا,formula_specific,مکانی/GIS؛ عینی/ثبتی,درخواست سازمانی/داده غیرعمومی,Tier-3,درخواست سازمانی/داده غیرعمومی,True,False,GIS/SDI شهرداری یا دهیاری و طرح جامع/تفصیلی؛ مرز محله، قطعه، بنا، کاربری و شبکه معابر + ثبت ظرفیت دستگاه‌های خدمت‌رسان
PHY-163,شبکه‌های دسترسی ناکارآمد و ناکافی,N,طبیعی–محیطی,A — دسترسی,Q,معکوس (مقدار بیشتر = وضعیت نامطلوب‌تر),"100×clip((U−x)/(U−L),0,1)",۰ تا ۱۰۰,network_access,مکانی/GIS؛ عینی/ثبتی,ترکیبی: برخط + درخواست سازمانی,Tier-2,برخط + درخواست سازمانی,True,False,GIS/SDI شهرداری یا دهیاری و طرح جامع/تفصیلی؛ مرز محله، قطعه، بنا، کاربری و شبکه معابر + ثبت اداری دستگاه متولی + مرکز آمار ایران؛ سرشماری نفوس و مسکن در سطح بلوک/آبادی و، حسب نیاز، طرح نیروی کار و هزینه–درآمد خانوار
PHY-164,شبکه‌های نامنظم با عرض کم و نفوذپذیری پایین,P,کالبدی–زیرساختی,A — دسترسی,Q,مستقیم (مقدار بیشتر = ظرفیت/وضعیت بهتر),"100×clip((x−L)/(U−L),0,1)",۰ تا ۱۰۰,spatial_statistic,مکانی/GIS؛ عینی/ثبتی,درخواست سازمانی/داده غیرعمومی,Tier-3,درخواست سازمانی/داده غیرعمومی,True,False,GIS/SDI شهرداری یا دهیاری و طرح جامع/تفصیلی؛ مرز محله، قطعه، بنا، کاربری و شبکه معابر
PHY-165,نسبت ساختمان‌های دارای گواهی کیفیت محیطی,N,طبیعی–محیطی,C — ظرفیت,K,مستقیم (مقدار بیشتر = ظرفیت/وضعیت بهتر),"100×clip((x−L)/(U−L),0,1)",۰ تا ۱۰۰,ratio_rate_or_trend,عینی/ثبتی,ترکیبی: برخط + درخواست سازمانی,Tier-2,برخط + درخواست سازمانی,False,False,مرکز آمار ایران؛ سرشماری نفوس و مسکن در سطح بلوک/آبادی و، حسب نیاز، طرح نیروی کار و هزینه–درآمد خانوار + ثبت اداری متولی شاخص
PHY-166,کل مصرف انرژی,N,طبیعی–محیطی,C — ظرفیت,T,معکوس (مقدار بیشتر = وضعیت نامطلوب‌تر),"100×clip((U−x)/(U−L),0,1)",۰ تا ۱۰۰,ratio_rate_or_trend,عینی/ثبتی,درخواست سازمانی/داده غیرعمومی,Tier-3,درخواست سازمانی/داده غیرعمومی,False,False,شرکت‌های آبفا، توزیع برق و گاز؛ مشترک فعال، انشعاب، قطعی، مصرف و کیفیت خدمت
PHY-167,تراکم مسکن,N,طبیعی–محیطی,A — دسترسی,Q,آستانه‌ای/بهینه (فاصله از دامنه معیار سنجیده شود),تابع قطعه‌ای فاصله از دامنه مطلوب؛ L/U پس از کالیبراسیون,۰ تا بی‌نهایت؛ کران عملی پس از کالیبراسیون,formula_specific,مکانی/GIS؛ عینی/ثبتی,ترکیبی: برخط + درخواست سازمانی,Tier-2,برخط + درخواست سازمانی,True,False,مرکز آمار ایران؛ سرشماری نفوس و مسکن در سطح بلوک/آبادی و، حسب نیاز، طرح نیروی کار و هزینه–درآمد خانوار + GIS/SDI شهرداری یا دهیاری و طرح جامع/تفصیلی؛ مرز محله، قطعه، بنا، کاربری و شبکه معابر
PHY-169,میزان انتشار گازهای گلخانه‌ای,N,طبیعی–محیطی,C — ظرفیت,K,معکوس (مقدار بیشتر = وضعیت نامطلوب‌تر),"100×clip((U−x)/(U−L),0,1)",۰ تا ۱۰۰,ratio_rate_or_trend,عینی/ثبتی,ترکیبی: برخط + درخواست سازمانی,Tier-2,برخط + درخواست سازمانی,False,False,سازمان حفاظت محیط زیست و سامانه پایش کیفی هوا + آزمایشگاه آب/خاک و پایش صدای شهرداری + شرکت برق/گاز و سیاهه حمل‌ونقل
PHY-171,تولید و مدیریت پسماند,N,طبیعی–محیطی,C — ظرفیت,T,مستقیم (مقدار بیشتر = ظرفیت/وضعیت بهتر),"100×clip((x−L)/(U−L),0,1)",۰ تا ۱۰۰,ratio_rate_or_trend,عینی/ثبتی,ترکیبی: برخط + درخواست سازمانی,Tier-2,برخط + درخواست سازمانی,False,False,سازمان مدیریت پسماند و آبفا؛ مقدار جمع‌آوری/بازیافت، ناوگان، مخزن، تصفیه و تخلیه + مرکز آمار ایران؛ سرشماری نفوس و مسکن در سطح بلوک/آبادی و، حسب نیاز، طرح نیروی کار و هزینه–درآمد خانوار
PHY-172,آلودگی هوا,N,طبیعی–محیطی,C — ظرفیت,ریسک,معکوس (مقدار بیشتر = وضعیت نامطلوب‌تر),"100×clip((U−x)/(U−L),0,1)",۰ تا بی‌نهایت؛ کران عملی پس از کالیبراسیون,ratio_rate_or_trend,عینی/ثبتی,برخط/باز,Tier-1,برخط/باز,False,False,سازمان حفاظت محیط زیست و سامانه پایش کیفی هوا + آزمایشگاه آب/خاک و پایش صدای شهرداری
PHY-174,مصرف آب,N,طبیعی–محیطی,C — ظرفیت,K,معکوس (مقدار بیشتر = وضعیت نامطلوب‌تر),"100×clip((U−x)/(U−L),0,1)",۰ تا بی‌نهایت؛ کران عملی پس از کالیبراسیون,formula_specific,عینی/ثبتی,درخواست سازمانی/داده غیرعمومی,Tier-3,درخواست سازمانی/داده غیرعمومی,False,False,شرکت‌های آبفا، توزیع برق و گاز؛ مشترک فعال، انشعاب، قطعی، مصرف و کیفیت خدمت
PHY-175,دسترسی اسان به خدمات بهداشتی، روانی و اجتماعی,P,کالبدی–زیرساختی,A — دسترسی,Q,مستقیم (مقدار بیشتر = ظرفیت/وضعیت بهتر),"100×clip((x−L)/(U−L),0,1)",۰ تا ۱۰۰,network_access,مکانی/GIS؛ عینی/ثبتی,درخواست سازمانی/داده غیرعمومی,Tier-3,درخواست سازمانی/داده غیرعمومی,True,False,شبکه بهداشت/دانشگاه علوم پزشکی، اورژانس و ثبت احوال؛ مکان مرکز، ظرفیت، رخداد و پیامد سلامت + GIS/SDI شهرداری یا دهیاری و طرح جامع/تفصیلی؛ مرز محله، قطعه، بنا، کاربری و شبکه معابر
PHY-176,توسعۀ و تقویت شبکۀ ارائه دهندگان خدمات بهداشتی,P,کالبدی–زیرساختی,A — دسترسی,Q,مستقیم (مقدار بیشتر = ظرفیت/وضعیت بهتر),"100×clip((x−L)/(U−L),0,1)",۰ تا ۱۰۰,network_access,مکانی/GIS؛ عینی/ثبتی,درخواست سازمانی/داده غیرعمومی,Tier-3,درخواست سازمانی/داده غیرعمومی,True,False,شبکه بهداشت/دانشگاه علوم پزشکی، اورژانس و ثبت احوال؛ مکان مرکز، ظرفیت، رخداد و پیامد سلامت + GIS/SDI شهرداری یا دهیاری و طرح جامع/تفصیلی؛ مرز محله، قطعه، بنا، کاربری و شبکه معابر
PHY-177,استفاده از املاک شهری,R,شبکه‌ای–ارتباطی,A — دسترسی,Q,مستقیم (مقدار بیشتر = ظرفیت/وضعیت بهتر),"100×clip((x−L)/(U−L),0,1)",۰ تا ۱۰۰,formula_specific,رفتاری؛ عینی/ثبتی,درخواست سازمانی/داده غیرعمومی,Tier-3,درخواست سازمانی/داده غیرعمومی,False,False,شهرداری، سازمان ثبت اسناد/کاداستر و راه‌وشهرسازی؛ مالکیت، قطعه، پروانه، عمر و ارزش ملک + ثبت املاک شهرداری
BEH-002,استفاده از نظرات در برنامه ریزی شهر,G,نهادی–حکمرانی,U — استفاده,Q,مستقیم (مقدار بیشتر = ظرفیت/وضعیت بهتر),"100×clip((x−L)/(U−L),0,1)",۰ تا ۱۰۰,formula_specific,رفتاری؛ عینی/ثبتی,درخواست سازمانی/داده غیرعمومی,Tier-3,درخواست سازمانی/داده غیرعمومی,False,False,شورای محله/روستا، شهرداری/دهیاری، فرمانداری و سامانه سمن‌ها؛ عضویت، جلسه، بودجه، شکایت و پاسخ + اسناد طرح/جلسه
BEH-011,تراکم جمعیت,EC,اقتصادی,C — ظرفیت,K,آستانه‌ای/بهینه (فاصله از دامنه معیار سنجیده شود),تابع قطعه‌ای فاصله از دامنه مطلوب؛ L/U پس از کالیبراسیون,۰ تا ۱۰۰,per_capita_or_density,مکانی/GIS؛ عینی/ثبتی,ترکیبی: برخط + درخواست سازمانی,Tier-2,برخط + درخواست سازمانی,True,False,مرکز آمار ایران؛ سرشماری نفوس و مسکن در سطح بلوک/آبادی و، حسب نیاز، طرح نیروی کار و هزینه–درآمد خانوار + GIS/SDI شهرداری یا دهیاری و طرح جامع/تفصیلی؛ مرز محله، قطعه، بنا، کاربری و شبکه معابر
BEH-012,درصد مهاجرت,EC,اقتصادی,O — پیامد,Q,آستانه‌ای/بهینه (فاصله از دامنه معیار سنجیده شود),تابع قطعه‌ای فاصله از دامنه مطلوب؛ L/U پس از کالیبراسیون,۰ تا ۱۰۰,ratio_rate_or_trend,عینی/ثبتی,ترکیبی: برخط + درخواست سازمانی,Tier-2,برخط + درخواست سازمانی,False,False,مرکز آمار ایران؛ سرشماری نفوس و مسکن در سطح بلوک/آبادی و، حسب نیاز، طرح نیروی کار و هزینه–درآمد خانوار + ثبت احوال/سامانه تغییر نشانی
BEH-013,درصد جوانی جمعیت,EC,اقتصادی,C — ظرفیت,K,مستقیم (مقدار بیشتر = ظرفیت/وضعیت بهتر),"100×clip((x−L)/(U−L),0,1)",۰ تا ۱۰۰,ratio_rate_or_trend,عینی/ثبتی,ترکیبی: برخط + درخواست سازمانی,Tier-2,برخط + درخواست سازمانی,False,False,مرکز آمار ایران؛ سرشماری نفوس و مسکن در سطح بلوک/آبادی و، حسب نیاز، طرح نیروی کار و هزینه–درآمد خانوار
BEH-014,بعد خانوار,EC,اقتصادی,C — ظرفیت,K,آستانه‌ای/بهینه (فاصله از دامنه معیار سنجیده شود),تابع قطعه‌ای فاصله از دامنه مطلوب؛ L/U پس از کالیبراسیون,۰ تا بی‌نهایت؛ کران عملی پس از کالیبراسیون,ratio_rate_or_trend,عینی/ثبتی,ترکیبی: برخط + درخواست سازمانی,Tier-2,برخط + درخواست سازمانی,False,False,مرکز آمار ایران؛ سرشماری نفوس و مسکن در سطح بلوک/آبادی و، حسب نیاز، طرح نیروی کار و هزینه–درآمد خانوار
BEH-015,نسبت بی‌سوادی در سطح بلوک‌ها,EC,اقتصادی,C — ظرفیت,K,معکوس (مقدار بیشتر = وضعیت نامطلوب‌تر),"100×clip((U−x)/(U−L),0,1)",۰ تا ۱۰۰,formula_specific,عینی/ثبتی,ترکیبی: برخط + درخواست سازمانی,Tier-2,برخط + درخواست سازمانی,False,False,مرکز آمار ایران؛ سرشماری نفوس و مسکن در سطح بلوک/آبادی و، حسب نیاز، طرح نیروی کار و هزینه–درآمد خانوار
BEH-016,افزایش خانوارهای مجرد,EC,اقتصادی,C — ظرفیت,K,مستقیم (مقدار بیشتر = ظرفیت/وضعیت بهتر),"100×clip((x−L)/(U−L),0,1)",۰ تا ۱۰۰,ratio_rate_or_trend,عینی/ثبتی,ترکیبی: برخط + درخواست سازمانی,Tier-2,برخط + درخواست سازمانی,False,False,مرکز آمار ایران؛ سرشماری نفوس و مسکن در سطح بلوک/آبادی و، حسب نیاز، طرح نیروی کار و هزینه–درآمد خانوار
BEH-017,کاهش جمعیت با کاهش رشد جمعیت,EC,اقتصادی,C — ظرفیت,K,معکوس (مقدار بیشتر = وضعیت نامطلوب‌تر),"100×clip((U−x)/(U−L),0,1)",۰ تا ۱۰۰,ratio_rate_or_trend,عینی/ثبتی,ترکیبی: برخط + درخواست سازمانی,Tier-2,برخط + درخواست سازمانی,False,False,مرکز آمار ایران؛ سرشماری نفوس و مسکن در سطح بلوک/آبادی و، حسب نیاز، طرح نیروی کار و هزینه–درآمد خانوار + ثبت احوال
BEH-021,افزایش نرخ تشکیل خانوار,EC,اقتصادی,C — ظرفیت,K,آستانه‌ای/بهینه (فاصله از دامنه معیار سنجیده شود),تابع قطعه‌ای فاصله از دامنه مطلوب؛ L/U پس از کالیبراسیون,۰ تا ۱۰۰,ratio_rate_or_trend,عینی/ثبتی,ترکیبی: برخط + درخواست سازمانی,Tier-2,برخط + درخواست سازمانی,False,False,مرکز آمار ایران؛ سرشماری نفوس و مسکن در سطح بلوک/آبادی و، حسب نیاز، طرح نیروی کار و هزینه–درآمد خانوار + ثبت احوال
BEH-023,نظارت نیروی انتظامی,S,اجتماعی,C — ظرفیت,K,مستقیم (مقدار بیشتر = ظرفیت/وضعیت بهتر),"100×clip((x−L)/(U−L),0,1)",۰ تا ۱۰۰,field_audit,مکانی/GIS,درخواست سازمانی/داده غیرعمومی,Tier-3,درخواست سازمانی/داده غیرعمومی,True,False,فراجا/کلانتری، آتش‌نشانی و اورژانس؛ رخداد مکان‌مند، زمان پاسخ و نوع حادثه
BEH-030,تعداد شاغلین,EC,اقتصادی,C — ظرفیت,K,مستقیم (مقدار بیشتر = ظرفیت/وضعیت بهتر),"100×clip((x−L)/(U−L),0,1)",۰ تا ۱۰۰,ratio_rate_or_trend,عینی/ثبتی,ترکیبی: برخط + درخواست سازمانی,Tier-2,برخط + درخواست سازمانی,False,False,مرکز آمار ایران؛ سرشماری نفوس و مسکن در سطح بلوک/آبادی و، حسب نیاز، طرح نیروی کار و هزینه–درآمد خانوار + مرکز آمار، وزارت تعاون/کار، تأمین اجتماعی، امور مالیاتی و ثبت شرکت‌ها؛ شغل، دستمزد، بیمه و بنگاه
BEH-031,تعداد بیکاران,EC,اقتصادی,O — پیامد,Q,معکوس (مقدار بیشتر = وضعیت نامطلوب‌تر),"100×clip((U−x)/(U−L),0,1)",۰ تا ۱۰۰,ratio_rate_or_trend,عینی/ثبتی,ترکیبی: برخط + درخواست سازمانی,Tier-2,برخط + درخواست سازمانی,False,False,مرکز آمار ایران؛ سرشماری نفوس و مسکن در سطح بلوک/آبادی و، حسب نیاز، طرح نیروی کار و هزینه–درآمد خانوار + مرکز آمار، وزارت تعاون/کار، تأمین اجتماعی، امور مالیاتی و ثبت شرکت‌ها؛ شغل، دستمزد، بیمه و بنگاه
BEH-032,تعداد محصلین,G,نهادی–حکمرانی,C — ظرفیت,K,مستقیم (مقدار بیشتر = ظرفیت/وضعیت بهتر),"100×clip((x−L)/(U−L),0,1)",۰ تا بی‌نهایت؛ کران عملی پس از کالیبراسیون,per_capita_or_density,مکانی/GIS؛ عینی/ثبتی,درخواست سازمانی/داده غیرعمومی,Tier-3,درخواست سازمانی/داده غیرعمومی,True,False,GIS/SDI شهرداری یا دهیاری و طرح جامع/تفصیلی؛ مرز محله، قطعه، بنا، کاربری و شبکه معابر + ثبت اداری متولی
BEH-033,تعداد خانوار,G,نهادی–حکمرانی,C — ظرفیت,K,مستقیم (مقدار بیشتر = ظرفیت/وضعیت بهتر),"100×clip((x−L)/(U−L),0,1)",۰ تا بی‌نهایت؛ کران عملی پس از کالیبراسیون,per_capita_or_density,مکانی/GIS؛ عینی/ثبتی,درخواست سازمانی/داده غیرعمومی,Tier-3,درخواست سازمانی/داده غیرعمومی,True,False,GIS/SDI شهرداری یا دهیاری و طرح جامع/تفصیلی؛ مرز محله، قطعه، بنا، کاربری و شبکه معابر + ثبت اداری متولی
BEH-034,درصد سواد,EC,اقتصادی,C — ظرفیت,K,مستقیم (مقدار بیشتر = ظرفیت/وضعیت بهتر),"100×clip((x−L)/(U−L),0,1)",۰ تا ۱۰۰,formula_specific,عینی/ثبتی,ترکیبی: برخط + درخواست سازمانی,Tier-2,برخط + درخواست سازمانی,False,False,مرکز آمار ایران؛ سرشماری نفوس و مسکن در سطح بلوک/آبادی و، حسب نیاز، طرح نیروی کار و هزینه–درآمد خانوار
BEH-035,نسبت مسکن در منطقه,EC,اقتصادی,C — ظرفیت,K,مستقیم (مقدار بیشتر = ظرفیت/وضعیت بهتر),"100×clip((x−L)/(U−L),0,1)",۰ تا ۱۰۰,formula_specific,مکانی/GIS؛ عینی/ثبتی,ترکیبی: برخط + درخواست سازمانی,Tier-2,برخط + درخواست سازمانی,True,False,مرکز آمار ایران؛ سرشماری نفوس و مسکن در سطح بلوک/آبادی و، حسب نیاز، طرح نیروی کار و هزینه–درآمد خانوار + GIS/SDI شهرداری یا دهیاری و طرح جامع/تفصیلی؛ مرز محله، قطعه، بنا، کاربری و شبکه معابر
BEH-037,دسترسی به خدمات,EC,اقتصادی,A — دسترسی,Q,مستقیم (مقدار بیشتر = ظرفیت/وضعیت بهتر),"100×clip((x−L)/(U−L),0,1)",۰ تا ۱۰۰,network_access,مکانی/GIS؛ عینی/ثبتی,ترکیبی: برخط + درخواست سازمانی,Tier-2,برخط + درخواست سازمانی,True,False,GIS/SDI شهرداری یا دهیاری و طرح جامع/تفصیلی؛ مرز محله، قطعه، بنا، کاربری و شبکه معابر + ثبت اداری دستگاه متولی + مرکز آمار ایران؛ سرشماری نفوس و مسکن در سطح بلوک/آبادی و، حسب نیاز، طرح نیروی کار و هزینه–درآمد خانوار
BEH-040,میزان برخورداری از امکانات ورزشی لازم برای کودکان و نوجوانان,EC,اقتصادی,A — دسترسی,Q,مستقیم (مقدار بیشتر = ظرفیت/وضعیت بهتر),"100×clip((x−L)/(U−L),0,1)",۰ تا ۱۰۰,formula_specific,مکانی/GIS؛ عینی/ثبتی,ترکیبی: برخط + درخواست سازمانی,Tier-2,برخط + درخواست سازمانی,True,False,ادارات فرهنگ‌وارشاد، ورزش، میراث فرهنگی و اوقاف؛ مکان، مساحت، ظرفیت و برنامه مراکز + GIS/SDI شهرداری یا دهیاری و طرح جامع/تفصیلی؛ مرز محله، قطعه، بنا، کاربری و شبکه معابر + مرکز آمار ایران؛ سرشماری نفوس و مسکن در سطح بلوک/آبادی و، حسب نیاز، طرح نیروی کار و هزینه–درآمد خانوار
BEH-042,وجود امکانات اوقات فراغت برای کودکان در شهر,EC,اقتصادی,A — دسترسی,Q,مستقیم (مقدار بیشتر = ظرفیت/وضعیت بهتر),"100×clip((x−L)/(U−L),0,1)",۰ تا ۱۰۰,formula_specific,مکانی/GIS؛ عینی/ثبتی,ترکیبی: برخط + درخواست سازمانی,Tier-2,برخط + درخواست سازمانی,True,False,ادارات فرهنگ‌وارشاد، ورزش، میراث فرهنگی و اوقاف؛ مکان، مساحت، ظرفیت و برنامه مراکز + GIS/SDI شهرداری یا دهیاری و طرح جامع/تفصیلی؛ مرز محله، قطعه، بنا، کاربری و شبکه معابر + مرکز آمار ایران؛ سرشماری نفوس و مسکن در سطح بلوک/آبادی و، حسب نیاز، طرح نیروی کار و هزینه–درآمد خانوار
BEH-044,مالکیت,EC,اقتصادی,C — ظرفیت,K,آستانه‌ای/بهینه (فاصله از دامنه معیار سنجیده شود),تابع قطعه‌ای فاصله از دامنه مطلوب؛ L/U پس از کالیبراسیون,۰ تا ۱۰۰,ratio_rate_or_trend,عینی/ثبتی,ترکیبی: برخط + درخواست سازمانی,Tier-2,برخط + درخواست سازمانی,False,False,شهرداری، سازمان ثبت اسناد/کاداستر و راه‌وشهرسازی؛ مالکیت، قطعه، پروانه، عمر و ارزش ملک + مرکز آمار ایران؛ سرشماری نفوس و مسکن در سطح بلوک/آبادی و، حسب نیاز، طرح نیروی کار و هزینه–درآمد خانوار
BEH-045,سرمایه گذاری,EC,اقتصادی,C — ظرفیت,K,مستقیم (مقدار بیشتر = ظرفیت/وضعیت بهتر),"100×clip((x−L)/(U−L),0,1)",۰ تا ۱۰۰,formula_specific,ادراکی؛ عینی/ثبتی,درخواست سازمانی/داده غیرعمومی,Tier-3,درخواست سازمانی/داده غیرعمومی,False,False,اتحادیه‌های صنفی، صمت، جهاد کشاورزی، ثبت شرکت/برند و پیمایش بنگاه؛ تولید، فروش، فناوری و بازار + شهرداری/بانک‌ها
BEH-046,اشتغال و درآمد,EC,اقتصادی,O — پیامد,Q,مستقیم (مقدار بیشتر = ظرفیت/وضعیت بهتر),"100×clip((x−L)/(U−L),0,1)",۰ تا ۱۰۰,composite,عینی/ثبتی,ترکیبی: برخط + درخواست سازمانی,Tier-2,برخط + درخواست سازمانی,False,False,مرکز آمار ایران؛ سرشماری نفوس و مسکن در سطح بلوک/آبادی و، حسب نیاز، طرح نیروی کار و هزینه–درآمد خانوار + مرکز آمار، وزارت تعاون/کار، تأمین اجتماعی، امور مالیاتی و ثبت شرکت‌ها؛ شغل، دستمزد، بیمه و بنگاه
BEH-047,بار تکفل خالص,EC,اقتصادی,U — استفاده,Q,مستقیم (مقدار بیشتر = ظرفیت/وضعیت بهتر),"100×clip((x−L)/(U−L),0,1)",۰ تا ۱۰۰,ratio_rate_or_trend,عینی/ثبتی,ترکیبی: برخط + درخواست سازمانی,Tier-2,برخط + درخواست سازمانی,False,False,مرکز آمار ایران؛ سرشماری نفوس و مسکن در سطح بلوک/آبادی و، حسب نیاز، طرح نیروی کار و هزینه–درآمد خانوار + مرکز آمار، وزارت تعاون/کار، تأمین اجتماعی، امور مالیاتی و ثبت شرکت‌ها؛ شغل، دستمزد، بیمه و بنگاه
BEH-048,جمعیت بیکار,EC,اقتصادی,O — پیامد,Q,معکوس (مقدار بیشتر = وضعیت نامطلوب‌تر),"100×clip((U−x)/(U−L),0,1)",۰ تا ۱۰۰,ratio_rate_or_trend,عینی/ثبتی,ترکیبی: برخط + درخواست سازمانی,Tier-2,برخط + درخواست سازمانی,False,False,مرکز آمار ایران؛ سرشماری نفوس و مسکن در سطح بلوک/آبادی و، حسب نیاز، طرح نیروی کار و هزینه–درآمد خانوار + مرکز آمار، وزارت تعاون/کار، تأمین اجتماعی، امور مالیاتی و ثبت شرکت‌ها؛ شغل، دستمزد، بیمه و بنگاه
BEH-049,خانه‌های استیجاری,EC,اقتصادی,C — ظرفیت,K,مستقیم (مقدار بیشتر = ظرفیت/وضعیت بهتر),"100×clip((x−L)/(U−L),0,1)",۰ تا ۱۰۰,ratio_rate_or_trend,عینی/ثبتی,ترکیبی: برخط + درخواست سازمانی,Tier-2,برخط + درخواست سازمانی,False,False,مرکز آمار ایران؛ سرشماری نفوس و مسکن در سطح بلوک/آبادی و، حسب نیاز، طرح نیروی کار و هزینه–درآمد خانوار + شهرداری، سازمان ثبت اسناد/کاداستر و راه‌وشهرسازی؛ مالکیت، قطعه، پروانه، عمر و ارزش ملک
BEH-050,درصد کارگران ساده,EC,اقتصادی,C — ظرفیت,K,مستقیم (مقدار بیشتر = ظرفیت/وضعیت بهتر),"100×clip((x−L)/(U−L),0,1)",۰ تا ۱۰۰,ratio_rate_or_trend,عینی/ثبتی,ترکیبی: برخط + درخواست سازمانی,Tier-2,برخط + درخواست سازمانی,False,False,مرکز آمار ایران؛ سرشماری نفوس و مسکن در سطح بلوک/آبادی و، حسب نیاز، طرح نیروی کار و هزینه–درآمد خانوار + مرکز آمار، وزارت تعاون/کار، تأمین اجتماعی، امور مالیاتی و ثبت شرکت‌ها؛ شغل، دستمزد، بیمه و بنگاه
BEH-051,درصد خانوارهای دارای خودروی شخصی,EC,اقتصادی,C — ظرفیت,K,مستقیم (مقدار بیشتر = ظرفیت/وضعیت بهتر),"100×clip((x−L)/(U−L),0,1)",۰ تا ۱۰۰,ratio_rate_or_trend,عینی/ثبتی,ترکیبی: برخط + درخواست سازمانی,Tier-2,برخط + درخواست سازمانی,False,False,مرکز آمار ایران؛ سرشماری نفوس و مسکن در سطح بلوک/آبادی و، حسب نیاز، طرح نیروی کار و هزینه–درآمد خانوار + ثبت اداری متولی شاخص
BEH-052,قیمت زمین,EC,اقتصادی,O — پیامد,عدالت,آستانه‌ای/بهینه (فاصله از دامنه معیار سنجیده شود),تابع قطعه‌ای فاصله از دامنه مطلوب؛ L/U پس از کالیبراسیون,۰ تا ۱۰۰,spatial_statistic,مکانی/GIS؛ عینی/ثبتی,درخواست سازمانی/داده غیرعمومی,Tier-3,درخواست سازمانی/داده غیرعمومی,True,False,شهرداری، سازمان ثبت اسناد/کاداستر و راه‌وشهرسازی؛ مالکیت، قطعه، پروانه، عمر و ارزش ملک + معاملات ثبت‌شده املاک
BEH-054,کمبود یا فقدان مسکن قابل استطاعت,EC,اقتصادی,O — پیامد,عدالت,معکوس (مقدار بیشتر = وضعیت نامطلوب‌تر),"100×clip((U−x)/(U−L),0,1)",۰ تا ۱۰۰,formula_specific,عینی/ثبتی,ترکیبی: برخط + درخواست سازمانی,Tier-2,برخط + درخواست سازمانی,False,False,مرکز آمار ایران؛ سرشماری نفوس و مسکن در سطح بلوک/آبادی و، حسب نیاز، طرح نیروی کار و هزینه–درآمد خانوار + معاملات/اجاره ثبت‌شده
BEH-055,توسعه صنعت یا رکود صنایع,EC,اقتصادی,A — دسترسی,Q,مستقیم (مقدار بیشتر = ظرفیت/وضعیت بهتر),"100×clip((x−L)/(U−L),0,1)",۰ تا ۱۰۰,formula_specific,ادراکی؛ عینی/ثبتی,ترکیبی: برخط + درخواست سازمانی,Tier-2,برخط + درخواست سازمانی,False,False,اتحادیه‌های صنفی، صمت، جهاد کشاورزی، ثبت شرکت/برند و پیمایش بنگاه؛ تولید، فروش، فناوری و بازار + مرکز آمار، وزارت تعاون/کار، تأمین اجتماعی، امور مالیاتی و ثبت شرکت‌ها؛ شغل، دستمزد، بیمه و بنگاه
BEH-057,قدرت خرید نیازهای روزمره زندگی و سایر هزینه‌ها,EC,اقتصادی,O — پیامد,Q,مستقیم (مقدار بیشتر = ظرفیت/وضعیت بهتر),"100×clip((x−L)/(U−L),0,1)",۰ تا ۱۰۰,ratio_rate_or_trend,ادراکی؛ رفتاری؛ عینی/ثبتی,ترکیبی: برخط + درخواست سازمانی,Tier-2,برخط + درخواست سازمانی,False,False,مرکز آمار ایران؛ سرشماری نفوس و مسکن در سطح بلوک/آبادی و، حسب نیاز، طرح نیروی کار و هزینه–درآمد خانوار + پیمایش هزینه–درآمد محلی
BEH-058,توانایی پس انداز,EC,اقتصادی,O — پیامد,Q,مستقیم (مقدار بیشتر = ظرفیت/وضعیت بهتر),"100×clip((x−L)/(U−L),0,1)",۰ تا ۱۰۰,ratio_rate_or_trend,ادراکی؛ عینی/ثبتی,ترکیبی: برخط + درخواست سازمانی,Tier-2,برخط + درخواست سازمانی,False,False,مرکز آمار ایران؛ سرشماری نفوس و مسکن در سطح بلوک/آبادی و، حسب نیاز، طرح نیروی کار و هزینه–درآمد خانوار + پیمایش هزینه–درآمد محلی
BEH-060,برگزاری بازارهای هفتگی محله‌ای,EC,اقتصادی,A — دسترسی,Q,مستقیم (مقدار بیشتر = ظرفیت/وضعیت بهتر),"100×clip((x−L)/(U−L),0,1)",۰ تا بی‌نهایت؛ کران عملی پس از کالیبراسیون,formula_specific,مکانی/GIS؛ ادراکی؛ عینی/ثبتی,درخواست سازمانی/داده غیرعمومی,Tier-3,درخواست سازمانی/داده غیرعمومی,True,False,اتحادیه‌های صنفی، صمت، جهاد کشاورزی، ثبت شرکت/برند و پیمایش بنگاه؛ تولید، فروش، فناوری و بازار + GIS/SDI شهرداری یا دهیاری و طرح جامع/تفصیلی؛ مرز محله، قطعه، بنا، کاربری و شبکه معابر
BEH-063,ارزش نسبی پایین زمین و مسکن,EC,اقتصادی,O — پیامد,عدالت,مستقیم (مقدار بیشتر = ظرفیت/وضعیت بهتر),"100×clip((x−L)/(U−L),0,1)",۰ تا ۱۰۰,spatial_statistic,مکانی/GIS؛ عینی/ثبتی,درخواست سازمانی/داده غیرعمومی,Tier-3,درخواست سازمانی/داده غیرعمومی,True,False,شهرداری، سازمان ثبت اسناد/کاداستر و راه‌وشهرسازی؛ مالکیت، قطعه، پروانه، عمر و ارزش ملک + معاملات ثبت‌شده املاک
BEH-065,فقدان منابع درآمدی معلوم ساکنین,EC,اقتصادی,A — دسترسی,Q,معکوس (مقدار بیشتر = وضعیت نامطلوب‌تر),"100×clip((U−x)/(U−L),0,1)",۰ تا ۱۰۰,formula_specific,ادراکی؛ عینی/ثبتی,ترکیبی: برخط + درخواست سازمانی,Tier-2,برخط + درخواست سازمانی,False,False,اتحادیه‌های صنفی، صمت، جهاد کشاورزی، ثبت شرکت/برند و پیمایش بنگاه؛ تولید، فروش، فناوری و بازار + مرکز آمار، وزارت تعاون/کار، تأمین اجتماعی، امور مالیاتی و ثبت شرکت‌ها؛ شغل، دستمزد، بیمه و بنگاه
BEH-066,مکان گزینی دهک‌های پایین درآمدی,EC,اقتصادی,O — پیامد,Q,مستقیم (مقدار بیشتر = ظرفیت/وضعیت بهتر),"100×clip((x−L)/(U−L),0,1)",۰ تا ۱۰۰,formula_specific,مکانی/GIS؛ عینی/ثبتی,ترکیبی: برخط + درخواست سازمانی,Tier-2,برخط + درخواست سازمانی,True,False,مرکز آمار ایران؛ سرشماری نفوس و مسکن در سطح بلوک/آبادی و، حسب نیاز، طرح نیروی کار و هزینه–درآمد خانوار + داده فقر/یارانه تجمیع‌شده + GIS/SDI شهرداری یا دهیاری و طرح جامع/تفصیلی؛ مرز محله، قطعه، بنا، کاربری و شبکه معابر
BEH-067,عدم سرمایه گذاری بخش خصوصی در این بافت‌ها,EC,اقتصادی,C — ظرفیت,K,معکوس (مقدار بیشتر = وضعیت نامطلوب‌تر),"100×clip((U−x)/(U−L),0,1)",۰ تا ۱۰۰,formula_specific,ادراکی؛ عینی/ثبتی,درخواست سازمانی/داده غیرعمومی,Tier-3,درخواست سازمانی/داده غیرعمومی,False,False,اتحادیه‌های صنفی، صمت، جهاد کشاورزی، ثبت شرکت/برند و پیمایش بنگاه؛ تولید، فروش، فناوری و بازار + شهرداری/بانک‌ها
BEH-068,نوع فعالیت‌های رایج در این بافت‌ها,EC,اقتصادی,A — دسترسی,Q,آستانه‌ای/بهینه (فاصله از دامنه معیار سنجیده شود),تابع قطعه‌ای فاصله از دامنه مطلوب؛ L/U پس از کالیبراسیون,۰ تا ۱۰۰,formula_specific,ادراکی؛ رفتاری؛ عینی/ثبتی,ترکیبی: برخط + درخواست سازمانی,Tier-2,برخط + درخواست سازمانی,False,False,اتحادیه‌های صنفی، صمت، جهاد کشاورزی، ثبت شرکت/برند و پیمایش بنگاه؛ تولید، فروش، فناوری و بازار + مرکز آمار، وزارت تعاون/کار، تأمین اجتماعی، امور مالیاتی و ثبت شرکت‌ها؛ شغل، دستمزد، بیمه و بنگاه
BEH-069,فاقد خطوط تفکیکی روشن از نظر قطعه بندی زمین,EC,اقتصادی,C — ظرفیت,K,مستقیم (مقدار بیشتر = ظرفیت/وضعیت بهتر),"100×clip((x−L)/(U−L),0,1)",۰ تا ۱۰۰,spatial_statistic,مکانی/GIS؛ عینی/ثبتی,درخواست سازمانی/داده غیرعمومی,Tier-3,درخواست سازمانی/داده غیرعمومی,True,False,شهرداری، سازمان ثبت اسناد/کاداستر و راه‌وشهرسازی؛ مالکیت، قطعه، پروانه، عمر و ارزش ملک + GIS/SDI شهرداری یا دهیاری و طرح جامع/تفصیلی؛ مرز محله، قطعه، بنا، کاربری و شبکه معابر
BEH-070,بازتفکیک قطعات زمین,EC,اقتصادی,C — ظرفیت,K,مستقیم (مقدار بیشتر = ظرفیت/وضعیت بهتر),"100×clip((x−L)/(U−L),0,1)",۰ تا ۱۰۰,spatial_statistic,مکانی/GIS؛ عینی/ثبتی,درخواست سازمانی/داده غیرعمومی,Tier-3,درخواست سازمانی/داده غیرعمومی,True,False,شهرداری، سازمان ثبت اسناد/کاداستر و راه‌وشهرسازی؛ مالکیت، قطعه، پروانه، عمر و ارزش ملک + GIS/SDI شهرداری یا دهیاری و طرح جامع/تفصیلی؛ مرز محله، قطعه، بنا، کاربری و شبکه معابر
BEH-071,فاقد اسناد مالکیت رسمی,EC,اقتصادی,C — ظرفیت,K,آستانه‌ای/بهینه (فاصله از دامنه معیار سنجیده شود),تابع قطعه‌ای فاصله از دامنه مطلوب؛ L/U پس از کالیبراسیون,۰ تا ۱۰۰,ratio_rate_or_trend,عینی/ثبتی,ترکیبی: برخط + درخواست سازمانی,Tier-2,برخط + درخواست سازمانی,False,False,شهرداری، سازمان ثبت اسناد/کاداستر و راه‌وشهرسازی؛ مالکیت، قطعه، پروانه، عمر و ارزش ملک + مرکز آمار ایران؛ سرشماری نفوس و مسکن در سطح بلوک/آبادی و، حسب نیاز، طرح نیروی کار و هزینه–درآمد خانوار
BEH-072,سکونت غیرمجاز,EC,اقتصادی,C — ظرفیت,K,معکوس (مقدار بیشتر = وضعیت نامطلوب‌تر),"100×clip((U−x)/(U−L),0,1)",۰ تا ۱۰۰,ratio_rate_or_trend,عینی/ثبتی,ترکیبی: برخط + درخواست سازمانی,Tier-2,برخط + درخواست سازمانی,False,False,شهرداری، سازمان ثبت اسناد/کاداستر و راه‌وشهرسازی؛ مالکیت، قطعه، پروانه، عمر و ارزش ملک + مرکز آمار ایران؛ سرشماری نفوس و مسکن در سطح بلوک/آبادی و، حسب نیاز، طرح نیروی کار و هزینه–درآمد خانوار
BEH-075,دسترسی مناسب سالمندان به وسایل نقلیه برای رفتن به مناسبات,EC,اقتصادی,A — دسترسی,Q,مستقیم (مقدار بیشتر = ظرفیت/وضعیت بهتر),"100×clip((x−L)/(U−L),0,1)",۰ تا ۱۰۰,network_access,مکانی/GIS؛ عینی/ثبتی,ترکیبی: برخط + درخواست سازمانی,Tier-2,برخط + درخواست سازمانی,True,False,GIS/SDI شهرداری یا دهیاری و طرح جامع/تفصیلی؛ مرز محله، قطعه، بنا، کاربری و شبکه معابر + ثبت اداری دستگاه متولی + مرکز آمار ایران؛ سرشماری نفوس و مسکن در سطح بلوک/آبادی و، حسب نیاز، طرح نیروی کار و هزینه–درآمد خانوار
BEH-091,دسترسی سالمندان به خدمات,EC,اقتصادی,A — دسترسی,Q,مستقیم (مقدار بیشتر = ظرفیت/وضعیت بهتر),"100×clip((x−L)/(U−L),0,1)",۰ تا ۱۰۰,network_access,مکانی/GIS؛ عینی/ثبتی,ترکیبی: برخط + درخواست سازمانی,Tier-2,برخط + درخواست سازمانی,True,False,GIS/SDI شهرداری یا دهیاری و طرح جامع/تفصیلی؛ مرز محله، قطعه، بنا، کاربری و شبکه معابر + ثبت اداری دستگاه متولی + مرکز آمار ایران؛ سرشماری نفوس و مسکن در سطح بلوک/آبادی و، حسب نیاز، طرح نیروی کار و هزینه–درآمد خانوار
BEH-095,برخورداری از فرصت خود اشتغالی,EC,اقتصادی,U — استفاده,R,مستقیم (مقدار بیشتر = ظرفیت/وضعیت بهتر),"100×clip((x−L)/(U−L),0,1)",۰ تا ۱۰۰,ratio_rate_or_trend,ادراکی؛ عینی/ثبتی,ترکیبی: برخط + درخواست سازمانی,Tier-2,برخط + درخواست سازمانی,False,False,مرکز آمار، وزارت تعاون/کار، تأمین اجتماعی، امور مالیاتی و ثبت شرکت‌ها؛ شغل، دستمزد، بیمه و بنگاه + پیمایش نیروی کار محله
BEH-097,دسترسی گسترده سالمندان به اطلاعات خود,EC,اقتصادی,A — دسترسی,Q,مستقیم (مقدار بیشتر = ظرفیت/وضعیت بهتر),"100×clip((x−L)/(U−L),0,1)",۰ تا ۱۰۰,network_access,مکانی/GIS؛ عینی/ثبتی,ترکیبی: برخط + درخواست سازمانی,Tier-2,برخط + درخواست سازمانی,True,False,GIS/SDI شهرداری یا دهیاری و طرح جامع/تفصیلی؛ مرز محله، قطعه، بنا، کاربری و شبکه معابر + ثبت اداری دستگاه متولی + مرکز آمار ایران؛ سرشماری نفوس و مسکن در سطح بلوک/آبادی و، حسب نیاز، طرح نیروی کار و هزینه–درآمد خانوار
BEH-102,برخورداری از خدمات سلامت,H,انسانی,A — دسترسی,Q,مستقیم (مقدار بیشتر = ظرفیت/وضعیت بهتر),"100×clip((x−L)/(U−L),0,1)",۰ تا ۱۰۰,network_access,مکانی/GIS؛ عینی/ثبتی,درخواست سازمانی/داده غیرعمومی,Tier-3,درخواست سازمانی/داده غیرعمومی,True,False,شبکه بهداشت/دانشگاه علوم پزشکی، اورژانس و ثبت احوال؛ مکان مرکز، ظرفیت، رخداد و پیامد سلامت + GIS/SDI شهرداری یا دهیاری و طرح جامع/تفصیلی؛ مرز محله، قطعه، بنا، کاربری و شبکه معابر
BEH-104,تشویق و حمایت داوطلبان خدمت رسان,H,انسانی,U — استفاده,Q,مستقیم (مقدار بیشتر = ظرفیت/وضعیت بهتر),"100×clip((x−L)/(U−L),0,1)",۰ تا ۱۰۰,formula_specific,عینی/ثبتی,درخواست سازمانی/داده غیرعمومی,Tier-3,درخواست سازمانی/داده غیرعمومی,False,False,شورای محله/روستا، شهرداری/دهیاری، فرمانداری و سامانه سمن‌ها؛ عضویت، جلسه، بودجه، شکایت و پاسخ + ثبت ارائه خدمت
BEH-107,موقعیت استقرار جغرافیایی,EC,اقتصادی,A — دسترسی,Q,آستانه‌ای/بهینه (فاصله از دامنه معیار سنجیده شود),تابع قطعه‌ای فاصله از دامنه مطلوب؛ L/U پس از کالیبراسیون,۰ تا ۱۰۰,network_access,مکانی/GIS؛ رفتاری؛ عینی/ثبتی,درخواست سازمانی/داده غیرعمومی,Tier-3,درخواست سازمانی/داده غیرعمومی,True,False,GIS/SDI شهرداری یا دهیاری و طرح جامع/تفصیلی؛ مرز محله، قطعه، بنا، کاربری و شبکه معابر + سازمان حمل‌ونقل و ترافیک/اتوبوسرانی؛ مسیر، ایستگاه، فراوانی سرویس، زمان سفر و پارکینگ
BEH-108,مزیت نسبی اقتصادی,EC,اقتصادی,C — ظرفیت,K,مستقیم (مقدار بیشتر = ظرفیت/وضعیت بهتر),"100×clip((x−L)/(U−L),0,1)",۰ تا ۱۰۰,formula_specific,ادراکی؛ عینی/ثبتی,ترکیبی: برخط + درخواست سازمانی,Tier-2,برخط + درخواست سازمانی,False,False,اتحادیه‌های صنفی، صمت، جهاد کشاورزی، ثبت شرکت/برند و پیمایش بنگاه؛ تولید، فروش، فناوری و بازار + مرکز آمار، وزارت تعاون/کار، تأمین اجتماعی، امور مالیاتی و ثبت شرکت‌ها؛ شغل، دستمزد، بیمه و بنگاه
BEH-109,بازاریابی و وجود بستر سرمایه‌گذاری,EC,اقتصادی,A — دسترسی,Q,مستقیم (مقدار بیشتر = ظرفیت/وضعیت بهتر),"100×clip((x−L)/(U−L),0,1)",۰ تا ۱۰۰,formula_specific,ادراکی؛ عینی/ثبتی,ترکیبی: برخط + درخواست سازمانی,Tier-2,برخط + درخواست سازمانی,False,False,اتحادیه‌های صنفی، صمت، جهاد کشاورزی، ثبت شرکت/برند و پیمایش بنگاه؛ تولید، فروش، فناوری و بازار + مرکز آمار، وزارت تعاون/کار، تأمین اجتماعی، امور مالیاتی و ثبت شرکت‌ها؛ شغل، دستمزد، بیمه و بنگاه
BEH-110,مدت زمان لازم جهت ایجاد کسب‌وکار,EC,اقتصادی,U — استفاده,Q,مستقیم (مقدار بیشتر = ظرفیت/وضعیت بهتر),"100×clip((x−L)/(U−L),0,1)",۰ تا ۱۰۰,formula_specific,ادراکی؛ عینی/ثبتی,درخواست سازمانی/داده غیرعمومی,Tier-3,درخواست سازمانی/داده غیرعمومی,False,False,اتحادیه‌های صنفی، صمت، جهاد کشاورزی، ثبت شرکت/برند و پیمایش بنگاه؛ تولید، فروش، فناوری و بازار + پنجره واحد مجوزها
BEH-111,استفاده از فناوری‌های نوین,EC,اقتصادی,U — استفاده,T,مستقیم (مقدار بیشتر = ظرفیت/وضعیت بهتر),"100×clip((x−L)/(U−L),0,1)",۰ تا ۱۰۰,formula_specific,ادراکی؛ رفتاری؛ عینی/ثبتی,ترکیبی: برخط + درخواست سازمانی,Tier-2,برخط + درخواست سازمانی,False,False,اتحادیه‌های صنفی، صمت، جهاد کشاورزی، ثبت شرکت/برند و پیمایش بنگاه؛ تولید، فروش، فناوری و بازار + سازمان تنظیم مقررات و ارتباطات رادیویی، نت‌سنج‌پلاس و اپراتورها؛ پوشش، سرعت، تأخیر و قطعی
BEH-112,کارآفرینی و وضعیت اشتغال محلی,EC,اقتصادی,A — دسترسی,Q,مستقیم (مقدار بیشتر = ظرفیت/وضعیت بهتر),"100×clip((x−L)/(U−L),0,1)",۰ تا ۱۰۰,formula_specific,ادراکی؛ عینی/ثبتی,ترکیبی: برخط + درخواست سازمانی,Tier-2,برخط + درخواست سازمانی,False,False,اتحادیه‌های صنفی، صمت، جهاد کشاورزی، ثبت شرکت/برند و پیمایش بنگاه؛ تولید، فروش، فناوری و بازار + مرکز آمار، وزارت تعاون/کار، تأمین اجتماعی، امور مالیاتی و ثبت شرکت‌ها؛ شغل، دستمزد، بیمه و بنگاه
BEH-113,میانگین درآمد خانوار,EC,اقتصادی,O — پیامد,Q,مستقیم (مقدار بیشتر = ظرفیت/وضعیت بهتر),"100×clip((x−L)/(U−L),0,1)",۰ تا ۱۰۰,ratio_rate_or_trend,عینی/ثبتی,ترکیبی: برخط + درخواست سازمانی,Tier-2,برخط + درخواست سازمانی,False,False,مرکز آمار ایران؛ سرشماری نفوس و مسکن در سطح بلوک/آبادی و، حسب نیاز، طرح نیروی کار و هزینه–درآمد خانوار + مرکز آمار، وزارت تعاون/کار، تأمین اجتماعی، امور مالیاتی و ثبت شرکت‌ها؛ شغل، دستمزد، بیمه و بنگاه
BEH-114,نرخ اشتغال,EC,اقتصادی,U — استفاده,Q,مستقیم (مقدار بیشتر = ظرفیت/وضعیت بهتر),"100×clip((x−L)/(U−L),0,1)",۰ تا ۱۰۰,ratio_rate_or_trend,عینی/ثبتی,ترکیبی: برخط + درخواست سازمانی,Tier-2,برخط + درخواست سازمانی,False,False,مرکز آمار ایران؛ سرشماری نفوس و مسکن در سطح بلوک/آبادی و، حسب نیاز، طرح نیروی کار و هزینه–درآمد خانوار + مرکز آمار، وزارت تعاون/کار، تأمین اجتماعی، امور مالیاتی و ثبت شرکت‌ها؛ شغل، دستمزد، بیمه و بنگاه
BEH-115,نرخ اشتغال در بخش غیررسمی,EC,اقتصادی,C — ظرفیت,K,مستقیم (مقدار بیشتر = ظرفیت/وضعیت بهتر),"100×clip((x−L)/(U−L),0,1)",۰ تا ۱۰۰,ratio_rate_or_trend,ادراکی؛ عینی/ثبتی,ترکیبی: برخط + درخواست سازمانی,Tier-2,برخط + درخواست سازمانی,False,False,مرکز آمار، وزارت تعاون/کار، تأمین اجتماعی، امور مالیاتی و ثبت شرکت‌ها؛ شغل، دستمزد، بیمه و بنگاه + پیمایش بنگاه/خانوار محله
BEH-116,بار تکفل,EC,اقتصادی,U — استفاده,Q,مستقیم (مقدار بیشتر = ظرفیت/وضعیت بهتر),"100×clip((x−L)/(U−L),0,1)",۰ تا ۱۰۰,ratio_rate_or_trend,عینی/ثبتی,ترکیبی: برخط + درخواست سازمانی,Tier-2,برخط + درخواست سازمانی,False,False,مرکز آمار ایران؛ سرشماری نفوس و مسکن در سطح بلوک/آبادی و، حسب نیاز، طرح نیروی کار و هزینه–درآمد خانوار + مرکز آمار، وزارت تعاون/کار، تأمین اجتماعی، امور مالیاتی و ثبت شرکت‌ها؛ شغل، دستمزد، بیمه و بنگاه
BEH-118,امید به زندگی,H,انسانی,U — استفاده,Q,مستقیم (مقدار بیشتر = ظرفیت/وضعیت بهتر),"100×clip((x−L)/(U−L),0,1)",۰ تا ۱۰۰,ratio_rate_or_trend,مکانی/GIS؛ عینی/ثبتی,درخواست سازمانی/داده غیرعمومی,Tier-3,درخواست سازمانی/داده غیرعمومی,True,False,شبکه بهداشت/دانشگاه علوم پزشکی، اورژانس و ثبت احوال؛ مکان مرکز، ظرفیت، رخداد و پیامد سلامت
BEH-119,میزان مرگ و میر زیر پنج سال,H,انسانی,O — پیامد,Q,معکوس (مقدار بیشتر = وضعیت نامطلوب‌تر),"100×clip((U−x)/(U−L),0,1)",۰ تا ۱۰۰,ratio_rate_or_trend,مکانی/GIS؛ عینی/ثبتی,درخواست سازمانی/داده غیرعمومی,Tier-3,درخواست سازمانی/داده غیرعمومی,True,False,شبکه بهداشت/دانشگاه علوم پزشکی، اورژانس و ثبت احوال؛ مکان مرکز، ظرفیت، رخداد و پیامد سلامت
BEH-120,دسترسی به خدمات درمانی و بهداشتی,H,انسانی,A — دسترسی,Q,مستقیم (مقدار بیشتر = ظرفیت/وضعیت بهتر),"100×clip((x−L)/(U−L),0,1)",۰ تا ۱۰۰,network_access,مکانی/GIS؛ عینی/ثبتی,درخواست سازمانی/داده غیرعمومی,Tier-3,درخواست سازمانی/داده غیرعمومی,True,False,شبکه بهداشت/دانشگاه علوم پزشکی، اورژانس و ثبت احوال؛ مکان مرکز، ظرفیت، رخداد و پیامد سلامت + GIS/SDI شهرداری یا دهیاری و طرح جامع/تفصیلی؛ مرز محله، قطعه، بنا، کاربری و شبکه معابر
BEH-121,دسترسی به فضای عمومی و ورزشی,EC,اقتصادی,A — دسترسی,Q,مستقیم (مقدار بیشتر = ظرفیت/وضعیت بهتر),"100×clip((x−L)/(U−L),0,1)",۰ تا ۱۰۰,network_access,مکانی/GIS؛ عینی/ثبتی,ترکیبی: برخط + درخواست سازمانی,Tier-2,برخط + درخواست سازمانی,True,False,GIS/SDI شهرداری یا دهیاری و طرح جامع/تفصیلی؛ مرز محله، قطعه، بنا، کاربری و شبکه معابر + ثبت اداری دستگاه متولی + مرکز آمار ایران؛ سرشماری نفوس و مسکن در سطح بلوک/آبادی و، حسب نیاز، طرح نیروی کار و هزینه–درآمد خانوار
BEH-122,متوسط تحصیلات,EC,اقتصادی,C — ظرفیت,K,مستقیم (مقدار بیشتر = ظرفیت/وضعیت بهتر),"100×clip((x−L)/(U−L),0,1)",۰ تا ۱۰۰,formula_specific,عینی/ثبتی,ترکیبی: برخط + درخواست سازمانی,Tier-2,برخط + درخواست سازمانی,False,False,مرکز آمار ایران؛ سرشماری نفوس و مسکن در سطح بلوک/آبادی و، حسب نیاز، طرح نیروی کار و هزینه–درآمد خانوار
BEH-125,نرخ قتل و سرقت,EC,اقتصادی,C — ظرفیت,K,معکوس (مقدار بیشتر = وضعیت نامطلوب‌تر),"100×clip((U−x)/(U−L),0,1)",۰ تا ۱۰۰,ratio_rate_or_trend,مکانی/GIS؛ عینی/ثبتی,ترکیبی: برخط + درخواست سازمانی,Tier-2,برخط + درخواست سازمانی,True,False,فراجا/کلانتری، آتش‌نشانی و اورژانس؛ رخداد مکان‌مند، زمان پاسخ و نوع حادثه + مرکز آمار ایران؛ سرشماری نفوس و مسکن در سطح بلوک/آبادی و، حسب نیاز، طرح نیروی کار و هزینه–درآمد خانوار
BEH-126,ضریب باسوادی به طور کلی و در زنان,EC,اقتصادی,C — ظرفیت,K,مستقیم (مقدار بیشتر = ظرفیت/وضعیت بهتر),"100×clip((x−L)/(U−L),0,1)",۰ تا ۱۰۰,formula_specific,عینی/ثبتی,ترکیبی: برخط + درخواست سازمانی,Tier-2,برخط + درخواست سازمانی,False,False,مرکز آمار ایران؛ سرشماری نفوس و مسکن در سطح بلوک/آبادی و، حسب نیاز، طرح نیروی کار و هزینه–درآمد خانوار
BEH-127,درصد جمعیت با تحصیلات عالی,EC,اقتصادی,C — ظرفیت,K,مستقیم (مقدار بیشتر = ظرفیت/وضعیت بهتر),"100×clip((x−L)/(U−L),0,1)",۰ تا ۱۰۰,formula_specific,عینی/ثبتی,ترکیبی: برخط + درخواست سازمانی,Tier-2,برخط + درخواست سازمانی,False,False,مرکز آمار ایران؛ سرشماری نفوس و مسکن در سطح بلوک/آبادی و، حسب نیاز، طرح نیروی کار و هزینه–درآمد خانوار
BEH-128,سرانۀ آموزشی,EC,اقتصادی,A — دسترسی,Q,مستقیم (مقدار بیشتر = ظرفیت/وضعیت بهتر),"100×clip((x−L)/(U−L),0,1)",وابسته به تعریف؛ نیازمند استاندارد/گروه همتا,per_capita_or_density,مکانی/GIS؛ عینی/ثبتی,ترکیبی: برخط + درخواست سازمانی,Tier-2,برخط + درخواست سازمانی,True,False,آموزش‌وپرورش و سازمان نوسازی مدارس؛ مکان، مقطع، ظرفیت، ثبت‌نام، معلم و نتایج آموزشی + مرکز آمار ایران؛ سرشماری نفوس و مسکن در سطح بلوک/آبادی و، حسب نیاز، طرح نیروی کار و هزینه–درآمد خانوار
BEH-129,سرانۀ بهداشتی و درمانی و مرگ و میر افراد زیر 5 سال,H,انسانی,O — پیامد,Q,معکوس (مقدار بیشتر = وضعیت نامطلوب‌تر),"100×clip((U−x)/(U−L),0,1)",۰ تا ۱۰۰,ratio_rate_or_trend,مکانی/GIS؛ عینی/ثبتی,درخواست سازمانی/داده غیرعمومی,Tier-3,درخواست سازمانی/داده غیرعمومی,True,False,شبکه بهداشت/دانشگاه علوم پزشکی، اورژانس و ثبت احوال؛ مکان مرکز، ظرفیت، رخداد و پیامد سلامت
BEH-130,سرانۀ مرگ و میر ناشی از تصادفات,H,انسانی,O — پیامد,Q,معکوس (مقدار بیشتر = وضعیت نامطلوب‌تر),"100×clip((U−x)/(U−L),0,1)",۰ تا ۱۰۰,ratio_rate_or_trend,مکانی/GIS؛ عینی/ثبتی,درخواست سازمانی/داده غیرعمومی,Tier-3,درخواست سازمانی/داده غیرعمومی,True,False,شبکه بهداشت/دانشگاه علوم پزشکی، اورژانس و ثبت احوال؛ مکان مرکز، ظرفیت، رخداد و پیامد سلامت + پلیس راهور
BEH-131,سرانۀ مساحت فضای سبز عمومی معابر,G,نهادی–حکمرانی,U — استفاده,Q,مستقیم (مقدار بیشتر = ظرفیت/وضعیت بهتر),"100×clip((x−L)/(U−L),0,1)",وابسته به تعریف؛ نیازمند استاندارد/گروه همتا,spatial_statistic,مکانی/GIS؛ عینی/ثبتی,ترکیبی: برخط + درخواست سازمانی,Tier-2,برخط + درخواست سازمانی,True,False,GIS/SDI شهرداری یا دهیاری و طرح جامع/تفصیلی؛ مرز محله، قطعه، بنا، کاربری و شبکه معابر + سازمان نقشه‌برداری/NSDI و تصاویر Sentinel/Landsat؛ پوشش زمین، NDVI، توسعه کالبدی و مخاطرات + سازمان بوستان‌ها
BEH-132,سرانۀ تغییر مساحت فضای سبز عمومی نسبت به سال 94,G,نهادی–حکمرانی,U — استفاده,Q,مستقیم (مقدار بیشتر = ظرفیت/وضعیت بهتر),"100×clip((x−L)/(U−L),0,1)",وابسته به تعریف؛ نیازمند استاندارد/گروه همتا,spatial_statistic,مکانی/GIS؛ عینی/ثبتی,ترکیبی: برخط + درخواست سازمانی,Tier-2,برخط + درخواست سازمانی,True,False,GIS/SDI شهرداری یا دهیاری و طرح جامع/تفصیلی؛ مرز محله، قطعه، بنا، کاربری و شبکه معابر + سازمان نقشه‌برداری/NSDI و تصاویر Sentinel/Landsat؛ پوشش زمین، NDVI، توسعه کالبدی و مخاطرات + سازمان بوستان‌ها
BEH-133,سرانۀ فضای سبز عمومی درون شهری,G,نهادی–حکمرانی,A — دسترسی,Q,مستقیم (مقدار بیشتر = ظرفیت/وضعیت بهتر),"100×clip((x−L)/(U−L),0,1)",وابسته به تعریف؛ نیازمند استاندارد/گروه همتا,spatial_statistic,مکانی/GIS؛ عینی/ثبتی,ترکیبی: برخط + درخواست سازمانی,Tier-2,برخط + درخواست سازمانی,True,False,GIS/SDI شهرداری یا دهیاری و طرح جامع/تفصیلی؛ مرز محله، قطعه، بنا، کاربری و شبکه معابر + سازمان نقشه‌برداری/NSDI و تصاویر Sentinel/Landsat؛ پوشش زمین، NDVI، توسعه کالبدی و مخاطرات + سازمان بوستان‌ها
BEH-134,نسبت واحد مسکونی کمتر از 50 متر,EC,اقتصادی,C — ظرفیت,K,مستقیم (مقدار بیشتر = ظرفیت/وضعیت بهتر),"100×clip((x−L)/(U−L),0,1)",۰ تا ۱۰۰,formula_specific,عینی/ثبتی,ترکیبی: برخط + درخواست سازمانی,Tier-2,برخط + درخواست سازمانی,False,False,مرکز آمار ایران؛ سرشماری نفوس و مسکن در سطح بلوک/آبادی و، حسب نیاز، طرح نیروی کار و هزینه–درآمد خانوار + شهرداری، سازمان ثبت اسناد/کاداستر و راه‌وشهرسازی؛ مالکیت، قطعه، پروانه، عمر و ارزش ملک
BEH-135,تراکم جمعیت,EC,اقتصادی,C — ظرفیت,K,آستانه‌ای/بهینه (فاصله از دامنه معیار سنجیده شود),تابع قطعه‌ای فاصله از دامنه مطلوب؛ L/U پس از کالیبراسیون,۰ تا ۱۰۰,per_capita_or_density,مکانی/GIS؛ عینی/ثبتی,ترکیبی: برخط + درخواست سازمانی,Tier-2,برخط + درخواست سازمانی,True,False,مرکز آمار ایران؛ سرشماری نفوس و مسکن در سطح بلوک/آبادی و، حسب نیاز، طرح نیروی کار و هزینه–درآمد خانوار + GIS/SDI شهرداری یا دهیاری و طرح جامع/تفصیلی؛ مرز محله، قطعه، بنا، کاربری و شبکه معابر
BEH-136,درصد مساحت بافت فرسوده,G,نهادی–حکمرانی,C — ظرفیت,R,معکوس (مقدار بیشتر = وضعیت نامطلوب‌تر),"100×clip((U−x)/(U−L),0,1)",۰ تا ۱۰۰,spatial_statistic,مکانی/GIS؛ عینی/ثبتی,درخواست سازمانی/داده غیرعمومی,Tier-3,درخواست سازمانی/داده غیرعمومی,True,False,GIS/SDI شهرداری یا دهیاری و طرح جامع/تفصیلی؛ مرز محله، قطعه، بنا، کاربری و شبکه معابر + شرکت بازآفرینی شهری/راه‌وشهرسازی
BEH-137,نسبت خانوار به واحد مسکونی,EC,اقتصادی,C — ظرفیت,K,مستقیم (مقدار بیشتر = ظرفیت/وضعیت بهتر),"100×clip((x−L)/(U−L),0,1)",۰ تا بی‌نهایت؛ کران عملی پس از کالیبراسیون,formula_specific,عینی/ثبتی,ترکیبی: برخط + درخواست سازمانی,Tier-2,برخط + درخواست سازمانی,False,False,مرکز آمار ایران؛ سرشماری نفوس و مسکن در سطح بلوک/آبادی و، حسب نیاز، طرح نیروی کار و هزینه–درآمد خانوار
BEH-138,دسترسی به اطلاعات عمومی,EC,اقتصادی,A — دسترسی,عدالت,مستقیم (مقدار بیشتر = ظرفیت/وضعیت بهتر),"100×clip((x−L)/(U−L),0,1)",۰ تا ۱۰۰,network_access,مکانی/GIS؛ عینی/ثبتی,ترکیبی: برخط + درخواست سازمانی,Tier-2,برخط + درخواست سازمانی,True,False,GIS/SDI شهرداری یا دهیاری و طرح جامع/تفصیلی؛ مرز محله، قطعه، بنا، کاربری و شبکه معابر + ثبت اداری دستگاه متولی + مرکز آمار ایران؛ سرشماری نفوس و مسکن در سطح بلوک/آبادی و، حسب نیاز، طرح نیروی کار و هزینه–درآمد خانوار
BEH-140,توانمندسازی گروه محروم,G,نهادی–حکمرانی,O — پیامد,عدالت,مستقیم (مقدار بیشتر = ظرفیت/وضعیت بهتر),"100×clip((x−L)/(U−L),0,1)",۰ تا ۱۰۰,formula_specific,عینی/ثبتی,درخواست سازمانی/داده غیرعمومی,Tier-3,درخواست سازمانی/داده غیرعمومی,False,False,شورای محله/روستا، شهرداری/دهیاری، فرمانداری و سامانه سمن‌ها؛ عضویت، جلسه، بودجه، شکایت و پاسخ + بهزیستی/کمیته امداد
BEH-141,مبارزه با فساد اداری مالی,G,نهادی–حکمرانی,C — ظرفیت,T,مستقیم (مقدار بیشتر = ظرفیت/وضعیت بهتر),"100×clip((x−L)/(U−L),0,1)",۰ تا ۱۰۰,formula_specific,عینی/ثبتی,درخواست سازمانی/داده غیرعمومی,Tier-3,درخواست سازمانی/داده غیرعمومی,False,False,شورای محله/روستا، شهرداری/دهیاری، فرمانداری و سامانه سمن‌ها؛ عضویت، جلسه، بودجه، شکایت و پاسخ + بازرسی/دیوان محاسبات
BEH-142,دسترسی به آموزش‌های حرفه‌ای و فعال,EC,اقتصادی,A — دسترسی,عدالت,مستقیم (مقدار بیشتر = ظرفیت/وضعیت بهتر),"100×clip((x−L)/(U−L),0,1)",۰ تا ۱۰۰,network_access,مکانی/GIS؛ عینی/ثبتی,ترکیبی: برخط + درخواست سازمانی,Tier-2,برخط + درخواست سازمانی,True,False,GIS/SDI شهرداری یا دهیاری و طرح جامع/تفصیلی؛ مرز محله، قطعه، بنا، کاربری و شبکه معابر + ثبت اداری دستگاه متولی + مرکز آمار ایران؛ سرشماری نفوس و مسکن در سطح بلوک/آبادی و، حسب نیاز، طرح نیروی کار و هزینه–درآمد خانوار
BEH-144,بیکاری جوانان,EC,اقتصادی,O — پیامد,عدالت,معکوس (مقدار بیشتر = وضعیت نامطلوب‌تر),"100×clip((U−x)/(U−L),0,1)",۰ تا ۱۰۰,formula_specific,عینی/ثبتی,ترکیبی: برخط + درخواست سازمانی,Tier-2,برخط + درخواست سازمانی,False,False,مرکز آمار ایران؛ سرشماری نفوس و مسکن در سطح بلوک/آبادی و، حسب نیاز، طرح نیروی کار و هزینه–درآمد خانوار + مرکز آمار، وزارت تعاون/کار، تأمین اجتماعی، امور مالیاتی و ثبت شرکت‌ها؛ شغل، دستمزد، بیمه و بنگاه
BEH-148,نسبت وابستگی جوانان و سالمندان,EC,اقتصادی,C — ظرفیت,K,معکوس (مقدار بیشتر = وضعیت نامطلوب‌تر),"100×clip((U−x)/(U−L),0,1)",۰ تا ۱۰۰,ratio_rate_or_trend,عینی/ثبتی,ترکیبی: برخط + درخواست سازمانی,Tier-2,برخط + درخواست سازمانی,False,False,مرکز آمار ایران؛ سرشماری نفوس و مسکن در سطح بلوک/آبادی و، حسب نیاز، طرح نیروی کار و هزینه–درآمد خانوار
BEH-149,نسبت سرباری,EC,اقتصادی,U — استفاده,Q,معکوس (مقدار بیشتر = وضعیت نامطلوب‌تر),"100×clip((U−x)/(U−L),0,1)",۰ تا ۱۰۰,ratio_rate_or_trend,عینی/ثبتی,ترکیبی: برخط + درخواست سازمانی,Tier-2,برخط + درخواست سازمانی,False,False,مرکز آمار ایران؛ سرشماری نفوس و مسکن در سطح بلوک/آبادی و، حسب نیاز، طرح نیروی کار و هزینه–درآمد خانوار + مرکز آمار، وزارت تعاون/کار، تأمین اجتماعی، امور مالیاتی و ثبت شرکت‌ها؛ شغل، دستمزد، بیمه و بنگاه
BEH-150,متوسط عمر بنا,EC,اقتصادی,C — ظرفیت,K,مستقیم (مقدار بیشتر = ظرفیت/وضعیت بهتر),"100×clip((x−L)/(U−L),0,1)",۰ تا بی‌نهایت؛ کران عملی پس از کالیبراسیون,formula_specific,عینی/ثبتی,ترکیبی: برخط + درخواست سازمانی,Tier-2,برخط + درخواست سازمانی,False,False,شهرداری، سازمان ثبت اسناد/کاداستر و راه‌وشهرسازی؛ مالکیت، قطعه، پروانه، عمر و ارزش ملک + مرکز آمار ایران؛ سرشماری نفوس و مسکن در سطح بلوک/آبادی و، حسب نیاز، طرح نیروی کار و هزینه–درآمد خانوار
BEH-151,میزان اشتغال,EC,اقتصادی,U — استفاده,Q,مستقیم (مقدار بیشتر = ظرفیت/وضعیت بهتر),"100×clip((x−L)/(U−L),0,1)",۰ تا ۱۰۰,ratio_rate_or_trend,عینی/ثبتی,ترکیبی: برخط + درخواست سازمانی,Tier-2,برخط + درخواست سازمانی,False,False,مرکز آمار ایران؛ سرشماری نفوس و مسکن در سطح بلوک/آبادی و، حسب نیاز، طرح نیروی کار و هزینه–درآمد خانوار + مرکز آمار، وزارت تعاون/کار، تأمین اجتماعی، امور مالیاتی و ثبت شرکت‌ها؛ شغل، دستمزد، بیمه و بنگاه
BEH-152,درصد تاخیر از کل زمان سفر,EC,اقتصادی,A — دسترسی,Q,معکوس (مقدار بیشتر = وضعیت نامطلوب‌تر),"100×clip((U−x)/(U−L),0,1)",۰ تا ۱۰۰,network_access,مکانی/GIS؛ رفتاری؛ عینی/ثبتی,درخواست سازمانی/داده غیرعمومی,Tier-3,درخواست سازمانی/داده غیرعمومی,True,False,سازمان حمل‌ونقل و ترافیک/اتوبوسرانی؛ مسیر، ایستگاه، فراوانی سرویس، زمان سفر و پارکینگ
BEH-153,درصد کودکان خیابانی و افراد کارتن خواب,EC,اقتصادی,C — ظرفیت,عدالت,معکوس (مقدار بیشتر = وضعیت نامطلوب‌تر),"100×clip((U−x)/(U−L),0,1)",۰ تا ۱۰۰,formula_specific,ادراکی؛ عینی/ثبتی,ترکیبی: برخط + درخواست سازمانی,Tier-2,برخط + درخواست سازمانی,False,False,سازمان بهزیستی، شهرداری/گرمخانه‌ها و پیمایش شمارش نقطه‌ای + مرکز آمار ایران؛ سرشماری نفوس و مسکن در سطح بلوک/آبادی و، حسب نیاز، طرح نیروی کار و هزینه–درآمد خانوار
BEH-154,نسبت جنسیتی,EC,اقتصادی,A — دسترسی,عدالت,آستانه‌ای/بهینه (فاصله از دامنه معیار سنجیده شود),تابع قطعه‌ای فاصله از دامنه مطلوب؛ L/U پس از کالیبراسیون,۰ تا ۱۰۰,ratio_rate_or_trend,عینی/ثبتی,ترکیبی: برخط + درخواست سازمانی,Tier-2,برخط + درخواست سازمانی,False,False,مرکز آمار ایران؛ سرشماری نفوس و مسکن در سطح بلوک/آبادی و، حسب نیاز، طرح نیروی کار و هزینه–درآمد خانوار
BEH-155,سرانه پروژه‌های شاخص هر منطقه,EC,اقتصادی,A — دسترسی,عدالت,مستقیم (مقدار بیشتر = ظرفیت/وضعیت بهتر),"100×clip((x−L)/(U−L),0,1)",وابسته به تعریف؛ نیازمند استاندارد/گروه همتا,per_capita_or_density,مکانی/GIS؛ عینی/ثبتی,ترکیبی: برخط + درخواست سازمانی,Tier-2,برخط + درخواست سازمانی,True,False,GIS/SDI شهرداری یا دهیاری و طرح جامع/تفصیلی؛ مرز محله، قطعه، بنا، کاربری و شبکه معابر + ثبت اداری دستگاه متولی + مرکز آمار ایران؛ سرشماری نفوس و مسکن در سطح بلوک/آبادی و، حسب نیاز، طرح نیروی کار و هزینه–درآمد خانوار
BEH-156,سرانۀ پروژه‌های فرهنگی اجتماعی هر منطقه,EC,اقتصادی,A — دسترسی,عدالت,مستقیم (مقدار بیشتر = ظرفیت/وضعیت بهتر),"100×clip((x−L)/(U−L),0,1)",وابسته به تعریف؛ نیازمند استاندارد/گروه همتا,per_capita_or_density,مکانی/GIS؛ عینی/ثبتی,ترکیبی: برخط + درخواست سازمانی,Tier-2,برخط + درخواست سازمانی,True,False,ادارات فرهنگ‌وارشاد، ورزش، میراث فرهنگی و اوقاف؛ مکان، مساحت، ظرفیت و برنامه مراکز + مرکز آمار ایران؛ سرشماری نفوس و مسکن در سطح بلوک/آبادی و، حسب نیاز، طرح نیروی کار و هزینه–درآمد خانوار
BEH-157,سرانۀ پروژه‌های طرح اجتماع محور پیشگیری از آسیب‌های اجتماعی زنان,EC,اقتصادی,A — دسترسی,ریسک,مستقیم (مقدار بیشتر = ظرفیت/وضعیت بهتر),"100×clip((x−L)/(U−L),0,1)",وابسته به تعریف؛ نیازمند استاندارد/گروه همتا,per_capita_or_density,مکانی/GIS؛ عینی/ثبتی,ترکیبی: برخط + درخواست سازمانی,Tier-2,برخط + درخواست سازمانی,True,False,GIS/SDI شهرداری یا دهیاری و طرح جامع/تفصیلی؛ مرز محله، قطعه، بنا، کاربری و شبکه معابر + ثبت اداری دستگاه متولی + مرکز آمار ایران؛ سرشماری نفوس و مسکن در سطح بلوک/آبادی و، حسب نیاز، طرح نیروی کار و هزینه–درآمد خانوار
BEH-159,نسبت زنان سرپرست خانوار,EC,اقتصادی,C — ظرفیت,عدالت,مستقیم (مقدار بیشتر = ظرفیت/وضعیت بهتر),"100×clip((x−L)/(U−L),0,1)",۰ تا ۱۰۰,ratio_rate_or_trend,عینی/ثبتی,ترکیبی: برخط + درخواست سازمانی,Tier-2,برخط + درخواست سازمانی,False,False,مرکز آمار ایران؛ سرشماری نفوس و مسکن در سطح بلوک/آبادی و، حسب نیاز، طرح نیروی کار و هزینه–درآمد خانوار + سازمان بهزیستی/کمیته امداد
BEH-161,میزان الودگی هوا,G,نهادی–حکمرانی,C — ظرفیت,R,مستقیم (مقدار بیشتر = ظرفیت/وضعیت بهتر),"100×clip((x−L)/(U−L),0,1)",۰ تا بی‌نهایت؛ کران عملی پس از کالیبراسیون,ratio_rate_or_trend,عینی/ثبتی,برخط/باز,Tier-1,برخط/باز,False,False,سازمان حفاظت محیط زیست و سامانه پایش کیفی هوا + آزمایشگاه آب/خاک و پایش صدای شهرداری
BEH-163,کیفیت مدیریت انرژی,G,نهادی–حکمرانی,C — ظرفیت,R,مستقیم (مقدار بیشتر = ظرفیت/وضعیت بهتر),"100×clip((x−L)/(U−L),0,1)",۰ تا ۱۰۰,ratio_rate_or_trend,عینی/ثبتی,درخواست سازمانی/داده غیرعمومی,Tier-3,درخواست سازمانی/داده غیرعمومی,False,False,شرکت‌های آبفا، توزیع برق و گاز؛ مشترک فعال، انشعاب، قطعی، مصرف و کیفیت خدمت
BEH-165,سرانه کاشت درخت,G,نهادی–حکمرانی,U — استفاده,R,مستقیم (مقدار بیشتر = ظرفیت/وضعیت بهتر),"100×clip((x−L)/(U−L),0,1)",وابسته به تعریف؛ نیازمند استاندارد/گروه همتا,spatial_statistic,مکانی/GIS؛ عینی/ثبتی,ترکیبی: برخط + درخواست سازمانی,Tier-2,برخط + درخواست سازمانی,True,False,GIS/SDI شهرداری یا دهیاری و طرح جامع/تفصیلی؛ مرز محله، قطعه، بنا، کاربری و شبکه معابر + سازمان نقشه‌برداری/NSDI و تصاویر Sentinel/Landsat؛ پوشش زمین، NDVI، توسعه کالبدی و مخاطرات + سازمان بوستان‌ها
BEH-166,سرانۀ زبالۀ شهری و پسماند,EC,اقتصادی,C — ظرفیت,R,مستقیم (مقدار بیشتر = ظرفیت/وضعیت بهتر),"100×clip((x−L)/(U−L),0,1)",۰ تا ۱۰۰,ratio_rate_or_trend,عینی/ثبتی,ترکیبی: برخط + درخواست سازمانی,Tier-2,برخط + درخواست سازمانی,False,False,سازمان مدیریت پسماند و آبفا؛ مقدار جمع‌آوری/بازیافت، ناوگان، مخزن، تصفیه و تخلیه + مرکز آمار ایران؛ سرشماری نفوس و مسکن در سطح بلوک/آبادی و، حسب نیاز، طرح نیروی کار و هزینه–درآمد خانوار
BEH-167,سرانۀ بازیافت پت,EC,اقتصادی,C — ظرفیت,R,مستقیم (مقدار بیشتر = ظرفیت/وضعیت بهتر),"100×clip((x−L)/(U−L),0,1)",۰ تا ۱۰۰,ratio_rate_or_trend,عینی/ثبتی,ترکیبی: برخط + درخواست سازمانی,Tier-2,برخط + درخواست سازمانی,False,False,سازمان مدیریت پسماند و آبفا؛ مقدار جمع‌آوری/بازیافت، ناوگان، مخزن، تصفیه و تخلیه + مرکز آمار ایران؛ سرشماری نفوس و مسکن در سطح بلوک/آبادی و، حسب نیاز، طرح نیروی کار و هزینه–درآمد خانوار
BEH-168,سرانۀ بازیافت پلاستیک,EC,اقتصادی,C — ظرفیت,R,مستقیم (مقدار بیشتر = ظرفیت/وضعیت بهتر),"100×clip((x−L)/(U−L),0,1)",۰ تا ۱۰۰,ratio_rate_or_trend,عینی/ثبتی,ترکیبی: برخط + درخواست سازمانی,Tier-2,برخط + درخواست سازمانی,False,False,سازمان مدیریت پسماند و آبفا؛ مقدار جمع‌آوری/بازیافت، ناوگان، مخزن، تصفیه و تخلیه + مرکز آمار ایران؛ سرشماری نفوس و مسکن در سطح بلوک/آبادی و، حسب نیاز، طرح نیروی کار و هزینه–درآمد خانوار
BEH-169,کاهش مصرف انرژی,S,اجتماعی,C — ظرفیت,R,معکوس (مقدار بیشتر = وضعیت نامطلوب‌تر),"100×clip((U−x)/(U−L),0,1)",۰ تا ۱۰۰,ratio_rate_or_trend,عینی/ثبتی,درخواست سازمانی/داده غیرعمومی,Tier-3,درخواست سازمانی/داده غیرعمومی,False,False,شرکت‌های آبفا، توزیع برق و گاز؛ مشترک فعال، انشعاب، قطعی، مصرف و کیفیت خدمت
BEH-170,استفاده از فناوری‌هاب انرژی تجدید پذیر,S,اجتماعی,U — استفاده,R,مستقیم (مقدار بیشتر = ظرفیت/وضعیت بهتر),"100×clip((x−L)/(U−L),0,1)",۰ تا ۱۰۰,ratio_rate_or_trend,رفتاری؛ عینی/ثبتی,درخواست سازمانی/داده غیرعمومی,Tier-3,درخواست سازمانی/داده غیرعمومی,False,False,شرکت‌های آبفا، توزیع برق و گاز؛ مشترک فعال، انشعاب، قطعی، مصرف و کیفیت خدمت + سازمان انرژی‌های تجدیدپذیر
BEH-175,مرکز اجتماعات,EC,اقتصادی,A — دسترسی,Q,مستقیم (مقدار بیشتر = ظرفیت/وضعیت بهتر),"100×clip((x−L)/(U−L),0,1)",۰ تا ۱۰۰,formula_specific,مکانی/GIS؛ عینی/ثبتی,ترکیبی: برخط + درخواست سازمانی,Tier-2,برخط + درخواست سازمانی,True,False,ادارات فرهنگ‌وارشاد، ورزش، میراث فرهنگی و اوقاف؛ مکان، مساحت، ظرفیت و برنامه مراکز + GIS/SDI شهرداری یا دهیاری و طرح جامع/تفصیلی؛ مرز محله، قطعه، بنا، کاربری و شبکه معابر + مرکز آمار ایران؛ سرشماری نفوس و مسکن در سطح بلوک/آبادی و، حسب نیاز، طرح نیروی کار و هزینه–درآمد خانوار
BEH-176,تنوع مرتبط و هوشمندی: (توانایی تغییر مسیر توسعه: (تبدیل فعالیت سنتی به زنجیره ارزش نوین)؛ شناسایی رسته‌های شغلی با قابلیت هم‌افزایی (مثلاً پیوند گردشگری با صنایع‌دستی دیجیتال)),EC,اقتصادی,U — استفاده,R,مستقیم (مقدار بیشتر = ظرفیت/وضعیت بهتر),"100×clip((x−L)/(U−L),0,1)",۰ تا ۱,formula_specific,ادراکی؛ رفتاری؛ عینی/ثبتی,ترکیبی: برخط + درخواست سازمانی,Tier-2,برخط + درخواست سازمانی,False,False,اتحادیه‌های صنفی، صمت، جهاد کشاورزی، ثبت شرکت/برند و پیمایش بنگاه؛ تولید، فروش، فناوری و بازار + مرکز آمار، وزارت تعاون/کار، تأمین اجتماعی، امور مالیاتی و ثبت شرکت‌ها؛ شغل، دستمزد، بیمه و بنگاه
BEH-178,پویایی مهارتی: (نرخ جذب تکنولوژی در میان جوانان؛ حضور نیروهای متخصص بومی در پروژه‌های محلی؛ مهاجرت معکوس نخبگان محلی),EC,اقتصادی,U — استفاده,R,معکوس (مقدار بیشتر = وضعیت نامطلوب‌تر),"100×clip((U−x)/(U−L),0,1)",۰ تا ۱۰۰,ratio_rate_or_trend,رفتاری؛ عینی/ثبتی,ترکیبی: برخط + درخواست سازمانی,Tier-2,برخط + درخواست سازمانی,False,False,مرکز آمار ایران؛ سرشماری نفوس و مسکن در سطح بلوک/آبادی و، حسب نیاز، طرح نیروی کار و هزینه–درآمد خانوار + ثبت اداری متولی شاخص
BEH-183,دسترسی پذیری خدمات بهداشتی و اورژانس,H,انسانی,A — دسترسی,Q,مستقیم (مقدار بیشتر = ظرفیت/وضعیت بهتر),"100×clip((x−L)/(U−L),0,1)",۰ تا ۱۰۰,network_access,مکانی/GIS؛ عینی/ثبتی,درخواست سازمانی/داده غیرعمومی,Tier-3,درخواست سازمانی/داده غیرعمومی,True,False,شبکه بهداشت/دانشگاه علوم پزشکی، اورژانس و ثبت احوال؛ مکان مرکز، ظرفیت، رخداد و پیامد سلامت + GIS/SDI شهرداری یا دهیاری و طرح جامع/تفصیلی؛ مرز محله، قطعه، بنا، کاربری و شبکه معابر
BEH-186,غیر بومی بودن ساکنین,EC,اقتصادی,C — ظرفیت,K,مستقیم (مقدار بیشتر = ظرفیت/وضعیت بهتر),"100×clip((x−L)/(U−L),0,1)",۰ تا ۱۰۰,ratio_rate_or_trend,عینی/ثبتی,ترکیبی: برخط + درخواست سازمانی,Tier-2,برخط + درخواست سازمانی,False,False,مرکز آمار ایران؛ سرشماری نفوس و مسکن در سطح بلوک/آبادی و، حسب نیاز، طرح نیروی کار و هزینه–درآمد خانوار
BEH-188,ترکیب جمعیتی غیرمتعارف,EC,اقتصادی,A — دسترسی,Q,آستانه‌ای/بهینه (فاصله از دامنه معیار سنجیده شود),تابع قطعه‌ای فاصله از دامنه مطلوب؛ L/U پس از کالیبراسیون,۰ تا بی‌نهایت؛ کران عملی پس از کالیبراسیون,formula_specific,عینی/ثبتی,ترکیبی: برخط + درخواست سازمانی,Tier-2,برخط + درخواست سازمانی,False,False,مرکز آمار ایران؛ سرشماری نفوس و مسکن در سطح بلوک/آبادی و، حسب نیاز، طرح نیروی کار و هزینه–درآمد خانوار
BEH-189,نابهنجاری‌های اجتماعی,H,انسانی,C — ظرفیت,ریسک,معکوس (مقدار بیشتر = وضعیت نامطلوب‌تر),"100×clip((U−x)/(U−L),0,1)",۰ تا ۱۰۰,formula_specific,مکانی/GIS؛ عینی/ثبتی,درخواست سازمانی/داده غیرعمومی,Tier-3,درخواست سازمانی/داده غیرعمومی,True,False,فراجا/کلانتری، آتش‌نشانی و اورژانس؛ رخداد مکان‌مند، زمان پاسخ و نوع حادثه + شبکه بهداشت/دانشگاه علوم پزشکی، اورژانس و ثبت احوال؛ مکان مرکز، ظرفیت، رخداد و پیامد سلامت + بهزیستی
BEH-191,جرم و جنایت و دزدی,EC,اقتصادی,O — پیامد,ریسک,معکوس (مقدار بیشتر = وضعیت نامطلوب‌تر),"100×clip((U−x)/(U−L),0,1)",۰ تا ۱۰۰,ratio_rate_or_trend,مکانی/GIS؛ عینی/ثبتی,ترکیبی: برخط + درخواست سازمانی,Tier-2,برخط + درخواست سازمانی,True,False,فراجا/کلانتری، آتش‌نشانی و اورژانس؛ رخداد مکان‌مند، زمان پاسخ و نوع حادثه + مرکز آمار ایران؛ سرشماری نفوس و مسکن در سطح بلوک/آبادی و، حسب نیاز، طرح نیروی کار و هزینه–درآمد خانوار
BEH-192,خرید و فروش مواد مخدر,EC,اقتصادی,C — ظرفیت,K,معکوس (مقدار بیشتر = وضعیت نامطلوب‌تر),"100×clip((U−x)/(U−L),0,1)",۰ تا ۱۰۰,ratio_rate_or_trend,مکانی/GIS؛ رفتاری؛ عینی/ثبتی,ترکیبی: برخط + درخواست سازمانی,Tier-2,برخط + درخواست سازمانی,True,False,فراجا/کلانتری، آتش‌نشانی و اورژانس؛ رخداد مکان‌مند، زمان پاسخ و نوع حادثه + مرکز آمار ایران؛ سرشماری نفوس و مسکن در سطح بلوک/آبادی و، حسب نیاز، طرح نیروی کار و هزینه–درآمد خانوار
BEH-193,تروریسم,EC,اقتصادی,C — ظرفیت,K,معکوس (مقدار بیشتر = وضعیت نامطلوب‌تر),"100×clip((U−x)/(U−L),0,1)",۰ تا ۱۰۰,ratio_rate_or_trend,مکانی/GIS؛ عینی/ثبتی,ترکیبی: برخط + درخواست سازمانی,Tier-2,برخط + درخواست سازمانی,True,False,فراجا/کلانتری، آتش‌نشانی و اورژانس؛ رخداد مکان‌مند، زمان پاسخ و نوع حادثه + مرکز آمار ایران؛ سرشماری نفوس و مسکن در سطح بلوک/آبادی و، حسب نیاز، طرح نیروی کار و هزینه–درآمد خانوار
BEH-197,تشویق استفاده از منابع محلی,EC,اقتصادی,A — دسترسی,Q,مستقیم (مقدار بیشتر = ظرفیت/وضعیت بهتر),"100×clip((x−L)/(U−L),0,1)",۰ تا ۱۰۰,formula_specific,ادراکی؛ رفتاری؛ عینی/ثبتی,ترکیبی: برخط + درخواست سازمانی,Tier-2,برخط + درخواست سازمانی,False,False,اتحادیه‌های صنفی، صمت، جهاد کشاورزی، ثبت شرکت/برند و پیمایش بنگاه؛ تولید، فروش، فناوری و بازار + مرکز آمار، وزارت تعاون/کار، تأمین اجتماعی، امور مالیاتی و ثبت شرکت‌ها؛ شغل، دستمزد، بیمه و بنگاه
BEH-198,توانمندسازی نیروی کار,EC,اقتصادی,A — دسترسی,Q,مستقیم (مقدار بیشتر = ظرفیت/وضعیت بهتر),"100×clip((x−L)/(U−L),0,1)",۰ تا ۱۰۰,formula_specific,ادراکی؛ عینی/ثبتی,ترکیبی: برخط + درخواست سازمانی,Tier-2,برخط + درخواست سازمانی,False,False,اتحادیه‌های صنفی، صمت، جهاد کشاورزی، ثبت شرکت/برند و پیمایش بنگاه؛ تولید، فروش، فناوری و بازار + مرکز آمار، وزارت تعاون/کار، تأمین اجتماعی، امور مالیاتی و ثبت شرکت‌ها؛ شغل، دستمزد، بیمه و بنگاه
BEH-199,نرخ اشتغال,EC,اقتصادی,U — استفاده,Q,مستقیم (مقدار بیشتر = ظرفیت/وضعیت بهتر),"100×clip((x−L)/(U−L),0,1)",۰ تا ۱۰۰,ratio_rate_or_trend,عینی/ثبتی,ترکیبی: برخط + درخواست سازمانی,Tier-2,برخط + درخواست سازمانی,False,False,مرکز آمار ایران؛ سرشماری نفوس و مسکن در سطح بلوک/آبادی و، حسب نیاز، طرح نیروی کار و هزینه–درآمد خانوار + مرکز آمار، وزارت تعاون/کار، تأمین اجتماعی، امور مالیاتی و ثبت شرکت‌ها؛ شغل، دستمزد، بیمه و بنگاه
BEH-200,متوسط درآمد خانوار,EC,اقتصادی,U — استفاده,Q,مستقیم (مقدار بیشتر = ظرفیت/وضعیت بهتر),"100×clip((x−L)/(U−L),0,1)",۰ تا ۱۰۰,ratio_rate_or_trend,عینی/ثبتی,ترکیبی: برخط + درخواست سازمانی,Tier-2,برخط + درخواست سازمانی,False,False,مرکز آمار ایران؛ سرشماری نفوس و مسکن در سطح بلوک/آبادی و، حسب نیاز، طرح نیروی کار و هزینه–درآمد خانوار + مرکز آمار، وزارت تعاون/کار، تأمین اجتماعی، امور مالیاتی و ثبت شرکت‌ها؛ شغل، دستمزد، بیمه و بنگاه
BEH-202,گنجاندن ملاحظات عدالت در تصمیم‌گیری‌ها,G,نهادی–حکمرانی,U — استفاده,ریسک,مستقیم (مقدار بیشتر = ظرفیت/وضعیت بهتر),"100×clip((x−L)/(U−L),0,1)",۰ تا ۱۰۰,formula_specific,عینی/ثبتی,درخواست سازمانی/داده غیرعمومی,Tier-3,درخواست سازمانی/داده غیرعمومی,False,False,شورای محله/روستا، شهرداری/دهیاری، فرمانداری و سامانه سمن‌ها؛ عضویت، جلسه، بودجه، شکایت و پاسخ + اسناد ارزیابی طرح
BEH-203,توسعۀ فشرده و جلوگیری از گسترش بی‌رویه شهر نشینی,G,نهادی–حکمرانی,U — استفاده,عدالت,مستقیم (مقدار بیشتر = ظرفیت/وضعیت بهتر),"100×clip((x−L)/(U−L),0,1)",۰ تا ۱۰۰,formula_specific,مکانی/GIS؛ عینی/ثبتی,ترکیبی: برخط + درخواست سازمانی,Tier-2,برخط + درخواست سازمانی,True,False,GIS/SDI شهرداری یا دهیاری و طرح جامع/تفصیلی؛ مرز محله، قطعه، بنا، کاربری و شبکه معابر + سازمان نقشه‌برداری/NSDI و تصاویر Sentinel/Landsat؛ پوشش زمین، NDVI، توسعه کالبدی و مخاطرات
BEH-204,توزیع منصفانه منافع و هزینه‌ها,EC,اقتصادی,U — استفاده,عدالت,مستقیم (مقدار بیشتر = ظرفیت/وضعیت بهتر),"100×clip((x−L)/(U−L),0,1)",وابسته به تعریف؛ نیازمند استاندارد/گروه همتا,formula_specific,مکانی/GIS؛ عینی/ثبتی,ترکیبی: برخط + درخواست سازمانی,Tier-2,برخط + درخواست سازمانی,True,False,مرکز آمار ایران؛ سرشماری نفوس و مسکن در سطح بلوک/آبادی و، حسب نیاز، طرح نیروی کار و هزینه–درآمد خانوار + بودجه/پروژه مکانی
BEH-208,حمایت از افراد آسیب‌پذیر,G,نهادی–حکمرانی,C — ظرفیت,ریسک,معکوس (مقدار بیشتر = وضعیت نامطلوب‌تر),"100×clip((U−x)/(U−L),0,1)",۰ تا ۱۰۰,formula_specific,عینی/ثبتی,درخواست سازمانی/داده غیرعمومی,Tier-3,درخواست سازمانی/داده غیرعمومی,False,False,شورای محله/روستا، شهرداری/دهیاری، فرمانداری و سامانه سمن‌ها؛ عضویت، جلسه، بودجه، شکایت و پاسخ + بهزیستی/کمیته امداد
BEH-209,برنامه‌های کاهش بی‌خانمانی,EC,اقتصادی,C — ظرفیت,K,مستقیم (مقدار بیشتر = ظرفیت/وضعیت بهتر),"100×clip((x−L)/(U−L),0,1)",۰ تا بی‌نهایت؛ کران عملی پس از کالیبراسیون,formula_specific,ادراکی؛ عینی/ثبتی,ترکیبی: برخط + درخواست سازمانی,Tier-2,برخط + درخواست سازمانی,False,False,سازمان بهزیستی، شهرداری/گرمخانه‌ها و پیمایش شمارش نقطه‌ای + مرکز آمار ایران؛ سرشماری نفوس و مسکن در سطح بلوک/آبادی و، حسب نیاز، طرح نیروی کار و هزینه–درآمد خانوار
NOR-001,منابع مالی,G,نهادی–حکمرانی,U — استفاده,T,مستقیم (مقدار بیشتر = ظرفیت/وضعیت بهتر),"100×clip((x−L)/(U−L),0,1)",۰ تا ۱۰۰,survey_or_assessment,ادراکی؛ عینی/ثبتی,درخواست سازمانی/داده غیرعمومی,Tier-3,درخواست سازمانی/داده غیرعمومی,False,False,شورای محله/روستا، شهرداری/دهیاری، فرمانداری و سامانه سمن‌ها؛ عضویت، جلسه، بودجه، شکایت و پاسخ + اسناد بودجه و عملکرد دستگاه
NOR-003,ساختار نهادی,G,نهادی–حکمرانی,U — استفاده,T,مستقیم (مقدار بیشتر = ظرفیت/وضعیت بهتر),"100×clip((x−L)/(U−L),0,1)",۰ تا ۱۰۰,survey_or_assessment,ادراکی؛ عینی/ثبتی,درخواست سازمانی/داده غیرعمومی,Tier-3,درخواست سازمانی/داده غیرعمومی,False,False,شورای محله/روستا، شهرداری/دهیاری، فرمانداری و سامانه سمن‌ها؛ عضویت، جلسه، بودجه، شکایت و پاسخ + اسناد بودجه و عملکرد دستگاه
NOR-004,فضای کافی پارکینگ خودرو,G,نهادی–حکمرانی,U — استفاده,T,مستقیم (مقدار بیشتر = ظرفیت/وضعیت بهتر),"100×clip((x−L)/(U−L),0,1)",۰ تا ۱۰۰,formula_specific,مکانی/GIS؛ رفتاری؛ عینی/ثبتی,درخواست سازمانی/داده غیرعمومی,Tier-3,درخواست سازمانی/داده غیرعمومی,True,False,GIS/SDI شهرداری یا دهیاری و طرح جامع/تفصیلی؛ مرز محله، قطعه، بنا، کاربری و شبکه معابر + سازمان حمل‌ونقل و ترافیک/اتوبوسرانی؛ مسیر، ایستگاه، فراوانی سرویس، زمان سفر و پارکینگ
NOR-006,وجود خدمات بانکی و ارتباطی شهری,G,نهادی–حکمرانی,A — دسترسی,T,مستقیم (مقدار بیشتر = ظرفیت/وضعیت بهتر),"100×clip((x−L)/(U−L),0,1)",۰ تا ۱۰۰,per_capita_or_density,مکانی/GIS؛ عینی/ثبتی,ترکیبی: برخط + درخواست سازمانی,Tier-2,برخط + درخواست سازمانی,True,False,GIS/SDI شهرداری یا دهیاری و طرح جامع/تفصیلی؛ مرز محله، قطعه، بنا، کاربری و شبکه معابر + بانک مرکزی/اپراتورها
NOR-008,کیفیت وسایل حمل و نقل عمومی و دسترسی آسان به آن,G,نهادی–حکمرانی,A — دسترسی,T,مستقیم (مقدار بیشتر = ظرفیت/وضعیت بهتر),"100×clip((x−L)/(U−L),0,1)",۰ تا ۱۰۰,network_access,مکانی/GIS؛ رفتاری؛ عینی/ثبتی,درخواست سازمانی/داده غیرعمومی,Tier-3,درخواست سازمانی/داده غیرعمومی,True,False,سازمان حمل‌ونقل و ترافیک/اتوبوسرانی؛ مسیر، ایستگاه، فراوانی سرویس، زمان سفر و پارکینگ + GIS/SDI شهرداری یا دهیاری و طرح جامع/تفصیلی؛ مرز محله، قطعه، بنا، کاربری و شبکه معابر
NOR-009,استفاده از طرفیت گردشگری برای درآمدزایی,C,فرهنگی–هویتی,U — استفاده,T,مستقیم (مقدار بیشتر = ظرفیت/وضعیت بهتر),"100×clip((x−L)/(U−L),0,1)",۰ تا ۱۰۰,formula_specific,مکانی/GIS؛ ادراکی؛ رفتاری؛ عینی/ثبتی,درخواست سازمانی/داده غیرعمومی,Tier-3,درخواست سازمانی/داده غیرعمومی,True,False,ادارات فرهنگ‌وارشاد، ورزش، میراث فرهنگی و اوقاف؛ مکان، مساحت، ظرفیت و برنامه مراکز + اتحادیه‌های صنفی، صمت، جهاد کشاورزی، ثبت شرکت/برند و پیمایش بنگاه؛ تولید، فروش، فناوری و بازار
NOR-010,استفاده از فضای گردشگری برای گذران وقت,C,فرهنگی–هویتی,U — استفاده,T,مستقیم (مقدار بیشتر = ظرفیت/وضعیت بهتر),"100×clip((x−L)/(U−L),0,1)",۰ تا ۱۰۰,formula_specific,مکانی/GIS؛ ادراکی؛ رفتاری,درخواست سازمانی/داده غیرعمومی,Tier-3,درخواست سازمانی/داده غیرعمومی,True,False,ادارات فرهنگ‌وارشاد، ورزش، میراث فرهنگی و اوقاف؛ مکان، مساحت، ظرفیت و برنامه مراکز + داده بازدید/پیمایش
NOR-011,مدیریت شهری بی‌تفاوت و بی‌توجه,G,نهادی–حکمرانی,C — ظرفیت,T,معکوس (مقدار بیشتر = وضعیت نامطلوب‌تر),"100×clip((U−x)/(U−L),0,1)",۰ تا ۱۰۰,formula_specific,عینی/ثبتی,درخواست سازمانی/داده غیرعمومی,Tier-3,درخواست سازمانی/داده غیرعمومی,False,False,شورای محله/روستا، شهرداری/دهیاری، فرمانداری و سامانه سمن‌ها؛ عضویت، جلسه، بودجه، شکایت و پاسخ + سامانه ۱۳۷/بودجه عملکرد
NOR-012,عدم ارائه خدمات شهری و ضعف در ارائه خدمات رسانی,G,نهادی–حکمرانی,C — ظرفیت,T,معکوس (مقدار بیشتر = وضعیت نامطلوب‌تر),"100×clip((U−x)/(U−L),0,1)",۰ تا ۱۰۰,formula_specific,عینی/ثبتی,درخواست سازمانی/داده غیرعمومی,Tier-3,درخواست سازمانی/داده غیرعمومی,False,False,شورای محله/روستا، شهرداری/دهیاری، فرمانداری و سامانه سمن‌ها؛ عضویت، جلسه، بودجه، شکایت و پاسخ + سامانه ۱۳۷/بودجه عملکرد
NOR-013,کمبود فضاهای عمومی و خدمات رسانی,G,نهادی–حکمرانی,C — ظرفیت,T,معکوس (مقدار بیشتر = وضعیت نامطلوب‌تر),"100×clip((U−x)/(U−L),0,1)",وابسته به تعریف؛ نیازمند استاندارد/گروه همتا,formula_specific,مکانی/GIS؛ عینی/ثبتی,درخواست سازمانی/داده غیرعمومی,Tier-3,درخواست سازمانی/داده غیرعمومی,True,False,GIS/SDI شهرداری یا دهیاری و طرح جامع/تفصیلی؛ مرز محله، قطعه، بنا، کاربری و شبکه معابر + ثبت ظرفیت دستگاه‌های خدمت‌رسان
NOR-014,تعیین محدودۀ و نظارت جدی بر آن,G,نهادی–حکمرانی,C — ظرفیت,K,مستقیم (مقدار بیشتر = ظرفیت/وضعیت بهتر),"100×clip((x−L)/(U−L),0,1)",۰ تا ۱۰۰,survey_or_assessment,مکانی/GIS؛ ادراکی؛ عینی/ثبتی,درخواست سازمانی/داده غیرعمومی,Tier-3,درخواست سازمانی/داده غیرعمومی,True,False,GIS/SDI شهرداری یا دهیاری و طرح جامع/تفصیلی؛ مرز محله، قطعه، بنا، کاربری و شبکه معابر + شورای محله/روستا، شهرداری/دهیاری، فرمانداری و سامانه سمن‌ها؛ عضویت، جلسه، بودجه، شکایت و پاسخ
NOR-015,تعیین حد نصاب تفکیک و تراکم,G,نهادی–حکمرانی,C — ظرفیت,K,مستقیم (مقدار بیشتر = ظرفیت/وضعیت بهتر),"100×clip((x−L)/(U−L),0,1)",۰ تا ۱۰۰,spatial_statistic,مکانی/GIS؛ عینی/ثبتی,درخواست سازمانی/داده غیرعمومی,Tier-3,درخواست سازمانی/داده غیرعمومی,True,False,شهرداری، سازمان ثبت اسناد/کاداستر و راه‌وشهرسازی؛ مالکیت، قطعه، پروانه، عمر و ارزش ملک + GIS/SDI شهرداری یا دهیاری و طرح جامع/تفصیلی؛ مرز محله، قطعه، بنا، کاربری و شبکه معابر
NOR-019,تعداد و نوع تشکیل‌ها و سازمان‌های محلی سرانۀ آن‌ها و طول زمان عضویت,G,نهادی–حکمرانی,A — دسترسی,Q,مستقیم (مقدار بیشتر = ظرفیت/وضعیت بهتر),"100×clip((x−L)/(U−L),0,1)",وابسته به تعریف؛ نیازمند استاندارد/گروه همتا,per_capita_or_density,مکانی/GIS؛ عینی/ثبتی,ترکیبی: برخط + درخواست سازمانی,Tier-2,برخط + درخواست سازمانی,True,False,GIS/SDI شهرداری یا دهیاری و طرح جامع/تفصیلی؛ مرز محله، قطعه، بنا، کاربری و شبکه معابر + ثبت اداری دستگاه متولی + مرکز آمار ایران؛ سرشماری نفوس و مسکن در سطح بلوک/آبادی و، حسب نیاز، طرح نیروی کار و هزینه–درآمد خانوار
NOR-020,گروه‌های اجتماعی و سرانۀ آن‌ها,G,نهادی–حکمرانی,A — دسترسی,Q,مستقیم (مقدار بیشتر = ظرفیت/وضعیت بهتر),"100×clip((x−L)/(U−L),0,1)",وابسته به تعریف؛ نیازمند استاندارد/گروه همتا,per_capita_or_density,مکانی/GIS؛ عینی/ثبتی,ترکیبی: برخط + درخواست سازمانی,Tier-2,برخط + درخواست سازمانی,True,False,GIS/SDI شهرداری یا دهیاری و طرح جامع/تفصیلی؛ مرز محله، قطعه، بنا، کاربری و شبکه معابر + ثبت اداری دستگاه متولی + مرکز آمار ایران؛ سرشماری نفوس و مسکن در سطح بلوک/آبادی و، حسب نیاز، طرح نیروی کار و هزینه–درآمد خانوار
NOR-022,فاصله تا خدمات پایه,G,نهادی–حکمرانی,A — دسترسی,T,مستقیم (مقدار بیشتر = ظرفیت/وضعیت بهتر),"100×clip((x−L)/(U−L),0,1)",۰ تا ۱۰۰,network_access,مکانی/GIS؛ عینی/ثبتی,درخواست سازمانی/داده غیرعمومی,Tier-3,درخواست سازمانی/داده غیرعمومی,True,False,GIS/SDI شهرداری یا دهیاری و طرح جامع/تفصیلی؛ مرز محله، قطعه، بنا، کاربری و شبکه معابر + ثبت مکان مراکز
NOR-023,سطح معابر عمومی برای تردد خودرو و حمل و نقل عمومی,G,نهادی–حکمرانی,U — استفاده,T,مستقیم (مقدار بیشتر = ظرفیت/وضعیت بهتر),"100×clip((x−L)/(U−L),0,1)",۰ تا ۱۰۰,formula_specific,مکانی/GIS؛ رفتاری؛ عینی/ثبتی,درخواست سازمانی/داده غیرعمومی,Tier-3,درخواست سازمانی/داده غیرعمومی,True,False,GIS/SDI شهرداری یا دهیاری و طرح جامع/تفصیلی؛ مرز محله، قطعه، بنا، کاربری و شبکه معابر + سازمان حمل‌ونقل و ترافیک/اتوبوسرانی؛ مسیر، ایستگاه، فراوانی سرویس، زمان سفر و پارکینگ
NOR-024,دسنرسی به خدمات کلیدی,G,نهادی–حکمرانی,A — دسترسی,T,مستقیم (مقدار بیشتر = ظرفیت/وضعیت بهتر),"100×clip((x−L)/(U−L),0,1)",۰ تا ۱۰۰,network_access,مکانی/GIS؛ عینی/ثبتی,ترکیبی: برخط + درخواست سازمانی,Tier-2,برخط + درخواست سازمانی,True,False,GIS/SDI شهرداری یا دهیاری و طرح جامع/تفصیلی؛ مرز محله، قطعه، بنا، کاربری و شبکه معابر + ثبت اداری دستگاه متولی + مرکز آمار ایران؛ سرشماری نفوس و مسکن در سطح بلوک/آبادی و، حسب نیاز، طرح نیروی کار و هزینه–درآمد خانوار
NOR-025,دسترسی به حمل و نقل عمومی و کیفیت آن,G,نهادی–حکمرانی,A — دسترسی,T,مستقیم (مقدار بیشتر = ظرفیت/وضعیت بهتر),"100×clip((x−L)/(U−L),0,1)",۰ تا ۱۰۰,network_access,مکانی/GIS؛ رفتاری؛ عینی/ثبتی,درخواست سازمانی/داده غیرعمومی,Tier-3,درخواست سازمانی/داده غیرعمومی,True,False,سازمان حمل‌ونقل و ترافیک/اتوبوسرانی؛ مسیر، ایستگاه، فراوانی سرویس، زمان سفر و پارکینگ + GIS/SDI شهرداری یا دهیاری و طرح جامع/تفصیلی؛ مرز محله، قطعه، بنا، کاربری و شبکه معابر
NOR-028,تعداد درختان به ازای هر کیلومتر,G,نهادی–حکمرانی,U — استفاده,T,مستقیم (مقدار بیشتر = ظرفیت/وضعیت بهتر),"100×clip((x−L)/(U−L),0,1)",وابسته به تعریف؛ نیازمند استاندارد/گروه همتا,spatial_statistic,مکانی/GIS؛ عینی/ثبتی,ترکیبی: برخط + درخواست سازمانی,Tier-2,برخط + درخواست سازمانی,True,False,GIS/SDI شهرداری یا دهیاری و طرح جامع/تفصیلی؛ مرز محله، قطعه، بنا، کاربری و شبکه معابر + سازمان نقشه‌برداری/NSDI و تصاویر Sentinel/Landsat؛ پوشش زمین، NDVI، توسعه کالبدی و مخاطرات + سازمان بوستان‌ها
NOR-029,اجرای سیستم‌های پایش و گزارش‌دهی,G,نهادی–حکمرانی,U — استفاده,Q,مستقیم (مقدار بیشتر = ظرفیت/وضعیت بهتر),"100×clip((x−L)/(U−L),0,1)",۰ تا ۱۰۰,survey_or_assessment,ادراکی؛ عینی/ثبتی,درخواست سازمانی/داده غیرعمومی,Tier-3,درخواست سازمانی/داده غیرعمومی,False,False,شورای محله/روستا، شهرداری/دهیاری، فرمانداری و سامانه سمن‌ها؛ عضویت، جلسه، بودجه، شکایت و پاسخ + اسناد بودجه و عملکرد دستگاه
NOR-030,ادغام در برنامه ریزی شهری,G,نهادی–حکمرانی,U — استفاده,Q,مستقیم (مقدار بیشتر = ظرفیت/وضعیت بهتر),"100×clip((x−L)/(U−L),0,1)",۰ تا ۱۰۰,survey_or_assessment,ادراکی؛ عینی/ثبتی,درخواست سازمانی/داده غیرعمومی,Tier-3,درخواست سازمانی/داده غیرعمومی,False,False,شورای محله/روستا، شهرداری/دهیاری، فرمانداری و سامانه سمن‌ها؛ عضویت، جلسه، بودجه، شکایت و پاسخ + اسناد بودجه و عملکرد دستگاه
NOR-031,گذار به شهر هوشمند,G,نهادی–حکمرانی,U — استفاده,T,مستقیم (مقدار بیشتر = ظرفیت/وضعیت بهتر),"100×clip((x−L)/(U−L),0,1)",۰ تا ۱۰۰,formula_specific,عینی/ثبتی,ترکیبی: برخط + درخواست سازمانی,Tier-2,برخط + درخواست سازمانی,False,False,سازمان تنظیم مقررات و ارتباطات رادیویی، نت‌سنج‌پلاس و اپراتورها؛ پوشش، سرعت، تأخیر و قطعی + شورای محله/روستا، شهرداری/دهیاری، فرمانداری و سامانه سمن‌ها؛ عضویت، جلسه، بودجه، شکایت و پاسخ
NOR-032,دسترسی شهروندان به فناوری اطلاعات و ارتباطات,G,نهادی–حکمرانی,A — دسترسی,Q,مستقیم (مقدار بیشتر = ظرفیت/وضعیت بهتر),"100×clip((x−L)/(U−L),0,1)",۰ تا ۱۰۰,network_access,مکانی/GIS؛ عینی/ثبتی,ترکیبی: برخط + درخواست سازمانی,Tier-2,برخط + درخواست سازمانی,True,False,GIS/SDI شهرداری یا دهیاری و طرح جامع/تفصیلی؛ مرز محله، قطعه، بنا، کاربری و شبکه معابر + ثبت اداری دستگاه متولی + مرکز آمار ایران؛ سرشماری نفوس و مسکن در سطح بلوک/آبادی و، حسب نیاز، طرح نیروی کار و هزینه–درآمد خانوار
NOR-033,شفافیت و حکمرانی آزاد,G,نهادی–حکمرانی,U — استفاده,T,مستقیم (مقدار بیشتر = ظرفیت/وضعیت بهتر),"100×clip((x−L)/(U−L),0,1)",۰ تا ۱۰۰,survey_or_assessment,ادراکی؛ عینی/ثبتی,درخواست سازمانی/داده غیرعمومی,Tier-3,درخواست سازمانی/داده غیرعمومی,False,False,شورای محله/روستا، شهرداری/دهیاری، فرمانداری و سامانه سمن‌ها؛ عضویت، جلسه، بودجه، شکایت و پاسخ + اسناد بودجه و عملکرد دستگاه
