{"type":"FeatureCollection","name":"Karaj_Neighborhoods_Mahalleh","crs":{"type":"name","properties":{"name":"urn:ogc:def:crs:OGC:1.3:CRS84"}},"bbox":[50.8465996,35.765738,51.0479073,35.8883822],"features":[{"type":"Feature","properties":{"admin_level":9,"admin_level_note":"from OSM boundary=administrative admin_level=9 tag on this feature's own OSM geometry (municipal district)","area_km2":8.708061,"boundary_iou":null,"boundary_source":"OSM relation/12967089","centroid_lat":35.831125,"centroid_lon":51.0178882,"city_fa":"کرج","confidence":"confirmed_polygon","data_quality_note":"Municipal district (منطقه) boundary from OSM admin_level=9. Karaj municipality officially cites 10-12 districts across sources; OSM provides 10 (۱–۱۰).","duplicate_of_layer":null,"extraction_date":"2026-08-19","feature_level":"mantaqe","geometry_type":"MultiPolygon","is_duplicate":false,"mantaqe":1,"mantaqe_assignment_method":"self","mantaqe_name_fa":"منطقه ۱ شهر کرج","match_name_method":null,"match_spatial_test":null,"match_tier":null,"metric_crs":"EPSG:32639 (UTM 39N) for area/perimeter; representative_point for polygon centroid","nahiye_assignment_method":null,"nahiye_fa":null,"name_en":"District 1","name_fa":"منطقه ۱","name_latin":"Mntqeh 1","name_latin_method":"automated_transliteration (rule-based Persian->Latin grapheme mapping, approximate, NOT authoritative; unwritten short vowels not recovered)","name_source":"name","osm_id":12967089,"osm_type":"relation","perimeter_km":13.717659,"place_type":"region_boundary","point_osm_id":null,"prior_boundary_source":null,"province_fa":"استان البرز","source":"OpenStreetMap via Overpass API (ODbL 1.0) relation/12967089","tentative_match":false,"wikidata":"Q124065738","wikipedia":null,"within_municipal_code":null,"within_municipal_code_method":null,"within_municipal_mahalleh":null},"geometry":{"type":"MultiPolygon","coordinates":[[[[50.990111,35.8212057],[50.9910956,35.8207102],[50.9937388,35.8194027],[50.9962627,35.8181101],[50.9975988,35.8173228],[50.9990091,35.816547],[51.0009165,35.8155478],[51.0028603,35.8145247],[51.0048576,35.8134814],[51.0072347,35.8122549],[51.0087097,35.8116169],[51.0117405,35.8149944],[51.0137986,35.8168317],[51.0158601,35.8189243],[51.0171336,35.8201643],[51.0181121,35.8216549],[51.0185428,35.8223699],[51.0187004,35.8230095],[51.0190591,35.8243578],[51.0191756,35.8251743],[51.0201129,35.8258913],[51.0209226,35.8265013],[51.0210916,35.8265928],[51.0212637,35.8267482],[51.0215488,35.8269861],[51.022936,35.828012],[51.0235962,35.8283055],[51.0242244,35.8284725],[51.0248521,35.8285736],[51.0268619,35.8289662],[51.0281526,35.8295072],[51.0283478,35.8295754],[51.0298823,35.8301241],[51.0313854,35.8303807],[51.0327179,35.8306132],[51.0355517,35.8306479],[51.0367876,35.8306896],[51.0373026,35.8308984],[51.0390021,35.8320466],[51.0399033,35.833153],[51.041268,35.8338001],[51.0435339,35.8345307],[51.0424267,35.8355954],[51.0407015,35.8356789],[51.0392596,35.8351152],[51.0388218,35.8347604],[51.0361697,35.8338627],[51.0356547,35.8352614],[51.0350882,35.8361799],[51.0329768,35.8384343],[51.0290255,35.84286],[51.0203478,35.8479548],[51.0179042,35.8495285],[51.0165401,35.8502976],[51.0135316,35.8481604],[51.0122815,35.8470023],[51.0109349,35.8454547],[51.007024,35.8410541],[51.0025572,35.8360727],[51.0019056,35.8353943],[51.0005213,35.8338243],[51.0002582,35.8335325],[50.999926,35.8331188],[50.9990536,35.8321167],[50.998794,35.8318491],[50.9983097,35.8313515],[50.9979386,35.8308605],[50.9970697,35.8298946],[50.9946859,35.8270793],[50.9919635,35.8238816],[50.991906,35.8238162],[50.9912006,35.8227454],[50.990111,35.8212057]]]]}},{"type":"Feature","properties":{"admin_level":9,"admin_level_note":"from OSM boundary=administrative admin_level=9 tag on this feature's own OSM geometry (municipal district)","area_km2":10.405073,"boundary_iou":null,"boundary_source":"OSM relation/12967090","centroid_lat":35.8464571,"centroid_lon":50.9958406,"city_fa":"کرج","confidence":"confirmed_polygon","data_quality_note":"Municipal district (منطقه) boundary from OSM admin_level=9. Karaj municipality officially cites 10-12 districts across sources; OSM provides 10 (۱–۱۰).","duplicate_of_layer":null,"extraction_date":"2026-08-19","feature_level":"mantaqe","geometry_type":"MultiPolygon","is_duplicate":false,"mantaqe":8,"mantaqe_assignment_method":"self","mantaqe_name_fa":"منطقه ۸ شهر کرج","match_name_method":null,"match_spatial_test":null,"match_tier":null,"metric_crs":"EPSG:32639 (UTM 39N) for area/perimeter; representative_point for polygon centroid","nahiye_assignment_method":null,"nahiye_fa":null,"name_en":"District 8","name_fa":"منطقه ۸","name_latin":"Mntqeh 8","name_latin_method":"automated_transliteration (rule-based Persian->Latin grapheme mapping, approximate, NOT authoritative; unwritten short vowels not recovered)","name_source":"name","osm_id":12967090,"osm_type":"relation","perimeter_km":15.702392,"place_type":"region_boundary","point_osm_id":null,"prior_boundary_source":null,"province_fa":"استان البرز","source":"OpenStreetMap via Overpass API (ODbL 1.0) relation/12967090","tentative_match":false,"wikidata":"Q124069622","wikipedia":null,"within_municipal_code":null,"within_municipal_code_method":null,"within_municipal_mahalleh":null},"geometry":{"type":"MultiPolygon","coordinates":[[[[50.9674486,35.8291345],[50.9698032,35.8283936],[50.9731719,35.8273886],[50.9735951,35.8272645],[50.9742342,35.8270772],[50.974976,35.8268598],[50.9751476,35.8268095],[50.9752583,35.826777],[50.9754812,35.8267117],[50.9766368,35.8263212],[50.9769044,35.8262164],[50.9773174,35.8260531],[50.9777028,35.8259236],[50.9779264,35.8258474],[50.9807462,35.8250208],[50.9811149,35.8248995],[50.9830312,35.824285],[50.9846192,35.8237345],[50.9855073,35.8234251],[50.9874873,35.8225419],[50.9888012,35.8218879],[50.990111,35.8212057],[50.9912006,35.8227454],[50.991906,35.8238162],[50.9919635,35.8238816],[50.9946859,35.8270793],[50.9970697,35.8298946],[50.9979386,35.8308605],[50.9983097,35.8313515],[50.998794,35.8318491],[50.9990536,35.8321167],[50.999926,35.8331188],[51.0002582,35.8335325],[51.0005213,35.8338243],[51.0019056,35.8353943],[51.0025572,35.8360727],[51.007024,35.8410541],[51.0109349,35.8454547],[51.0122815,35.8470023],[51.0135316,35.8481604],[51.0165401,35.8502976],[51.0109135,35.8516142],[51.0099865,35.852136],[51.0086475,35.8536804],[51.0079008,35.8549326],[51.0075403,35.8556178],[51.0050298,35.8620941],[51.0046049,35.8638852],[51.0044075,35.8658954],[51.0040899,35.86761],[51.0040361,35.8680096],[51.0037294,35.8699157],[51.0035234,35.8719744],[50.9993143,35.8684553],[50.9989287,35.8681436],[50.9935982,35.8638556],[50.9966001,35.8613872],[50.9945462,35.8597058],[50.9908407,35.8566488],[50.983954,35.8509672],[50.9836278,35.8515196],[50.9833293,35.8512363],[50.9822364,35.8497236],[50.9819091,35.8492962],[50.9794833,35.8459119],[50.9777639,35.8434896],[50.9772899,35.8428138],[50.9770281,35.8425487],[50.975282,35.8392619],[50.9743535,35.8372527],[50.9739245,35.8371557],[50.9712685,35.8379608],[50.9711002,35.8380088],[50.9710287,35.8371419],[50.9710151,35.836984],[50.9707786,35.8363985],[50.9698013,35.8342813],[50.9691025,35.8329016],[50.9676043,35.8303712],[50.9674014,35.8298184],[50.9674486,35.8291345]]]]}},{"type":"Feature","properties":{"admin_level":9,"admin_level_note":"from OSM boundary=administrative admin_level=9 tag on this feature's own OSM geometry (municipal district)","area_km2":14.818588,"boundary_iou":null,"boundary_source":"OSM relation/12967091","centroid_lat":35.8577305,"centroid_lon":50.9760262,"city_fa":"کرج","confidence":"confirmed_polygon","data_quality_note":"Municipal district (منطقه) boundary from OSM admin_level=9. Karaj municipality officially cites 10-12 districts across sources; OSM provides 10 (۱–۱۰).","duplicate_of_layer":null,"extraction_date":"2026-08-19","feature_level":"mantaqe","geometry_type":"MultiPolygon","is_duplicate":false,"mantaqe":7,"mantaqe_assignment_method":"self","mantaqe_name_fa":"منطقه ۷ شهر کرج","match_name_method":null,"match_spatial_test":null,"match_tier":null,"metric_crs":"EPSG:32639 (UTM 39N) for area/perimeter; representative_point for polygon centroid","nahiye_assignment_method":null,"nahiye_fa":null,"name_en":"District 7","name_fa":"منطقه ۷","name_latin":"Mntqeh 7","name_latin_method":"automated_transliteration (rule-based Persian->Latin grapheme mapping, approximate, NOT authoritative; unwritten short vowels not recovered)","name_source":"name","osm_id":12967091,"osm_type":"relation","perimeter_km":17.789955,"place_type":"region_boundary","point_osm_id":null,"prior_boundary_source":null,"province_fa":"استان البرز","source":"OpenStreetMap via Overpass API (ODbL 1.0) relation/12967091","tentative_match":false,"wikidata":"Q124069512","wikipedia":null,"within_municipal_code":null,"within_municipal_code_method":null,"within_municipal_mahalleh":null},"geometry":{"type":"MultiPolygon","coordinates":[[[[50.9503944,35.8344176],[50.9504293,35.8344072],[50.9539655,35.8333543],[50.9543102,35.8332478],[50.9549139,35.8330518],[50.9566478,35.8325244],[50.958173,35.8320554],[50.9590307,35.8317849],[50.960238,35.8314039],[50.960311,35.8313809],[50.9605635,35.8312999],[50.9609065,35.8311899],[50.9612581,35.8310771],[50.9628923,35.8305529],[50.9629534,35.8305338],[50.9636364,35.8303199],[50.9638924,35.8302398],[50.9642658,35.8301231],[50.965036,35.8298823],[50.9654739,35.8297454],[50.9656694,35.8296855],[50.9661963,35.8295242],[50.9668812,35.8293144],[50.9674486,35.8291345],[50.9674014,35.8298184],[50.9676043,35.8303712],[50.9691025,35.8329016],[50.9698013,35.8342813],[50.9707786,35.8363985],[50.9710151,35.836984],[50.9710287,35.8371419],[50.9711002,35.8380088],[50.9712685,35.8379608],[50.9739245,35.8371557],[50.9743535,35.8372527],[50.975282,35.8392619],[50.9770281,35.8425487],[50.9772899,35.8428138],[50.9777639,35.8434896],[50.9794833,35.8459119],[50.9819091,35.8492962],[50.9822364,35.8497236],[50.9833293,35.8512363],[50.9836278,35.8515196],[50.983954,35.8509672],[50.9908407,35.8566488],[50.9945462,35.8597058],[50.9966001,35.8613872],[50.9935982,35.8638556],[50.9989287,35.8681436],[50.9993143,35.8684553],[51.0035234,35.8719744],[51.0031373,35.8732969],[51.0028671,35.8738368],[51.0025203,35.8743682],[51.0018242,35.8751409],[51.0002498,35.8763204],[50.9996614,35.8767613],[50.9969033,35.8783603],[50.9935073,35.880329],[50.992649,35.8808228],[50.9914474,35.881247],[50.9906224,35.8814734],[50.9898509,35.8816851],[50.9875077,35.8821441],[50.9855894,35.8826308],[50.9840591,35.8835093],[50.9824859,35.884666],[50.9812719,35.8856848],[50.9791999,35.8870023],[50.9783357,35.8873373],[50.9766126,35.8879872],[50.9758715,35.8867797],[50.9755765,35.8861168],[50.975273,35.8855167],[50.9751454,35.8852846],[50.9749212,35.8850221],[50.9746109,35.8847239],[50.9739477,35.884032],[50.9736252,35.8835694],[50.9730233,35.882617],[50.971584,35.8816201],[50.9708266,35.8812551],[50.9701228,35.8806902],[50.9690933,35.8790687],[50.9683645,35.8781622],[50.9677627,35.8777198],[50.9675909,35.8776431],[50.9670886,35.8767196],[50.9657666,35.8734464],[50.9638957,35.8686031],[50.9619708,35.8631836],[50.961877,35.8627817],[50.9618187,35.8625918],[50.9614031,35.8612389],[50.9613914,35.8611929],[50.9613468,35.8610503],[50.9612651,35.8607754],[50.9609153,35.8596962],[50.9606746,35.8591759],[50.9604805,35.8588122],[50.9581039,35.8543796],[50.9575854,35.8533943],[50.957483,35.8532006],[50.9574513,35.8531405],[50.9566519,35.8517196],[50.9558176,35.8501713],[50.9548912,35.8484688],[50.9545298,35.847868],[50.9542105,35.8474579],[50.9540206,35.847214],[50.9540062,35.8470548],[50.9539621,35.8462967],[50.9539207,35.8458485],[50.9539141,35.8455786],[50.953928,35.8451851],[50.9540204,35.8443707],[50.9541527,35.8427194],[50.9541711,35.8424906],[50.953275,35.8395402],[50.9503944,35.8344176]]]]}},{"type":"Feature","properties":{"admin_level":9,"admin_level_note":"from OSM boundary=administrative admin_level=9 tag on this feature's own OSM geometry (municipal district)","area_km2":22.45987,"boundary_iou":null,"boundary_source":"OSM relation/12967092","centroid_lat":35.8617631,"centroid_lon":50.933531,"city_fa":"کرج","confidence":"confirmed_polygon","data_quality_note":"Municipal district (منطقه) boundary from OSM admin_level=9. Karaj municipality officially cites 10-12 districts across sources; OSM provides 10 (۱–۱۰).","duplicate_of_layer":null,"extraction_date":"2026-08-19","feature_level":"mantaqe","geometry_type":"MultiPolygon","is_duplicate":false,"mantaqe":6,"mantaqe_assignment_method":"self","mantaqe_name_fa":"منطقه ۶ شهر کرج","match_name_method":null,"match_spatial_test":null,"match_tier":null,"metric_crs":"EPSG:32639 (UTM 39N) for area/perimeter; representative_point for polygon centroid","nahiye_assignment_method":null,"nahiye_fa":null,"name_en":"District 6","name_fa":"منطقه ۶","name_latin":"Mntqeh 6","name_latin_method":"automated_transliteration (rule-based Persian->Latin grapheme mapping, approximate, NOT authoritative; unwritten short vowels not recovered)","name_source":"name","osm_id":12967092,"osm_type":"relation","perimeter_km":24.470079,"place_type":"region_boundary","point_osm_id":null,"prior_boundary_source":null,"province_fa":"استان البرز","source":"OpenStreetMap via Overpass API (ODbL 1.0) relation/12967092","tentative_match":false,"wikidata":"Q124069436","wikipedia":null,"within_municipal_code":null,"within_municipal_code_method":null,"within_municipal_mahalleh":null},"geometry":{"type":"MultiPolygon","coordinates":[[[[50.8929921,35.874392],[50.8959301,35.8721192],[50.8980082,35.8703381],[50.8998602,35.8684294],[50.902845,35.8652528],[50.9052258,35.8621745],[50.9057699,35.8613517],[50.9064112,35.8601654],[50.907397,35.8578276],[50.9075387,35.8574916],[50.9081227,35.8558172],[50.9085596,35.8541419],[50.9087697,35.8530992],[50.9088696,35.8525376],[50.9089777,35.8515574],[50.9090281,35.850934],[50.9091077,35.8497358],[50.9151428,35.8472634],[50.9170754,35.846419],[50.9182015,35.8459524],[50.9202239,35.8451215],[50.9231658,35.8439079],[50.9246693,35.8432973],[50.9272305,35.8422238],[50.9308798,35.8407289],[50.9310251,35.8406694],[50.9310684,35.8406529],[50.9315122,35.8404839],[50.9323097,35.8401803],[50.9331768,35.839899],[50.9357779,35.8390639],[50.9382565,35.8382804],[50.9408197,35.8374797],[50.9418086,35.8371762],[50.9426023,35.8369326],[50.9450404,35.836103],[50.9467226,35.8355558],[50.9479663,35.8351404],[50.9503147,35.8344406],[50.9503944,35.8344176],[50.953275,35.8395402],[50.9541711,35.8424906],[50.9541527,35.8427194],[50.9540204,35.8443707],[50.953928,35.8451851],[50.9539141,35.8455786],[50.9539207,35.8458485],[50.9539621,35.8462967],[50.9540062,35.8470548],[50.9540206,35.847214],[50.9542105,35.8474579],[50.9545298,35.847868],[50.9548912,35.8484688],[50.9558176,35.8501713],[50.9566519,35.8517196],[50.9574513,35.8531405],[50.957483,35.8532006],[50.9575854,35.8533943],[50.9581039,35.8543796],[50.9604805,35.8588122],[50.9606746,35.8591759],[50.9609153,35.8596962],[50.9612651,35.8607754],[50.9613468,35.8610503],[50.9613914,35.8611929],[50.9614031,35.8612389],[50.9618187,35.8625918],[50.961877,35.8627817],[50.9619708,35.8631836],[50.9638957,35.8686031],[50.9657666,35.8734464],[50.9670886,35.8767196],[50.9675909,35.8776431],[50.9677627,35.8777198],[50.9683645,35.8781622],[50.9690933,35.8790687],[50.9701228,35.8806902],[50.9708266,35.8812551],[50.971584,35.8816201],[50.9730233,35.882617],[50.9736252,35.8835694],[50.9739477,35.884032],[50.9746109,35.8847239],[50.9749212,35.8850221],[50.9751454,35.8852846],[50.975273,35.8855167],[50.9755765,35.8861168],[50.9758715,35.8867797],[50.9766126,35.8879872],[50.974089,35.8883822],[50.9712051,35.8883753],[50.9675315,35.8875409],[50.9636863,35.8866856],[50.9603389,35.8863378],[50.9574904,35.886117],[50.9572823,35.8861009],[50.9559873,35.8860006],[50.9542358,35.8858166],[50.9514297,35.8855868],[50.9479165,35.8855631],[50.94216,35.8855242],[50.9424119,35.8846816],[50.9433978,35.8820471],[50.9462065,35.8822487],[50.9469196,35.8816416],[50.9491004,35.87928],[50.9497632,35.8785713],[50.9512437,35.875207],[50.9450282,35.8722631],[50.9381274,35.8730768],[50.9321279,35.8742453],[50.9207467,35.8780425],[50.912507,35.8801706],[50.9079579,35.8817631],[50.9028596,35.8825872],[50.9002027,35.8805914],[50.8988509,35.8795899],[50.8957695,35.8776123],[50.8953292,35.8773979],[50.8944717,35.8768564],[50.8932955,35.8747644],[50.8929921,35.874392]]]]}},{"type":"Feature","properties":{"admin_level":9,"admin_level_note":"from OSM boundary=administrative admin_level=9 tag on this feature's own OSM geometry (municipal district)","area_km2":11.716044,"boundary_iou":null,"boundary_source":"OSM relation/12967094","centroid_lat":35.8305433,"centroid_lon":50.9369281,"city_fa":"کرج","confidence":"confirmed_polygon","data_quality_note":"Municipal district (منطقه) boundary from OSM admin_level=9. Karaj municipality officially cites 10-12 districts across sources; OSM provides 10 (۱–۱۰).","duplicate_of_layer":null,"extraction_date":"2026-08-19","feature_level":"mantaqe","geometry_type":"MultiPolygon","is_duplicate":false,"mantaqe":5,"mantaqe_assignment_method":"self","mantaqe_name_fa":"منطقه ۵ شهر کرج","match_name_method":null,"match_spatial_test":null,"match_tier":null,"metric_crs":"EPSG:32639 (UTM 39N) for area/perimeter; representative_point for polygon centroid","nahiye_assignment_method":null,"nahiye_fa":null,"name_en":"District 5","name_fa":"منطقه ۵","name_latin":"Mntqeh 5","name_latin_method":"automated_transliteration (rule-based Persian->Latin grapheme mapping, approximate, NOT authoritative; unwritten short vowels not recovered)","name_source":"name","osm_id":12967094,"osm_type":"relation","perimeter_km":15.174889,"place_type":"region_boundary","point_osm_id":null,"prior_boundary_source":null,"province_fa":"استان البرز","source":"OpenStreetMap via Overpass API (ODbL 1.0) relation/12967094","tentative_match":false,"wikidata":"Q124069244","wikipedia":null,"within_municipal_code":null,"within_municipal_code_method":null,"within_municipal_mahalleh":null},"geometry":{"type":"MultiPolygon","coordinates":[[[[50.9091077,35.8497358],[50.9093048,35.8459258],[50.9098712,35.8379191],[50.9099106,35.8373631],[50.9102134,35.8332503],[50.9107621,35.8310118],[50.9108003,35.8308561],[50.9119361,35.8281856],[50.9122109,35.8277912],[50.9131286,35.8264053],[50.9137981,35.8255725],[50.9145105,35.8246862],[50.9153379,35.8239383],[50.91682,35.8225988],[50.9195459,35.8206341],[50.9221771,35.8194983],[50.9246948,35.8185159],[50.9272781,35.817819],[50.9288036,35.8175694],[50.9318227,35.8170541],[50.9359039,35.8163949],[50.9376743,35.8161158],[50.939833,35.8157516],[50.9439008,35.8151022],[50.9482564,35.8143184],[50.9500783,35.8138702],[50.9518652,35.8133025],[50.9527628,35.8130145],[50.9540887,35.8124332],[50.9566034,35.8113498],[50.9578513,35.8121599],[50.9578381,35.8139663],[50.9578828,35.8145367],[50.9580058,35.8153555],[50.959956,35.8152101],[50.9602012,35.8164688],[50.960541,35.8175249],[50.9611803,35.8192659],[50.9615747,35.8199904],[50.961678,35.8201657],[50.9620338,35.8206849],[50.962606,35.8214596],[50.9635608,35.822735],[50.9665034,35.8267279],[50.9669895,35.8273937],[50.9674351,35.8280639],[50.9675109,35.828297],[50.9675412,35.8285795],[50.9675125,35.8288349],[50.9674486,35.8291345],[50.9668812,35.8293144],[50.9661963,35.8295242],[50.9656694,35.8296855],[50.9654739,35.8297454],[50.965036,35.8298823],[50.9642658,35.8301231],[50.9638924,35.8302398],[50.9636364,35.8303199],[50.9629534,35.8305338],[50.9628923,35.8305529],[50.9612581,35.8310771],[50.9609065,35.8311899],[50.9605635,35.8312999],[50.960311,35.8313809],[50.960238,35.8314039],[50.9590307,35.8317849],[50.958173,35.8320554],[50.9566478,35.8325244],[50.9549139,35.8330518],[50.9543102,35.8332478],[50.9539655,35.8333543],[50.9504293,35.8344072],[50.9503944,35.8344176],[50.9503147,35.8344406],[50.9479663,35.8351404],[50.9467226,35.8355558],[50.9450404,35.836103],[50.9426023,35.8369326],[50.9418086,35.8371762],[50.9408197,35.8374797],[50.9382565,35.8382804],[50.9357779,35.8390639],[50.9331768,35.839899],[50.9323097,35.8401803],[50.9315122,35.8404839],[50.9310684,35.8406529],[50.9310251,35.8406694],[50.9308798,35.8407289],[50.9272305,35.8422238],[50.9246693,35.8432973],[50.9231658,35.8439079],[50.9202239,35.8451215],[50.9182015,35.8459524],[50.9170754,35.846419],[50.9151428,35.8472634],[50.9091077,35.8497358]]]]}},{"type":"Feature","properties":{"admin_level":9,"admin_level_note":"from OSM boundary=administrative admin_level=9 tag on this feature's own OSM geometry (municipal district)","area_km2":16.341821,"boundary_iou":null,"boundary_source":"OSM relation/12967095","centroid_lat":35.8147103,"centroid_lon":50.9144716,"city_fa":"کرج","confidence":"confirmed_polygon","data_quality_note":"Municipal district (منطقه) boundary from OSM admin_level=9. Karaj municipality officially cites 10-12 districts across sources; OSM provides 10 (۱–۱۰).","duplicate_of_layer":null,"extraction_date":"2026-08-19","feature_level":"mantaqe","geometry_type":"MultiPolygon","is_duplicate":false,"mantaqe":4,"mantaqe_assignment_method":"self","mantaqe_name_fa":"منطقه ۴ شهر کرج","match_name_method":null,"match_spatial_test":null,"match_tier":null,"metric_crs":"EPSG:32639 (UTM 39N) for area/perimeter; representative_point for polygon centroid","nahiye_assignment_method":null,"nahiye_fa":null,"name_en":"District 4","name_fa":"منطقه ۴","name_latin":"Mntqeh 4","name_latin_method":"automated_transliteration (rule-based Persian->Latin grapheme mapping, approximate, NOT authoritative; unwritten short vowels not recovered)","name_source":"name","osm_id":12967095,"osm_type":"relation","perimeter_km":19.733472,"place_type":"region_boundary","point_osm_id":null,"prior_boundary_source":null,"province_fa":"استان البرز","source":"OpenStreetMap via Overpass API (ODbL 1.0) relation/12967095","tentative_match":false,"wikidata":"Q124069033","wikipedia":null,"within_municipal_code":null,"within_municipal_code_method":null,"within_municipal_mahalleh":null},"geometry":{"type":"MultiPolygon","coordinates":[[[[50.8783227,35.8173181],[50.8981398,35.80594],[50.896102,35.8035559],[50.8929709,35.7999109],[50.8926076,35.7994991],[50.8909494,35.7976254],[50.9023919,35.7910279],[50.9028778,35.7912762],[50.9042369,35.7917429],[50.9052399,35.7921629],[50.9057206,35.7924278],[50.9075674,35.7939295],[50.9083602,35.7944427],[50.9092839,35.7949279],[50.9103839,35.7953731],[50.9157422,35.7969923],[50.9192616,35.7973026],[50.9238299,35.7991955],[50.9266863,35.8003826],[50.9294466,35.8013084],[50.9365534,35.8035221],[50.9425678,35.8048994],[50.9463362,35.8068781],[50.9488136,35.8084026],[50.9499571,35.8090293],[50.9509838,35.8094518],[50.9527724,35.8101535],[50.9558184,35.8110123],[50.9566034,35.8113498],[50.9540887,35.8124332],[50.9527628,35.8130145],[50.9518652,35.8133025],[50.9500783,35.8138702],[50.9482564,35.8143184],[50.9439008,35.8151022],[50.939833,35.8157516],[50.9376743,35.8161158],[50.9359039,35.8163949],[50.9318227,35.8170541],[50.9288036,35.8175694],[50.9272781,35.817819],[50.9246948,35.8185159],[50.9221771,35.8194983],[50.9195459,35.8206341],[50.91682,35.8225988],[50.9153379,35.8239383],[50.9145105,35.8246862],[50.9137981,35.8255725],[50.9131286,35.8264053],[50.9122109,35.8277912],[50.9119361,35.8281856],[50.9108003,35.8308561],[50.9107621,35.8310118],[50.9102134,35.8332503],[50.9099106,35.8373631],[50.9098712,35.8379191],[50.9020385,35.838034],[50.8997626,35.8380044],[50.8971043,35.8372517],[50.894824,35.8360552],[50.8923075,35.8338243],[50.8904322,35.8316249],[50.888138,35.8290711],[50.8832584,35.8232251],[50.8783227,35.8173181]]]]}},{"type":"Feature","properties":{"admin_level":9,"admin_level_note":"from OSM boundary=administrative admin_level=9 tag on this feature's own OSM geometry (municipal district)","area_km2":18.960995,"boundary_iou":null,"boundary_source":"OSM relation/12967096","centroid_lat":35.7953452,"centroid_lon":50.8732348,"city_fa":"کرج","confidence":"confirmed_polygon","data_quality_note":"Municipal district (منطقه) boundary from OSM admin_level=9. Karaj municipality officially cites 10-12 districts across sources; OSM provides 10 (۱–۱۰).","duplicate_of_layer":null,"extraction_date":"2026-08-19","feature_level":"mantaqe","geometry_type":"MultiPolygon","is_duplicate":false,"mantaqe":3,"mantaqe_assignment_method":"self","mantaqe_name_fa":"منطقه ۳ شهر کرج","match_name_method":null,"match_spatial_test":null,"match_tier":null,"metric_crs":"EPSG:32639 (UTM 39N) for area/perimeter; representative_point for polygon centroid","nahiye_assignment_method":null,"nahiye_fa":null,"name_en":"District 3","name_fa":"منطقه ۳","name_latin":"Mntqeh 3","name_latin_method":"automated_transliteration (rule-based Persian->Latin grapheme mapping, approximate, NOT authoritative; unwritten short vowels not recovered)","name_source":"name","osm_id":12967096,"osm_type":"relation","perimeter_km":24.091891,"place_type":"region_boundary","point_osm_id":null,"prior_boundary_source":null,"province_fa":"استان البرز","source":"OpenStreetMap via Overpass API (ODbL 1.0) relation/12967096","tentative_match":false,"wikidata":"Q124068757","wikipedia":null,"within_municipal_code":null,"within_municipal_code_method":null,"within_municipal_mahalleh":null},"geometry":{"type":"MultiPolygon","coordinates":[[[[50.8465996,35.7736037],[50.8508935,35.7713372],[50.8565326,35.7763719],[50.859468,35.7738024],[50.8575368,35.7719221],[50.8571763,35.7703135],[50.8577171,35.770021],[50.858541,35.7692898],[50.8637681,35.7689973],[50.8646436,35.7673676],[50.8651328,35.7664483],[50.8671413,35.765738],[50.8686347,35.7677646],[50.875072,35.7743873],[50.8859421,35.7667444],[50.8875831,35.7712055],[50.8877446,35.7715914],[50.8877253,35.7720858],[50.8899848,35.7745997],[50.8905255,35.7757278],[50.89068,35.7761039],[50.8917099,35.7757487],[50.8918129,35.7759576],[50.8930489,35.775498],[50.8937699,35.7754145],[50.8957011,35.7771066],[50.8978898,35.7791747],[50.898688,35.7799894],[50.9014431,35.7814934],[50.8996922,35.7829139],[50.8965766,35.7844596],[50.8953921,35.7854414],[50.8962135,35.7860228],[50.8976423,35.7870342],[50.8992072,35.7882865],[50.9023919,35.7910279],[50.8909494,35.7976254],[50.8926076,35.7994991],[50.8929709,35.7999109],[50.896102,35.8035559],[50.8981398,35.80594],[50.8783227,35.8173181],[50.8780125,35.8175384],[50.8757006,35.8147325],[50.8742599,35.8156101],[50.8737685,35.8159094],[50.8759302,35.8187923],[50.8753178,35.8191399],[50.8764814,35.8205303],[50.8718746,35.8231312],[50.8714444,35.8218138],[50.8705946,35.8201018],[50.8698046,35.819561],[50.870694,35.8172776],[50.8701735,35.8168431],[50.8707093,35.8163962],[50.8696376,35.8150429],[50.8712819,35.8138633],[50.8722174,35.8130767],[50.8732582,35.8143553],[50.8739575,35.8152599],[50.8753944,35.81436],[50.872003,35.8104512],[50.8677158,35.8106443],[50.8569962,35.8113891],[50.8520728,35.8010113],[50.8519265,35.8007028],[50.8516936,35.7972137],[50.8514372,35.7934766],[50.8508618,35.7905364],[50.8500434,35.7872853],[50.8465996,35.7736037]]]]}},{"type":"Feature","properties":{"admin_level":9,"admin_level_note":"from OSM boundary=administrative admin_level=9 tag on this feature's own OSM geometry (municipal district)","area_km2":6.553978,"boundary_iou":null,"boundary_source":"OSM relation/12967097","centroid_lat":35.8148734,"centroid_lon":50.9800656,"city_fa":"کرج","confidence":"confirmed_polygon","data_quality_note":"Municipal district (منطقه) boundary from OSM admin_level=9. Karaj municipality officially cites 10-12 districts across sources; OSM provides 10 (۱–۱۰).","duplicate_of_layer":null,"extraction_date":"2026-08-19","feature_level":"mantaqe","geometry_type":"MultiPolygon","is_duplicate":false,"mantaqe":9,"mantaqe_assignment_method":"self","mantaqe_name_fa":"منطقه ۹ شهر کرج","match_name_method":null,"match_spatial_test":null,"match_tier":null,"metric_crs":"EPSG:32639 (UTM 39N) for area/perimeter; representative_point for polygon centroid","nahiye_assignment_method":null,"nahiye_fa":null,"name_en":"District 9","name_fa":"منطقه ۹","name_latin":"Mntqeh 9","name_latin_method":"automated_transliteration (rule-based Persian->Latin grapheme mapping, approximate, NOT authoritative; unwritten short vowels not recovered)","name_source":"name","osm_id":12967097,"osm_type":"relation","perimeter_km":12.486043,"place_type":"region_boundary","point_osm_id":null,"prior_boundary_source":null,"province_fa":"استان البرز","source":"OpenStreetMap via Overpass API (ODbL 1.0) relation/12967097","tentative_match":false,"wikidata":"Q124069748","wikipedia":null,"within_municipal_code":null,"within_municipal_code_method":null,"within_municipal_mahalleh":null},"geometry":{"type":"MultiPolygon","coordinates":[[[[50.9566034,35.8113498],[50.9579256,35.8109245],[50.9624344,35.8088573],[50.9648327,35.807168],[50.9659451,35.806327],[50.967436,35.8047706],[50.9686913,35.8031151],[50.9689594,35.8027561],[50.9697425,35.8017074],[50.9705218,35.8010111],[50.9726087,35.8023136],[50.9764074,35.8044827],[50.977562,35.8048718],[50.9791638,35.8054399],[50.9801305,35.8058111],[50.9814521,35.806273],[50.987231,35.8083713],[50.98759,35.808486],[50.9871206,35.809577],[50.9869727,35.8099893],[50.9868494,35.8103897],[50.9866954,35.8110468],[50.986569,35.8118824],[50.986542,35.8123444],[50.9865899,35.8127597],[50.9870606,35.8127562],[50.9880503,35.8127627],[50.9902417,35.812754],[50.9933612,35.8126931],[50.9953112,35.8126626],[50.9968918,35.8124223],[50.9987122,35.8119319],[50.9993858,35.8118236],[50.9997555,35.8115131],[51.0007238,35.8110574],[51.0015392,35.8107291],[51.0033873,35.8100831],[51.0038117,35.8098482],[51.0072347,35.8122549],[51.0048576,35.8134814],[51.0028603,35.8145247],[51.0009165,35.8155478],[50.9990091,35.816547],[50.9975988,35.8173228],[50.9962627,35.8181101],[50.9937388,35.8194027],[50.9910956,35.8207102],[50.990111,35.8212057],[50.9888012,35.8218879],[50.9874873,35.8225419],[50.9855073,35.8234251],[50.9846192,35.8237345],[50.9830312,35.824285],[50.9811149,35.8248995],[50.9807462,35.8250208],[50.9779264,35.8258474],[50.9777028,35.8259236],[50.9773174,35.8260531],[50.9769044,35.8262164],[50.9766368,35.8263212],[50.9754812,35.8267117],[50.9752583,35.826777],[50.9751476,35.8268095],[50.974976,35.8268598],[50.9742342,35.8270772],[50.9735951,35.8272645],[50.9731719,35.8273886],[50.9698032,35.8283936],[50.9674486,35.8291345],[50.9675125,35.8288349],[50.9675412,35.8285795],[50.9675109,35.828297],[50.9674351,35.8280639],[50.9669895,35.8273937],[50.9665034,35.8267279],[50.9635608,35.822735],[50.962606,35.8214596],[50.9620338,35.8206849],[50.961678,35.8201657],[50.9615747,35.8199904],[50.9611803,35.8192659],[50.960541,35.8175249],[50.9602012,35.8164688],[50.959956,35.8152101],[50.9580058,35.8153555],[50.9578828,35.8145367],[50.9578381,35.8139663],[50.9578513,35.8121599],[50.9566034,35.8113498]]]]}},{"type":"Feature","properties":{"admin_level":9,"admin_level_note":"from OSM boundary=administrative admin_level=9 tag on this feature's own OSM geometry (municipal district)","area_km2":11.536332,"boundary_iou":null,"boundary_source":"OSM relation/12967098","centroid_lat":35.7926034,"centroid_lon":50.9835073,"city_fa":"کرج","confidence":"confirmed_polygon","data_quality_note":"Municipal district (منطقه) boundary from OSM admin_level=9. Karaj municipality officially cites 10-12 districts across sources; OSM provides 10 (۱–۱۰).","duplicate_of_layer":null,"extraction_date":"2026-08-19","feature_level":"mantaqe","geometry_type":"MultiPolygon","is_duplicate":false,"mantaqe":2,"mantaqe_assignment_method":"self","mantaqe_name_fa":"منطقه ۲ شهر کرج","match_name_method":null,"match_spatial_test":null,"match_tier":null,"metric_crs":"EPSG:32639 (UTM 39N) for area/perimeter; representative_point for polygon centroid","nahiye_assignment_method":null,"nahiye_fa":null,"name_en":"District 2","name_fa":"منطقه ۲","name_latin":"Mntqeh 2","name_latin_method":"automated_transliteration (rule-based Persian->Latin grapheme mapping, approximate, NOT authoritative; unwritten short vowels not recovered)","name_source":"name","osm_id":12967098,"osm_type":"relation","perimeter_km":17.820747,"place_type":"region_boundary","point_osm_id":null,"prior_boundary_source":null,"province_fa":"استان البرز","source":"OpenStreetMap via Overpass API (ODbL 1.0) relation/12967098","tentative_match":false,"wikidata":"Q124066671","wikipedia":null,"within_municipal_code":null,"within_municipal_code_method":null,"within_municipal_mahalleh":null},"geometry":{"type":"MultiPolygon","coordinates":[[[[50.9655954,35.7915925],[50.970325,35.7890713],[50.9706265,35.7889106],[50.9779471,35.785005],[50.9817216,35.7829912],[50.9852492,35.7810903],[50.9889699,35.7794053],[50.9906451,35.7786466],[50.9916608,35.7781866],[50.9942748,35.7768675],[51.0012652,35.77334],[51.0044066,35.7720656],[51.0054266,35.7719104],[51.0064666,35.7717522],[51.0083463,35.7716896],[51.0104577,35.7722745],[51.0129811,35.7732355],[51.0157817,35.7746334],[51.0156827,35.774846],[51.015501,35.7751304],[51.0152847,35.7756098],[51.0147804,35.7761432],[51.0145475,35.7765683],[51.0140235,35.7772886],[51.0128308,35.7787125],[51.0121605,35.779296],[51.0114794,35.7791752],[51.0111869,35.7792365],[51.0104359,35.7797903],[51.0095267,35.7805769],[51.0086495,35.7813843],[51.0087161,35.7820642],[51.0091319,35.7825315],[51.0099191,35.7830626],[51.0101928,35.7837335],[51.0104334,35.7842097],[51.0104921,35.7850715],[51.0101923,35.7858815],[51.0103235,35.7865579],[51.0103375,35.7871189],[51.0100226,35.7873141],[51.0097299,35.7882577],[51.008945,35.7898663],[51.0086805,35.7905323],[51.0035606,35.7906427],[51.0035329,35.7913967],[51.0033863,35.7921094],[51.0028479,35.7930973],[51.0023238,35.7940487],[51.0022982,35.7940869],[51.0022175,35.7944935],[51.0016765,35.7971018],[51.0016236,35.7972716],[51.0013633,35.7980007],[51.0013918,35.7984059],[51.0010855,35.8022329],[51.0010713,35.8023687],[51.0011147,35.8029844],[51.0014486,35.80367],[51.0019319,35.8045806],[51.0032874,35.8069914],[51.0036777,35.8076765],[51.0046,35.8086538],[51.0053551,35.8092231],[51.0056811,35.8094688],[51.0063322,35.8098986],[51.008428,35.8112368],[51.0087097,35.8116169],[51.0072347,35.8122549],[51.0038117,35.8098482],[51.0033873,35.8100831],[51.0015392,35.8107291],[51.0007238,35.8110574],[50.9997555,35.8115131],[50.9993858,35.8118236],[50.9987122,35.8119319],[50.9968918,35.8124223],[50.9953112,35.8126626],[50.9933612,35.8126931],[50.9902417,35.812754],[50.9880503,35.8127627],[50.9870606,35.8127562],[50.9865899,35.8127597],[50.986542,35.8123444],[50.986569,35.8118824],[50.9866954,35.8110468],[50.9868494,35.8103897],[50.9869727,35.8099893],[50.9871206,35.809577],[50.98759,35.808486],[50.987231,35.8083713],[50.9814521,35.806273],[50.9801305,35.8058111],[50.9791638,35.8054399],[50.977562,35.8048718],[50.9764074,35.8044827],[50.9726087,35.8023136],[50.9705218,35.8010111],[50.9697425,35.8017074],[50.9689594,35.8027561],[50.9686913,35.8031151],[50.967436,35.8047706],[50.9649793,35.8030145],[50.9637691,35.8035783],[50.9618665,35.801477],[50.9616917,35.8012297],[50.9632038,35.8001056],[50.9643398,35.7992532],[50.9652154,35.7985723],[50.9657727,35.7982016],[50.9652926,35.7978831],[50.9610473,35.7950148],[50.9604851,35.7946349],[50.9655954,35.7915925]]]]}},{"type":"Feature","properties":{"admin_level":9,"admin_level_note":"from OSM boundary=administrative admin_level=9 tag on this feature's own OSM geometry (municipal district)","area_km2":15.763347,"boundary_iou":null,"boundary_source":"OSM relation/12967099","centroid_lat":35.8011168,"centroid_lon":51.0122692,"city_fa":"کرج","confidence":"confirmed_polygon","data_quality_note":"Municipal district (منطقه) boundary from OSM admin_level=9. Karaj municipality officially cites 10-12 districts across sources; OSM provides 10 (۱–۱۰).","duplicate_of_layer":null,"extraction_date":"2026-08-19","feature_level":"mantaqe","geometry_type":"MultiPolygon","is_duplicate":false,"mantaqe":10,"mantaqe_assignment_method":"self","mantaqe_name_fa":"منطقه ۱۰ شهر کرج","match_name_method":null,"match_spatial_test":null,"match_tier":null,"metric_crs":"EPSG:32639 (UTM 39N) for area/perimeter; representative_point for polygon centroid","nahiye_assignment_method":null,"nahiye_fa":null,"name_en":"District 10","name_fa":"منطقه ۱۰","name_latin":"Mntqeh 10","name_latin_method":"automated_transliteration (rule-based Persian->Latin grapheme mapping, approximate, NOT authoritative; unwritten short vowels not recovered)","name_source":"name","osm_id":12967099,"osm_type":"relation","perimeter_km":23.993343,"place_type":"region_boundary","point_osm_id":null,"prior_boundary_source":null,"province_fa":"استان البرز","source":"OpenStreetMap via Overpass API (ODbL 1.0) relation/12967099","tentative_match":false,"wikidata":"Q124069971","wikipedia":null,"within_municipal_code":null,"within_municipal_code_method":null,"within_municipal_mahalleh":null},"geometry":{"type":"MultiPolygon","coordinates":[[[[51.0010855,35.8022329],[51.0013918,35.7984059],[51.0013633,35.7980007],[51.0016236,35.7972716],[51.0016765,35.7971018],[51.0022175,35.7944935],[51.0022982,35.7940869],[51.0023238,35.7940487],[51.0028479,35.7930973],[51.0033863,35.7921094],[51.0035329,35.7913967],[51.0035606,35.7906427],[51.0086805,35.7905323],[51.008945,35.7898663],[51.0097299,35.7882577],[51.0100226,35.7873141],[51.0103375,35.7871189],[51.0103235,35.7865579],[51.0101923,35.7858815],[51.0104921,35.7850715],[51.0104334,35.7842097],[51.0101928,35.7837335],[51.0099191,35.7830626],[51.0091319,35.7825315],[51.0087161,35.7820642],[51.0086495,35.7813843],[51.0095267,35.7805769],[51.0104359,35.7797903],[51.0111869,35.7792365],[51.0114794,35.7791752],[51.0121605,35.779296],[51.0128308,35.7787125],[51.0140235,35.7772886],[51.0145475,35.7765683],[51.0147804,35.7761432],[51.0152847,35.7756098],[51.015501,35.7751304],[51.0156827,35.774846],[51.0157817,35.7746334],[51.0160903,35.7739704],[51.016265,35.7734154],[51.016949,35.7725179],[51.0171819,35.7721873],[51.0175021,35.7719865],[51.0179679,35.7719747],[51.0181862,35.7718684],[51.0182299,35.7715496],[51.0184191,35.7713134],[51.0191323,35.77103],[51.0195543,35.7704868],[51.0201365,35.7701089],[51.0207915,35.7697782],[51.0214901,35.769483],[51.0217667,35.7690578],[51.023055,35.7711877],[51.0262479,35.7722741],[51.0281534,35.7710206],[51.0284109,35.7714593],[51.0300846,35.7752198],[51.0361614,35.7722741],[51.039174,35.774593],[51.0399465,35.7749482],[51.0443754,35.776703],[51.0479073,35.7790514],[51.0468985,35.780773],[51.0459192,35.7823667],[51.0452294,35.783217],[51.0431847,35.7854157],[51.0423154,35.7866044],[51.0406675,35.7884425],[51.0397007,35.7894352],[51.0406248,35.7900354],[51.0415662,35.7901464],[51.042682,35.7900768],[51.0449887,35.7897548],[51.0459435,35.7904075],[51.0458684,35.7911907],[51.0433364,35.792705],[51.0441411,35.7944016],[51.0435188,35.7954633],[51.0428,35.7967333],[51.0414696,35.7969595],[51.039356,35.796594],[51.0383368,35.7952974],[51.0370817,35.794103],[51.0381813,35.793302],[51.0359496,35.7925685],[51.0343164,35.7920072],[51.0325195,35.7927421],[51.0282045,35.7940263],[51.0263248,35.7950288],[51.0248045,35.7962323],[51.0237338,35.7978735],[51.0235324,35.7987313],[51.0233121,35.8001665],[51.0234151,35.802067],[51.0236726,35.8027352],[51.0245481,35.8044268],[51.0256553,35.8054918],[51.0273805,35.8067239],[51.0311399,35.8087912],[51.0335603,35.8102529],[51.0344358,35.8111091],[51.0353885,35.8126334],[51.0361095,35.8138236],[51.0368562,35.8152644],[51.0372424,35.8169765],[51.0371909,35.8202755],[51.0370107,35.8229897],[51.0382209,35.8231149],[51.0398689,35.8234699],[51.0408473,35.8243676],[51.0417743,35.8258499],[51.0427528,35.827708],[51.0448127,35.8299836],[51.0457139,35.8309439],[51.0456882,35.8321338],[51.0449157,35.8334072],[51.0447097,35.8348059],[51.0435339,35.8345307],[51.041268,35.8338001],[51.0399033,35.833153],[51.0390021,35.8320466],[51.0373026,35.8308984],[51.0367876,35.8306896],[51.0355517,35.8306479],[51.0327179,35.8306132],[51.0313854,35.8303807],[51.0298823,35.8301241],[51.0283478,35.8295754],[51.0281526,35.8295072],[51.0268619,35.8289662],[51.0248521,35.8285736],[51.0242244,35.8284725],[51.0235962,35.8283055],[51.022936,35.828012],[51.0215488,35.8269861],[51.0212637,35.8267482],[51.0210916,35.8265928],[51.0209226,35.8265013],[51.0201129,35.8258913],[51.0191756,35.8251743],[51.0190591,35.8243578],[51.0187004,35.8230095],[51.0185428,35.8223699],[51.0181121,35.8216549],[51.0171336,35.8201643],[51.0158601,35.8189243],[51.0137986,35.8168317],[51.0117405,35.8149944],[51.0087097,35.8116169],[51.008428,35.8112368],[51.0063322,35.8098986],[51.0056811,35.8094688],[51.0053551,35.8092231],[51.0046,35.8086538],[51.0036777,35.8076765],[51.0032874,35.8069914],[51.0019319,35.8045806],[51.0014486,35.80367],[51.0011147,35.8029844],[51.0010713,35.8023687],[51.0010855,35.8022329]]]]}},{"type":"Feature","properties":{"admin_level":null,"admin_level_note":"not applied: OSM place=neighbourhood way without admin_level tag","area_km2":0.481986,"boundary_iou":null,"boundary_source":"OSM way/706228881","centroid_lat":35.875205,"centroid_lon":50.9766827,"city_fa":"کرج","confidence":"confirmed_polygon","data_quality_note":"duplicate of same-name OSM admin relation (IoU=0.52); kept & flagged per immutability rule (not deleted)","duplicate_of_layer":"mahalleh (OSM relation/20189736)","extraction_date":"2026-08-19","feature_level":"mahalleh","geometry_type":"Polygon","is_duplicate":true,"mantaqe":7,"mantaqe_assignment_method":"point_in_polygon_osm_admin9","mantaqe_name_fa":"منطقه ۷ شهر کرج","match_name_method":null,"match_spatial_test":null,"match_tier":null,"metric_crs":"EPSG:32639 (UTM 39N) for area/perimeter; representative_point for polygon centroid","nahiye_assignment_method":null,"nahiye_fa":null,"name_en":"Aseman Town","name_fa":"شهرک آسمان","name_latin":"Shhrk Asman","name_latin_method":"automated_transliteration (rule-based Persian->Latin grapheme mapping, approximate, NOT authoritative; unwritten short vowels not recovered)","name_source":"name","osm_id":706228881,"osm_type":"way","perimeter_km":3.221343,"place_type":"neighbourhood","point_osm_id":null,"prior_boundary_source":null,"province_fa":"استان البرز","source":"OpenStreetMap via Overpass API (ODbL 1.0) way/706228881","tentative_match":false,"wikidata":null,"wikipedia":null,"within_municipal_code":null,"within_municipal_code_method":null,"within_municipal_mahalleh":null},"geometry":{"type":"Polygon","coordinates":[[[50.9730234,35.8716475],[50.9753452,35.8710171],[50.9780821,35.8738833],[50.9803167,35.8765267],[50.9828535,35.8789885],[50.9829528,35.8796397],[50.9824335,35.8799818],[50.9816521,35.8799528],[50.9805309,35.8806145],[50.9795641,35.8798355],[50.9785381,35.8806212],[50.9766625,35.8811706],[50.9751665,35.877596],[50.9727597,35.8718447],[50.9728459,35.8717113],[50.9730234,35.8716475]]]}},{"type":"Feature","properties":{"admin_level":null,"admin_level_note":"not applied: OSM place=neighbourhood way without admin_level tag","area_km2":0.065176,"boundary_iou":null,"boundary_source":"OSM way/1355370343","centroid_lat":35.7933675,"centroid_lon":50.8528178,"city_fa":"کرج","confidence":"confirmed_polygon","data_quality_note":"Neighborhood (محله) boundary from OpenStreetMap; no official municipal polygon layer publicly available for Karaj.","duplicate_of_layer":null,"extraction_date":"2026-08-19","feature_level":"mahalleh","geometry_type":"Polygon","is_duplicate":false,"mantaqe":3,"mantaqe_assignment_method":"point_in_polygon_osm_admin9","mantaqe_name_fa":"منطقه ۳ شهر کرج","match_name_method":null,"match_spatial_test":null,"match_tier":null,"metric_crs":"EPSG:32639 (UTM 39N) for area/perimeter; representative_point for polygon centroid","nahiye_assignment_method":null,"nahiye_fa":null,"name_en":"Qezel Hesar town","name_fa":"شهرک قزلحصار","name_latin":"Shhrk Qzlhsar","name_latin_method":"automated_transliteration (rule-based Persian->Latin grapheme mapping, approximate, NOT authoritative; unwritten short vowels not recovered)","name_source":"name","osm_id":1355370343,"osm_type":"way","perimeter_km":1.038946,"place_type":"neighbourhood","point_osm_id":null,"prior_boundary_source":null,"province_fa":"استان البرز","source":"OpenStreetMap via Overpass API (ODbL 1.0) way/1355370343","tentative_match":false,"wikidata":null,"wikipedia":null,"within_municipal_code":null,"within_municipal_code_method":null,"within_municipal_mahalleh":null},"geometry":{"type":"Polygon","coordinates":[[[50.8514776,35.7916519],[50.8516548,35.7915967],[50.8518798,35.7915312],[50.8520173,35.7914868],[50.8521717,35.7914406],[50.852515,35.7913132],[50.8529498,35.791643],[50.8531145,35.791783],[50.8534221,35.7921085],[50.8534855,35.7922646],[50.8535549,35.7924977],[50.8536298,35.7927258],[50.8537557,35.7930552],[50.8540504,35.7936798],[50.8540155,35.7944083],[50.8538032,35.7945729],[50.8535838,35.7946252],[50.8534375,35.7946541],[50.8532387,35.7947106],[50.8530902,35.7947837],[50.8529163,35.7947835],[50.8527017,35.7947991],[50.8525196,35.7948079],[50.8522974,35.7948112],[50.8520434,35.7948319],[50.8519482,35.7948186],[50.8514776,35.7916519]]]}},{"type":"Feature","properties":{"admin_level":11,"admin_level_note":"from OSM boundary=administrative admin_level=11 tag on this feature's own OSM geometry (neighborhood)","area_km2":0.393253,"boundary_iou":null,"boundary_source":"OSM relation/8670165","centroid_lat":35.884349,"centroid_lon":50.9781999,"city_fa":"کرج","confidence":"confirmed_polygon","data_quality_note":"Neighborhood (محله) boundary from OpenStreetMap; no official municipal polygon layer publicly available for Karaj.","duplicate_of_layer":null,"extraction_date":"2026-08-19","feature_level":"mahalleh","geometry_type":"MultiPolygon","is_duplicate":false,"mantaqe":7,"mantaqe_assignment_method":"point_in_polygon_osm_admin9","mantaqe_name_fa":"منطقه ۷ شهر کرج","match_name_method":null,"match_spatial_test":null,"match_tier":null,"metric_crs":"EPSG:32639 (UTM 39N) for area/perimeter; representative_point for polygon centroid","nahiye_assignment_method":null,"nahiye_fa":null,"name_en":"Shahrak Baharestan","name_fa":"شهرک بهارستان","name_latin":"Shhrk Bharstan","name_latin_method":"automated_transliteration (rule-based Persian->Latin grapheme mapping, approximate, NOT authoritative; unwritten short vowels not recovered)","name_source":"name","osm_id":8670165,"osm_type":"relation","perimeter_km":2.588132,"place_type":"neighbourhood","point_osm_id":null,"prior_boundary_source":null,"province_fa":"استان البرز","source":"OpenStreetMap via Overpass API (ODbL 1.0) relation/8670165","tentative_match":false,"wikidata":null,"wikipedia":null,"within_municipal_code":null,"within_municipal_code_method":null,"within_municipal_mahalleh":null},"geometry":{"type":"MultiPolygon","coordinates":[[[[50.9730233,35.882617],[50.9743455,35.8818272],[50.9746004,35.8817983],[50.9755232,35.8816937],[50.9767556,35.881366],[50.9773335,35.881233],[50.9808591,35.8814901],[50.9819274,35.8823113],[50.9807339,35.8830207],[50.9824859,35.884666],[50.9812719,35.8856848],[50.9791999,35.8870023],[50.9783357,35.8873373],[50.9766126,35.8879872],[50.9758715,35.8867797],[50.9755765,35.8861168],[50.975273,35.8855167],[50.9751454,35.8852846],[50.9749212,35.8850221],[50.9746109,35.8847239],[50.9739477,35.884032],[50.9736252,35.8835694],[50.9730233,35.882617]]]]}},{"type":"Feature","properties":{"admin_level":11,"admin_level_note":"from OSM boundary=administrative admin_level=11 tag on this feature's own OSM geometry (neighborhood)","area_km2":0.116951,"boundary_iou":null,"boundary_source":"OSM relation/8670598","centroid_lat":35.8605546,"centroid_lon":50.9828971,"city_fa":"کرج","confidence":"confirmed_polygon","data_quality_note":"Neighborhood (محله) boundary from OpenStreetMap; no official municipal polygon layer publicly available for Karaj.","duplicate_of_layer":null,"extraction_date":"2026-08-19","feature_level":"mahalleh","geometry_type":"MultiPolygon","is_duplicate":false,"mantaqe":7,"mantaqe_assignment_method":"point_in_polygon_osm_admin9","mantaqe_name_fa":"منطقه ۷ شهر کرج","match_name_method":null,"match_spatial_test":null,"match_tier":null,"metric_crs":"EPSG:32639 (UTM 39N) for area/perimeter; representative_point for polygon centroid","nahiye_assignment_method":null,"nahiye_fa":null,"name_en":"Shahrak Behdari","name_fa":"شهرک بهداری","name_latin":"Shhrk Bhdary","name_latin_method":"automated_transliteration (rule-based Persian->Latin grapheme mapping, approximate, NOT authoritative; unwritten short vowels not recovered)","name_source":"name","osm_id":8670598,"osm_type":"relation","perimeter_km":1.473857,"place_type":"neighbourhood","point_osm_id":null,"prior_boundary_source":null,"province_fa":"استان البرز","source":"OpenStreetMap via Overpass API (ODbL 1.0) relation/8670598","tentative_match":false,"wikidata":null,"wikipedia":null,"within_municipal_code":null,"within_municipal_code_method":null,"within_municipal_mahalleh":null},"geometry":{"type":"MultiPolygon","coordinates":[[[[50.9801017,35.8596783],[50.9807868,35.8580139],[50.9834188,35.8594501],[50.9854879,35.8611911],[50.9855891,35.8612762],[50.9837685,35.8627713],[50.9819351,35.8612746],[50.9802917,35.859918],[50.9801906,35.8598281],[50.9801337,35.8597489],[50.9801017,35.8596783]]]]}},{"type":"Feature","properties":{"admin_level":11,"admin_level_note":"from OSM boundary=administrative admin_level=11 tag on this feature's own OSM geometry (neighborhood)","area_km2":0.102202,"boundary_iou":null,"boundary_source":"OSM relation/8670610","centroid_lat":35.8572339,"centroid_lon":50.9827084,"city_fa":"کرج","confidence":"confirmed_polygon","data_quality_note":"Neighborhood (محله) boundary from OpenStreetMap; no official municipal polygon layer publicly available for Karaj.","duplicate_of_layer":null,"extraction_date":"2026-08-19","feature_level":"mahalleh","geometry_type":"MultiPolygon","is_duplicate":false,"mantaqe":7,"mantaqe_assignment_method":"point_in_polygon_osm_admin9","mantaqe_name_fa":"منطقه ۷ شهر کرج","match_name_method":null,"match_spatial_test":null,"match_tier":null,"metric_crs":"EPSG:32639 (UTM 39N) for area/perimeter; representative_point for polygon centroid","nahiye_assignment_method":null,"nahiye_fa":null,"name_en":null,"name_fa":"شهرک جهازیها","name_latin":"Shhrk Jhazyha","name_latin_method":"automated_transliteration (rule-based Persian->Latin grapheme mapping, approximate, NOT authoritative; unwritten short vowels not recovered)","name_source":"name","osm_id":8670610,"osm_type":"relation","perimeter_km":1.33454,"place_type":"neighbourhood","point_osm_id":null,"prior_boundary_source":null,"province_fa":"استان البرز","source":"OpenStreetMap via Overpass API (ODbL 1.0) relation/8670610","tentative_match":false,"wikidata":null,"wikipedia":null,"within_municipal_code":null,"within_municipal_code_method":null,"within_municipal_mahalleh":null},"geometry":{"type":"MultiPolygon","coordinates":[[[[50.9822411,35.8545898],[50.9846084,35.8564539],[50.9834188,35.8594501],[50.9807868,35.8580139],[50.9822411,35.8545898]]]]}},{"type":"Feature","properties":{"admin_level":11,"admin_level_note":"from OSM boundary=administrative admin_level=11 tag on this feature's own OSM geometry (neighborhood)","area_km2":1.722575,"boundary_iou":null,"boundary_source":"OSM relation/8672480","centroid_lat":35.8543065,"centroid_lon":51.0012147,"city_fa":"کرج","confidence":"confirmed_polygon","data_quality_note":"Neighborhood (محله) boundary from OpenStreetMap; no official municipal polygon layer publicly available for Karaj.","duplicate_of_layer":null,"extraction_date":"2026-08-19","feature_level":"mahalleh","geometry_type":"MultiPolygon","is_duplicate":false,"mantaqe":8,"mantaqe_assignment_method":"point_in_polygon_osm_admin9","mantaqe_name_fa":"منطقه ۸ شهر کرج","match_name_method":null,"match_spatial_test":null,"match_tier":null,"metric_crs":"EPSG:32639 (UTM 39N) for area/perimeter; representative_point for polygon centroid","nahiye_assignment_method":null,"nahiye_fa":null,"name_en":"Hassan Abaad","name_fa":"حسن آباد","name_latin":"Hsn Abad","name_latin_method":"automated_transliteration (rule-based Persian->Latin grapheme mapping, approximate, NOT authoritative; unwritten short vowels not recovered)","name_source":"name","osm_id":8672480,"osm_type":"relation","perimeter_km":6.651261,"place_type":"neighbourhood","point_osm_id":null,"prior_boundary_source":null,"province_fa":"استان البرز","source":"OpenStreetMap via Overpass API (ODbL 1.0) relation/8672480","tentative_match":false,"wikidata":null,"wikipedia":null,"within_municipal_code":null,"within_municipal_code_method":null,"within_municipal_mahalleh":null},"geometry":{"type":"MultiPolygon","coordinates":[[[[50.9908407,35.8566488],[50.9912637,35.8566244],[50.9926933,35.8555005],[50.9949787,35.8536339],[50.9966423,35.851956],[50.9989637,35.8496897],[50.9997468,35.8489032],[50.9996557,35.8477924],[51.0008471,35.8477368],[51.0038338,35.8474086],[51.0077035,35.8472188],[51.0122815,35.8470023],[51.0135316,35.8481604],[51.0165401,35.8502976],[51.0109135,35.8516142],[51.0099865,35.852136],[51.0086475,35.8536804],[51.0079008,35.8549326],[51.0075403,35.8556178],[51.0050298,35.8620941],[51.0035003,35.8607549],[51.0004614,35.8580942],[50.9985137,35.8565201],[50.9945462,35.8597058],[50.9908407,35.8566488]]]]}},{"type":"Feature","properties":{"admin_level":11,"admin_level_note":"from OSM boundary=administrative admin_level=11 tag on this feature's own OSM geometry (neighborhood)","area_km2":0.876542,"boundary_iou":null,"boundary_source":"OSM relation/8672565","centroid_lat":35.8483478,"centroid_lon":50.9941512,"city_fa":"کرج","confidence":"confirmed_polygon","data_quality_note":"Neighborhood (محله) boundary from OpenStreetMap; no official municipal polygon layer publicly available for Karaj.","duplicate_of_layer":null,"extraction_date":"2026-08-19","feature_level":"mahalleh","geometry_type":"MultiPolygon","is_duplicate":false,"mantaqe":8,"mantaqe_assignment_method":"point_in_polygon_osm_admin9","mantaqe_name_fa":"منطقه ۸ شهر کرج","match_name_method":null,"match_spatial_test":null,"match_tier":null,"metric_crs":"EPSG:32639 (UTM 39N) for area/perimeter; representative_point for polygon centroid","nahiye_assignment_method":null,"nahiye_fa":null,"name_en":"Shahrak ouj","name_fa":"شهرک اوج کلی","name_latin":"Shhrk Avj Kly","name_latin_method":"automated_transliteration (rule-based Persian->Latin grapheme mapping, approximate, NOT authoritative; unwritten short vowels not recovered)","name_source":"name","osm_id":8672565,"osm_type":"relation","perimeter_km":3.765454,"place_type":"neighbourhood","point_osm_id":null,"prior_boundary_source":null,"province_fa":"استان البرز","source":"OpenStreetMap via Overpass API (ODbL 1.0) relation/8672565","tentative_match":false,"wikidata":null,"wikipedia":null,"within_municipal_code":null,"within_municipal_code_method":null,"within_municipal_mahalleh":null},"geometry":{"type":"MultiPolygon","coordinates":[[[[50.987876,35.8477468],[50.9885108,35.847246],[50.988857,35.8468663],[50.9890958,35.8464321],[50.9891953,35.8461232],[50.9891003,35.8454549],[50.9889999,35.8447911],[50.988843,35.8429851],[50.9910398,35.8428477],[50.9969335,35.842499],[50.997368,35.8424415],[50.9974237,35.8426175],[50.997497,35.842909],[50.9975113,35.8434624],[50.9975514,35.8442408],[50.9979706,35.8442574],[50.9985077,35.8443558],[50.99876,35.8444808],[50.9990693,35.8446838],[50.9993504,35.8450335],[50.9994492,35.8452772],[50.9995279,35.8459596],[50.9996557,35.8477924],[50.9997468,35.8489032],[50.9989637,35.8496897],[50.9966423,35.851956],[50.9949787,35.8536339],[50.987876,35.8477468]]]]}},{"type":"Feature","properties":{"admin_level":11,"admin_level_note":"from OSM boundary=administrative admin_level=11 tag on this feature's own OSM geometry (neighborhood)","area_km2":4.204906,"boundary_iou":null,"boundary_source":"OSM relation/8676947","centroid_lat":35.8741361,"centroid_lon":50.9625251,"city_fa":"کرج","confidence":"confirmed_polygon","data_quality_note":"Neighborhood (محله) boundary from OpenStreetMap; no official municipal polygon layer publicly available for Karaj.","duplicate_of_layer":null,"extraction_date":"2026-08-19","feature_level":"mahalleh","geometry_type":"MultiPolygon","is_duplicate":false,"mantaqe":6,"mantaqe_assignment_method":"point_in_polygon_osm_admin9","mantaqe_name_fa":"منطقه ۶ شهر کرج","match_name_method":null,"match_spatial_test":null,"match_tier":null,"metric_crs":"EPSG:32639 (UTM 39N) for area/perimeter; representative_point for polygon centroid","nahiye_assignment_method":null,"nahiye_fa":null,"name_en":"Baghestan","name_fa":"باغستان","name_latin":"Baghstan","name_latin_method":"automated_transliteration (rule-based Persian->Latin grapheme mapping, approximate, NOT authoritative; unwritten short vowels not recovered)","name_source":"name","osm_id":8676947,"osm_type":"relation","perimeter_km":10.302666,"place_type":"neighbourhood","point_osm_id":null,"prior_boundary_source":null,"province_fa":"استان البرز","source":"OpenStreetMap via Overpass API (ODbL 1.0) relation/8676947","tentative_match":false,"wikidata":null,"wikipedia":null,"within_municipal_code":null,"within_municipal_code_method":null,"within_municipal_mahalleh":null},"geometry":{"type":"MultiPolygon","coordinates":[[[[50.9469196,35.8816416],[50.9491004,35.87928],[50.9497632,35.8785713],[50.9512437,35.875207],[50.9516246,35.8731081],[50.9527983,35.8712386],[50.9537489,35.8697035],[50.953909,35.8676643],[50.9553707,35.8674708],[50.9583774,35.8661494],[50.9599725,35.8646693],[50.9613045,35.8634848],[50.9618248,35.8632871],[50.9613468,35.8610503],[50.9613914,35.8611929],[50.9614031,35.8612389],[50.9618187,35.8625918],[50.961877,35.8627817],[50.9619708,35.8631836],[50.9638957,35.8686031],[50.9657666,35.8734464],[50.9702151,35.8720425],[50.9715852,35.8716261],[50.9722241,35.8714401],[50.9726153,35.8712974],[50.9726686,35.8718903],[50.9730581,35.8727338],[50.9733544,35.8735257],[50.97387,35.8747466],[50.9742265,35.8755663],[50.9745945,35.8764341],[50.9750332,35.877498],[50.9751091,35.8776823],[50.9752172,35.8779442],[50.9752347,35.8779866],[50.9757026,35.8792062],[50.9760019,35.8798497],[50.9763962,35.880814],[50.976531,35.8810716],[50.9767556,35.881366],[50.9755232,35.8816937],[50.9746004,35.8817983],[50.9743455,35.8818272],[50.9730233,35.882617],[50.9736252,35.8835694],[50.9739477,35.884032],[50.9746109,35.8847239],[50.9749212,35.8850221],[50.9751454,35.8852846],[50.975273,35.8855167],[50.9755765,35.8861168],[50.9758715,35.8867797],[50.9766126,35.8879872],[50.974089,35.8883822],[50.9712051,35.8883753],[50.9675315,35.8875409],[50.9636863,35.8866856],[50.9603389,35.8863378],[50.9574904,35.886117],[50.9572823,35.8861009],[50.9559873,35.8860006],[50.9542358,35.8858166],[50.9541855,35.8848159],[50.9539026,35.8838438],[50.9514243,35.8821643],[50.9477385,35.8833017],[50.9469196,35.8816416]]]]}},{"type":"Feature","properties":{"admin_level":11,"admin_level_note":"from OSM boundary=administrative admin_level=11 tag on this feature's own OSM geometry (neighborhood)","area_km2":2.187708,"boundary_iou":null,"boundary_source":"OSM relation/8677010","centroid_lat":35.8721393,"centroid_lon":50.9033713,"city_fa":"کرج","confidence":"confirmed_polygon","data_quality_note":"Neighborhood (محله) boundary from OpenStreetMap; no official municipal polygon layer publicly available for Karaj.","duplicate_of_layer":null,"extraction_date":"2026-08-19","feature_level":"mahalleh","geometry_type":"MultiPolygon","is_duplicate":false,"mantaqe":6,"mantaqe_assignment_method":"point_in_polygon_osm_admin9","mantaqe_name_fa":"منطقه ۶ شهر کرج","match_name_method":null,"match_spatial_test":null,"match_tier":null,"metric_crs":"EPSG:32639 (UTM 39N) for area/perimeter; representative_point for polygon centroid","nahiye_assignment_method":null,"nahiye_fa":null,"name_en":"Shahrak Goldasht","name_fa":"شهرک گلدشت","name_latin":"Shhrk Gldsht","name_latin_method":"automated_transliteration (rule-based Persian->Latin grapheme mapping, approximate, NOT authoritative; unwritten short vowels not recovered)","name_source":"name","osm_id":8677010,"osm_type":"relation","perimeter_km":6.364086,"place_type":"neighbourhood","point_osm_id":null,"prior_boundary_source":null,"province_fa":"استان البرز","source":"OpenStreetMap via Overpass API (ODbL 1.0) relation/8677010","tentative_match":false,"wikidata":null,"wikipedia":null,"within_municipal_code":null,"within_municipal_code_method":null,"within_municipal_mahalleh":null},"geometry":{"type":"MultiPolygon","coordinates":[[[[50.8918134,35.8631575],[50.8956139,35.8625355],[50.8988272,35.86241],[50.8994387,35.8623655],[50.8999658,35.8622669],[50.900482,35.8621552],[50.9010064,35.8620392],[50.9015146,35.8619014],[50.9020463,35.8617501],[50.9044401,35.8609119],[50.9052258,35.8621745],[50.9092949,35.8696961],[50.9119387,35.8745826],[50.9061129,35.8757214],[50.906585,35.8785816],[50.9052973,35.8789192],[50.9037375,35.8797018],[50.9010712,35.8801114],[50.9003887,35.8802162],[50.9000302,35.8802713],[50.8918134,35.8631575]]]]}},{"type":"Feature","properties":{"admin_level":11,"admin_level_note":"from OSM boundary=administrative admin_level=11 tag on this feature's own OSM geometry (neighborhood)","area_km2":0.133276,"boundary_iou":null,"boundary_source":"OSM relation/8677122","centroid_lat":35.8758104,"centroid_lon":50.895731,"city_fa":"کرج","confidence":"confirmed_polygon","data_quality_note":"Neighborhood (محله) boundary from OpenStreetMap; no official municipal polygon layer publicly available for Karaj.","duplicate_of_layer":null,"extraction_date":"2026-08-19","feature_level":"mahalleh","geometry_type":"MultiPolygon","is_duplicate":false,"mantaqe":6,"mantaqe_assignment_method":"point_in_polygon_osm_admin9","mantaqe_name_fa":"منطقه ۶ شهر کرج","match_name_method":null,"match_spatial_test":null,"match_tier":null,"metric_crs":"EPSG:32639 (UTM 39N) for area/perimeter; representative_point for polygon centroid","nahiye_assignment_method":null,"nahiye_fa":null,"name_en":"Shahrak Taleghani","name_fa":"محله شهرک طالقانی","name_latin":"Mhleh Shhrk Talqany","name_latin_method":"automated_transliteration (rule-based Persian->Latin grapheme mapping, approximate, NOT authoritative; unwritten short vowels not recovered)","name_source":"name","osm_id":8677122,"osm_type":"relation","perimeter_km":1.487839,"place_type":"neighbourhood","point_osm_id":null,"prior_boundary_source":null,"province_fa":"استان البرز","source":"OpenStreetMap via Overpass API (ODbL 1.0) relation/8677122","tentative_match":false,"wikidata":null,"wikipedia":null,"within_municipal_code":null,"within_municipal_code_method":null,"within_municipal_mahalleh":null},"geometry":{"type":"MultiPolygon","coordinates":[[[[50.8932955,35.8747644],[50.8959383,35.8725987],[50.8981573,35.8769439],[50.8957695,35.8776123],[50.8953292,35.8773979],[50.8944717,35.8768564],[50.8932955,35.8747644]]]]}},{"type":"Feature","properties":{"admin_level":11,"admin_level_note":"from OSM boundary=administrative admin_level=11 tag on this feature's own OSM geometry (neighborhood)","area_km2":0.687468,"boundary_iou":null,"boundary_source":"OSM relation/8684023","centroid_lat":35.8176433,"centroid_lon":50.9667516,"city_fa":"کرج","confidence":"confirmed_polygon","data_quality_note":"Neighborhood (محله) boundary from OpenStreetMap; no official municipal polygon layer publicly available for Karaj.","duplicate_of_layer":null,"extraction_date":"2026-08-19","feature_level":"mahalleh","geometry_type":"MultiPolygon","is_duplicate":false,"mantaqe":9,"mantaqe_assignment_method":"point_in_polygon_osm_admin9","mantaqe_name_fa":"منطقه ۹ شهر کرج","match_name_method":null,"match_spatial_test":null,"match_tier":null,"metric_crs":"EPSG:32639 (UTM 39N) for area/perimeter; representative_point for polygon centroid","nahiye_assignment_method":null,"nahiye_fa":null,"name_en":"Mehrvila North","name_fa":"مهرویلا شمالی","name_latin":"Mhrvyla Shmaly","name_latin_method":"automated_transliteration (rule-based Persian->Latin grapheme mapping, approximate, NOT authoritative; unwritten short vowels not recovered)","name_source":"name","osm_id":8684023,"osm_type":"relation","perimeter_km":3.514112,"place_type":"neighbourhood","point_osm_id":null,"prior_boundary_source":null,"province_fa":"استان البرز","source":"OpenStreetMap via Overpass API (ODbL 1.0) relation/8684023","tentative_match":false,"wikidata":null,"wikipedia":null,"within_municipal_code":null,"within_municipal_code_method":null,"within_municipal_mahalleh":null},"geometry":{"type":"MultiPolygon","coordinates":[[[[50.959956,35.8152101],[50.9642495,35.8149903],[50.9646372,35.8149715],[50.9672271,35.8148462],[50.9676601,35.8148064],[50.9685159,35.8146649],[50.9698737,35.8144506],[50.9714491,35.8140151],[50.9715441,35.8141665],[50.9715584,35.8143687],[50.971597,35.8149601],[50.9716108,35.8154369],[50.9716121,35.815484],[50.971661,35.8156421],[50.9720425,35.815807],[50.9724763,35.8159357],[50.9728946,35.8159277],[50.9729204,35.8177617],[50.9729205,35.8178056],[50.9729261,35.819445],[50.9728067,35.8201982],[50.9718916,35.8203384],[50.971097,35.8203603],[50.9660354,35.8204031],[50.9656045,35.8204361],[50.9652548,35.820502],[50.9648808,35.8206009],[50.9645149,35.8207196],[50.963217,35.8212315],[50.962606,35.8214596],[50.9620338,35.8206849],[50.961678,35.8201657],[50.9615747,35.8199904],[50.9611803,35.8192659],[50.960541,35.8175249],[50.9602012,35.8164688],[50.959956,35.8152101]]]]}},{"type":"Feature","properties":{"admin_level":11,"admin_level_note":"from OSM boundary=administrative admin_level=11 tag on this feature's own OSM geometry (neighborhood)","area_km2":0.398758,"boundary_iou":null,"boundary_source":"OSM relation/8684086","centroid_lat":35.8147735,"centroid_lon":50.9760304,"city_fa":"کرج","confidence":"confirmed_polygon","data_quality_note":"Neighborhood (محله) boundary from OpenStreetMap; no official municipal polygon layer publicly available for Karaj.","duplicate_of_layer":null,"extraction_date":"2026-08-19","feature_level":"mahalleh","geometry_type":"MultiPolygon","is_duplicate":false,"mantaqe":9,"mantaqe_assignment_method":"point_in_polygon_osm_admin9","mantaqe_name_fa":"منطقه ۹ شهر کرج","match_name_method":null,"match_spatial_test":null,"match_tier":null,"metric_crs":"EPSG:32639 (UTM 39N) for area/perimeter; representative_point for polygon centroid","nahiye_assignment_method":null,"nahiye_fa":null,"name_en":"Vali asr town","name_fa":"شهرک ولی عصر","name_latin":"Shhrk Vly Asr","name_latin_method":"automated_transliteration (rule-based Persian->Latin grapheme mapping, approximate, NOT authoritative; unwritten short vowels not recovered)","name_source":"name","osm_id":8684086,"osm_type":"relation","perimeter_km":2.514148,"place_type":"neighbourhood","point_osm_id":null,"prior_boundary_source":null,"province_fa":"استان البرز","source":"OpenStreetMap via Overpass API (ODbL 1.0) relation/8684086","tentative_match":false,"wikidata":null,"wikipedia":null,"within_municipal_code":null,"within_municipal_code_method":null,"within_municipal_mahalleh":null},"geometry":{"type":"MultiPolygon","coordinates":[[[[50.9714491,35.8140151],[50.9729249,35.8134819],[50.9743193,35.8129877],[50.9754102,35.8126597],[50.9770648,35.8121487],[50.9776635,35.8119887],[50.9779211,35.8119299],[50.9782194,35.8118853],[50.9786348,35.8118513],[50.9790968,35.8118361],[50.9800409,35.8128947],[50.9803245,35.8132903],[50.9804282,35.8135193],[50.9804552,35.8137548],[50.9805014,35.8145868],[50.9804213,35.8151739],[50.9801841,35.8159884],[50.9797144,35.8172568],[50.9774055,35.817368],[50.9773335,35.8173555],[50.9771796,35.8173803],[50.9768809,35.8174579],[50.9766808,35.8175252],[50.9758332,35.8177406],[50.9748234,35.8177804],[50.9729205,35.8178056],[50.9729204,35.8177617],[50.9728946,35.8159277],[50.9724763,35.8159357],[50.9720425,35.815807],[50.971661,35.8156421],[50.9716121,35.815484],[50.9716108,35.8154369],[50.971597,35.8149601],[50.9715584,35.8143687],[50.9715441,35.8141665],[50.9714491,35.8140151]]]]}},{"type":"Feature","properties":{"admin_level":11,"admin_level_note":"from OSM boundary=administrative admin_level=11 tag on this feature's own OSM geometry (neighborhood)","area_km2":0.999342,"boundary_iou":null,"boundary_source":"OSM relation/8684232","centroid_lat":35.8151561,"centroid_lon":50.9522864,"city_fa":"کرج","confidence":"confirmed_polygon","data_quality_note":"Neighborhood (محله) boundary from OpenStreetMap; no official municipal polygon layer publicly available for Karaj.","duplicate_of_layer":null,"extraction_date":"2026-08-19","feature_level":"mahalleh","geometry_type":"MultiPolygon","is_duplicate":false,"mantaqe":5,"mantaqe_assignment_method":"point_in_polygon_osm_admin9","mantaqe_name_fa":"منطقه ۵ شهر کرج","match_name_method":null,"match_spatial_test":null,"match_tier":null,"metric_crs":"EPSG:32639 (UTM 39N) for area/perimeter; representative_point for polygon centroid","nahiye_assignment_method":null,"nahiye_fa":null,"name_en":"Mehrvila South","name_fa":"مهرویلا جنوبی","name_latin":"Mhrvyla Jnvby","name_latin_method":"automated_transliteration (rule-based Persian->Latin grapheme mapping, approximate, NOT authoritative; unwritten short vowels not recovered)","name_source":"name","osm_id":8684232,"osm_type":"relation","perimeter_km":7.422836,"place_type":"neighbourhood","point_osm_id":null,"prior_boundary_source":null,"province_fa":"استان البرز","source":"OpenStreetMap via Overpass API (ODbL 1.0) relation/8684232","tentative_match":false,"wikidata":null,"wikipedia":null,"within_municipal_code":null,"within_municipal_code_method":null,"within_municipal_mahalleh":null},"geometry":{"type":"MultiPolygon","coordinates":[[[[50.9359039,35.8163949],[50.9376743,35.8161158],[50.939833,35.8157516],[50.9439008,35.8151022],[50.9482564,35.8143184],[50.9500783,35.8138702],[50.9518652,35.8133025],[50.9527628,35.8130145],[50.9540887,35.8124332],[50.9566034,35.8113498],[50.9578513,35.8121599],[50.9593721,35.812179],[50.9606478,35.8122318],[50.962991,35.8122421],[50.9682141,35.8122481],[50.968219,35.8125007],[50.9701265,35.8126567],[50.9733622,35.8128633],[50.9739835,35.8129205],[50.9743193,35.8129877],[50.9729249,35.8134819],[50.9714491,35.8140151],[50.9698737,35.8144506],[50.9685159,35.8146649],[50.9676601,35.8148064],[50.9672271,35.8148462],[50.9646372,35.8149715],[50.9642495,35.8149903],[50.959956,35.8152101],[50.9580058,35.8153555],[50.9570052,35.8154479],[50.9560087,35.8155425],[50.9548607,35.8156512],[50.9536189,35.8157817],[50.9521517,35.8161058],[50.9504271,35.8164886],[50.9486085,35.8168801],[50.9467927,35.8172716],[50.9454006,35.8175391],[50.9437162,35.8177936],[50.9418708,35.8180894],[50.9411171,35.8182199],[50.9394622,35.8185287],[50.9375645,35.818781],[50.9364079,35.8189636],[50.9363995,35.818911],[50.9361793,35.8174825],[50.9360952,35.8169365],[50.9359039,35.8163949]]]]}},{"type":"Feature","properties":{"admin_level":11,"admin_level_note":"from OSM boundary=administrative admin_level=11 tag on this feature's own OSM geometry (neighborhood)","area_km2":0.330158,"boundary_iou":null,"boundary_source":"OSM relation/8684297","centroid_lat":35.8106828,"centroid_lon":50.9740999,"city_fa":"کرج","confidence":"confirmed_polygon","data_quality_note":"Neighborhood (محله) boundary from OpenStreetMap; no official municipal polygon layer publicly available for Karaj.","duplicate_of_layer":null,"extraction_date":"2026-08-19","feature_level":"mahalleh","geometry_type":"MultiPolygon","is_duplicate":false,"mantaqe":9,"mantaqe_assignment_method":"point_in_polygon_osm_admin9","mantaqe_name_fa":"منطقه ۹ شهر کرج","match_name_method":null,"match_spatial_test":null,"match_tier":null,"metric_crs":"EPSG:32639 (UTM 39N) for area/perimeter; representative_point for polygon centroid","nahiye_assignment_method":null,"nahiye_fa":null,"name_en":"Dolat Abad","name_fa":"دولت آباد","name_latin":"Dvlt Abad","name_latin_method":"automated_transliteration (rule-based Persian->Latin grapheme mapping, approximate, NOT authoritative; unwritten short vowels not recovered)","name_source":"name","osm_id":8684297,"osm_type":"relation","perimeter_km":2.541787,"place_type":"neighbourhood","point_osm_id":null,"prior_boundary_source":null,"province_fa":"استان البرز","source":"OpenStreetMap via Overpass API (ODbL 1.0) relation/8684297","tentative_match":false,"wikidata":null,"wikipedia":null,"within_municipal_code":null,"within_municipal_code_method":null,"within_municipal_mahalleh":null},"geometry":{"type":"MultiPolygon","coordinates":[[[[50.9682141,35.8122481],[50.9746224,35.8070386],[50.9747627,35.8069245],[50.9770237,35.8095295],[50.9790968,35.8118361],[50.9786348,35.8118513],[50.9782194,35.8118853],[50.9779211,35.8119299],[50.9776635,35.8119887],[50.9770648,35.8121487],[50.9754102,35.8126597],[50.9743193,35.8129877],[50.9739835,35.8129205],[50.9733622,35.8128633],[50.9701265,35.8126567],[50.968219,35.8125007],[50.9682141,35.8122481]]]]}},{"type":"Feature","properties":{"admin_level":11,"admin_level_note":"from OSM boundary=administrative admin_level=11 tag on this feature's own OSM geometry (neighborhood)","area_km2":1.980512,"boundary_iou":null,"boundary_source":"OSM relation/8684963","centroid_lat":35.8154434,"centroid_lon":50.983922,"city_fa":"کرج","confidence":"confirmed_polygon","data_quality_note":"Neighborhood (محله) boundary from OpenStreetMap; no official municipal polygon layer publicly available for Karaj.","duplicate_of_layer":null,"extraction_date":"2026-08-19","feature_level":"mahalleh","geometry_type":"MultiPolygon","is_duplicate":false,"mantaqe":9,"mantaqe_assignment_method":"point_in_polygon_osm_admin9","mantaqe_name_fa":"منطقه ۹ شهر کرج","match_name_method":null,"match_spatial_test":null,"match_tier":null,"metric_crs":"EPSG:32639 (UTM 39N) for area/perimeter; representative_point for polygon centroid","nahiye_assignment_method":null,"nahiye_fa":null,"name_en":"Chaharsad Dastgah","name_fa":"چهارصد دستگاه","name_latin":"Chharsd Dstgaeh","name_latin_method":"automated_transliteration (rule-based Persian->Latin grapheme mapping, approximate, NOT authoritative; unwritten short vowels not recovered)","name_source":"name","osm_id":8684963,"osm_type":"relation","perimeter_km":7.047041,"place_type":"neighbourhood","point_osm_id":null,"prior_boundary_source":null,"province_fa":"استان البرز","source":"OpenStreetMap via Overpass API (ODbL 1.0) relation/8684963","tentative_match":false,"wikidata":null,"wikipedia":null,"within_municipal_code":null,"within_municipal_code_method":null,"within_municipal_mahalleh":null},"geometry":{"type":"MultiPolygon","coordinates":[[[[50.9728067,35.8201982],[50.9729261,35.819445],[50.9729205,35.8178056],[50.9748234,35.8177804],[50.9758332,35.8177406],[50.9766808,35.8175252],[50.9768809,35.8174579],[50.9771796,35.8173803],[50.9773335,35.8173555],[50.9774055,35.817368],[50.9797144,35.8172568],[50.9801841,35.8159884],[50.9804213,35.8151739],[50.9805014,35.8145868],[50.9804552,35.8137548],[50.9804282,35.8135193],[50.9803245,35.8132903],[50.9800409,35.8128947],[50.9790968,35.8118361],[50.9770237,35.8095295],[50.9747627,35.8069245],[50.977562,35.8048718],[50.9791638,35.8054399],[50.9801305,35.8058111],[50.9814521,35.806273],[50.987231,35.8083713],[50.98759,35.808486],[50.9871206,35.809577],[50.9869727,35.8099893],[50.9868494,35.8103897],[50.9866954,35.8110468],[50.986569,35.8118824],[50.986542,35.8123444],[50.9865899,35.8127597],[50.9866048,35.8128893],[50.9868295,35.813697],[50.9869435,35.8140842],[50.9870391,35.8144315],[50.9871746,35.8148388],[50.9873626,35.8152485],[50.9876399,35.8156383],[50.9880743,35.816091],[50.9887306,35.8166727],[50.989091,35.8171099],[50.9892328,35.8174522],[50.9893252,35.8178969],[50.989319,35.8182692],[50.9892656,35.8186219],[50.9892003,35.8189662],[50.9892704,35.8195966],[50.9894407,35.8200948],[50.9897464,35.8206535],[50.990111,35.8212057],[50.9888012,35.8218879],[50.9874873,35.8225419],[50.9855073,35.8234251],[50.9846192,35.8237345],[50.9830312,35.824285],[50.9811149,35.8248995],[50.9807462,35.8250208],[50.9779264,35.8258474],[50.9774632,35.8253497],[50.9760843,35.8236171],[50.9747179,35.821686],[50.9744364,35.8213786],[50.9742242,35.8211632],[50.9739399,35.8209413],[50.9734893,35.8206542],[50.9731844,35.8204578],[50.9728067,35.8201982]]]]}},{"type":"Feature","properties":{"admin_level":11,"admin_level_note":"from OSM boundary=administrative admin_level=11 tag on this feature's own OSM geometry (neighborhood)","area_km2":0.824815,"boundary_iou":null,"boundary_source":"OSM relation/8685243","centroid_lat":35.8244834,"centroid_lon":50.9708115,"city_fa":"کرج","confidence":"confirmed_polygon","data_quality_note":"Neighborhood (محله) boundary from OpenStreetMap; no official municipal polygon layer publicly available for Karaj.","duplicate_of_layer":null,"extraction_date":"2026-08-19","feature_level":"mahalleh","geometry_type":"MultiPolygon","is_duplicate":false,"mantaqe":9,"mantaqe_assignment_method":"point_in_polygon_osm_admin9","mantaqe_name_fa":"منطقه ۹ شهر کرج","match_name_method":null,"match_spatial_test":null,"match_tier":null,"metric_crs":"EPSG:32639 (UTM 39N) for area/perimeter; representative_point for polygon centroid","nahiye_assignment_method":null,"nahiye_fa":null,"name_en":"Koy Karmandan South","name_fa":"کوی کارمندان جنوبی","name_latin":"Kvy Karmndan Jnvby","name_latin_method":"automated_transliteration (rule-based Persian->Latin grapheme mapping, approximate, NOT authoritative; unwritten short vowels not recovered)","name_source":"name","osm_id":8685243,"osm_type":"relation","perimeter_km":3.719964,"place_type":"neighbourhood","point_osm_id":null,"prior_boundary_source":null,"province_fa":"استان البرز","source":"OpenStreetMap via Overpass API (ODbL 1.0) relation/8685243","tentative_match":false,"wikidata":null,"wikipedia":null,"within_municipal_code":null,"within_municipal_code_method":null,"within_municipal_mahalleh":null},"geometry":{"type":"MultiPolygon","coordinates":[[[[50.962606,35.8214596],[50.963217,35.8212315],[50.9645149,35.8207196],[50.9648808,35.8206009],[50.9652548,35.820502],[50.9656045,35.8204361],[50.9660354,35.8204031],[50.971097,35.8203603],[50.9718916,35.8203384],[50.9728067,35.8201982],[50.9731844,35.8204578],[50.9734893,35.8206542],[50.9739399,35.8209413],[50.9742242,35.8211632],[50.9744364,35.8213786],[50.9747179,35.821686],[50.9760843,35.8236171],[50.9774632,35.8253497],[50.9779264,35.8258474],[50.9777028,35.8259236],[50.9773174,35.8260531],[50.9769044,35.8262164],[50.9766368,35.8263212],[50.9754812,35.8267117],[50.9752583,35.826777],[50.9751476,35.8268095],[50.974976,35.8268598],[50.9742342,35.8270772],[50.9735951,35.8272645],[50.9731719,35.8273886],[50.9698032,35.8283936],[50.9674486,35.8291345],[50.9675125,35.8288349],[50.9675412,35.8285795],[50.9675109,35.828297],[50.9674351,35.8280639],[50.9669895,35.8273937],[50.9665034,35.8267279],[50.9635608,35.822735],[50.962606,35.8214596]]]]}},{"type":"Feature","properties":{"admin_level":11,"admin_level_note":"from OSM boundary=administrative admin_level=11 tag on this feature's own OSM geometry (neighborhood)","area_km2":1.599476,"boundary_iou":null,"boundary_source":"OSM relation/8685356","centroid_lat":35.8277288,"centroid_lon":50.957673,"city_fa":"کرج","confidence":"confirmed_polygon","data_quality_note":"Neighborhood (محله) boundary from OpenStreetMap; no official municipal polygon layer publicly available for Karaj.","duplicate_of_layer":null,"extraction_date":"2026-08-19","feature_level":"mahalleh","geometry_type":"MultiPolygon","is_duplicate":false,"mantaqe":5,"mantaqe_assignment_method":"point_in_polygon_osm_admin9","mantaqe_name_fa":"منطقه ۵ شهر کرج","match_name_method":null,"match_spatial_test":null,"match_tier":null,"metric_crs":"EPSG:32639 (UTM 39N) for area/perimeter; representative_point for polygon centroid","nahiye_assignment_method":null,"nahiye_fa":null,"name_en":"Dehghan Vila","name_fa":"دهقان ویلا","name_latin":"Dhqan Vyla","name_latin_method":"automated_transliteration (rule-based Persian->Latin grapheme mapping, approximate, NOT authoritative; unwritten short vowels not recovered)","name_source":"name","osm_id":8685356,"osm_type":"relation","perimeter_km":5.160384,"place_type":"neighbourhood","point_osm_id":null,"prior_boundary_source":null,"province_fa":"استان البرز","source":"OpenStreetMap via Overpass API (ODbL 1.0) relation/8685356","tentative_match":false,"wikidata":null,"wikipedia":null,"within_municipal_code":null,"within_municipal_code_method":null,"within_municipal_mahalleh":null},"geometry":{"type":"MultiPolygon","coordinates":[[[[50.9473093,35.8247898],[50.9480711,35.8246828],[50.9490565,35.8245048],[50.949331,35.8244544],[50.9513308,35.8240653],[50.956881,35.8228631],[50.9590419,35.8223933],[50.9610107,35.8219886],[50.9618179,35.8217437],[50.962606,35.8214596],[50.9635608,35.822735],[50.9665034,35.8267279],[50.9669895,35.8273937],[50.9674351,35.8280639],[50.9675109,35.828297],[50.9675412,35.8285795],[50.9675125,35.8288349],[50.9674486,35.8291345],[50.9668812,35.8293144],[50.9661963,35.8295242],[50.9656694,35.8296855],[50.9654739,35.8297454],[50.965036,35.8298823],[50.9642658,35.8301231],[50.9638924,35.8302398],[50.9636364,35.8303199],[50.9629534,35.8305338],[50.9628923,35.8305529],[50.9612581,35.8310771],[50.9609065,35.8311899],[50.9605635,35.8312999],[50.960311,35.8313809],[50.960238,35.8314039],[50.9590307,35.8317849],[50.958173,35.8320554],[50.9566478,35.8325244],[50.9549139,35.8330518],[50.9543102,35.8332478],[50.9539655,35.8333543],[50.9504293,35.8344072],[50.9503944,35.8344176],[50.9503224,35.8341302],[50.9502048,35.8338575],[50.9501696,35.8337757],[50.9497458,35.8331451],[50.949699,35.8330668],[50.9496338,35.832958],[50.9495741,35.8328581],[50.9495709,35.8328481],[50.9495404,35.8327532],[50.9494903,35.8325973],[50.9494078,35.8323405],[50.948925,35.8306313],[50.9483027,35.8283436],[50.9477824,35.8264516],[50.9473093,35.8247898]]]]}},{"type":"Feature","properties":{"admin_level":11,"admin_level_note":"from OSM boundary=administrative admin_level=11 tag on this feature's own OSM geometry (neighborhood)","area_km2":1.429406,"boundary_iou":null,"boundary_source":"OSM relation/8685787","centroid_lat":35.8395213,"centroid_lon":50.9514897,"city_fa":"کرج","confidence":"confirmed_polygon","data_quality_note":"Neighborhood (محله) boundary from OpenStreetMap; no official municipal polygon layer publicly available for Karaj.","duplicate_of_layer":null,"extraction_date":"2026-08-19","feature_level":"mahalleh","geometry_type":"MultiPolygon","is_duplicate":false,"mantaqe":6,"mantaqe_assignment_method":"point_in_polygon_osm_admin9","mantaqe_name_fa":"منطقه ۶ شهر کرج","match_name_method":null,"match_spatial_test":null,"match_tier":null,"metric_crs":"EPSG:32639 (UTM 39N) for area/perimeter; representative_point for polygon centroid","nahiye_assignment_method":null,"nahiye_fa":null,"name_en":"Heydar Abad","name_fa":"حیدرآباد","name_latin":"Hydrabad","name_latin_method":"automated_transliteration (rule-based Persian->Latin grapheme mapping, approximate, NOT authoritative; unwritten short vowels not recovered)","name_source":"name","osm_id":8685787,"osm_type":"relation","perimeter_km":4.738386,"place_type":"neighbourhood","point_osm_id":null,"prior_boundary_source":null,"province_fa":"استان البرز","source":"OpenStreetMap via Overpass API (ODbL 1.0) relation/8685787","tentative_match":false,"wikidata":null,"wikipedia":null,"within_municipal_code":null,"within_municipal_code_method":null,"within_municipal_mahalleh":null},"geometry":{"type":"MultiPolygon","coordinates":[[[[50.9426023,35.8369326],[50.9450404,35.836103],[50.9467226,35.8355558],[50.9479663,35.8351404],[50.9503147,35.8344406],[50.9503944,35.8344176],[50.9504293,35.8344072],[50.9539655,35.8333543],[50.9543102,35.8332478],[50.9553879,35.8354712],[50.9588235,35.8382341],[50.9595339,35.8400937],[50.9605982,35.8428797],[50.9594503,35.8432442],[50.9587628,35.8434667],[50.9574225,35.8438003],[50.9569714,35.8438818],[50.9542964,35.8443215],[50.9540204,35.8443707],[50.9513635,35.8448701],[50.9500515,35.8451572],[50.9485011,35.8454948],[50.946661,35.8458554],[50.9457024,35.8438311],[50.9452295,35.8428766],[50.944877,35.8420817],[50.9446143,35.8414962],[50.9443805,35.8409657],[50.9437836,35.8396557],[50.9435449,35.8393868],[50.9430961,35.8387391],[50.9429094,35.8383743],[50.9428029,35.8380063],[50.9426023,35.8369326]]]]}},{"type":"Feature","properties":{"admin_level":11,"admin_level_note":"from OSM boundary=administrative admin_level=11 tag on this feature's own OSM geometry (neighborhood)","area_km2":1.765962,"boundary_iou":null,"boundary_source":"OSM relation/8686117","centroid_lat":35.8357365,"centroid_lon":50.966248,"city_fa":"کرج","confidence":"confirmed_polygon","data_quality_note":"Neighborhood (محله) boundary from OpenStreetMap; no official municipal polygon layer publicly available for Karaj.","duplicate_of_layer":null,"extraction_date":"2026-08-19","feature_level":"mahalleh","geometry_type":"MultiPolygon","is_duplicate":false,"mantaqe":7,"mantaqe_assignment_method":"point_in_polygon_osm_admin9","mantaqe_name_fa":"منطقه ۷ شهر کرج","match_name_method":null,"match_spatial_test":null,"match_tier":null,"metric_crs":"EPSG:32639 (UTM 39N) for area/perimeter; representative_point for polygon centroid","nahiye_assignment_method":null,"nahiye_fa":null,"name_en":"Koy Karmandan North","name_fa":"کوی کارمندان شمالی","name_latin":"Kvy Karmndan Shmaly","name_latin_method":"automated_transliteration (rule-based Persian->Latin grapheme mapping, approximate, NOT authoritative; unwritten short vowels not recovered)","name_source":"name","osm_id":8686117,"osm_type":"relation","perimeter_km":5.583511,"place_type":"neighbourhood","point_osm_id":null,"prior_boundary_source":null,"province_fa":"استان البرز","source":"OpenStreetMap via Overpass API (ODbL 1.0) relation/8686117","tentative_match":false,"wikidata":null,"wikipedia":null,"within_municipal_code":null,"within_municipal_code_method":null,"within_municipal_mahalleh":null},"geometry":{"type":"MultiPolygon","coordinates":[[[[50.9543102,35.8332478],[50.9549139,35.8330518],[50.9566478,35.8325244],[50.958173,35.8320554],[50.9590307,35.8317849],[50.960238,35.8314039],[50.960311,35.8313809],[50.9605635,35.8312999],[50.9609065,35.8311899],[50.9612581,35.8310771],[50.9628923,35.8305529],[50.9629534,35.8305338],[50.9636364,35.8303199],[50.9638924,35.8302398],[50.9642658,35.8301231],[50.965036,35.8298823],[50.9654739,35.8297454],[50.9656694,35.8296855],[50.9661963,35.8295242],[50.9668812,35.8293144],[50.9674486,35.8291345],[50.9698032,35.8283936],[50.9719552,35.8302628],[50.9729396,35.8310088],[50.97359,35.8312691],[50.9744907,35.8315435],[50.974696,35.8317654],[50.975435,35.83349],[50.9757728,35.8342307],[50.9762382,35.8350148],[50.9767034,35.8350052],[50.9768053,35.8360018],[50.9770086,35.8363776],[50.9743535,35.8372527],[50.9739245,35.8371557],[50.9712685,35.8379608],[50.9711002,35.8380088],[50.9702782,35.8381978],[50.9698223,35.838369],[50.9693665,35.838601],[50.9652744,35.8409567],[50.9643412,35.8414779],[50.9633567,35.8419179],[50.9625527,35.8422196],[50.9616431,35.8425517],[50.9605982,35.8428797],[50.9595339,35.8400937],[50.9588235,35.8382341],[50.9553879,35.8354712],[50.9543102,35.8332478]]]]}},{"type":"Feature","properties":{"admin_level":11,"admin_level_note":"from OSM boundary=administrative admin_level=11 tag on this feature's own OSM geometry (neighborhood)","area_km2":0.172709,"boundary_iou":null,"boundary_source":"OSM relation/8687947","centroid_lat":35.8840761,"centroid_lon":50.9509228,"city_fa":"کرج","confidence":"confirmed_polygon","data_quality_note":"Neighborhood (محله) boundary from OpenStreetMap; no official municipal polygon layer publicly available for Karaj.","duplicate_of_layer":null,"extraction_date":"2026-08-19","feature_level":"mahalleh","geometry_type":"MultiPolygon","is_duplicate":false,"mantaqe":6,"mantaqe_assignment_method":"point_in_polygon_osm_admin9","mantaqe_name_fa":"منطقه ۶ شهر کرج","match_name_method":null,"match_spatial_test":null,"match_tier":null,"metric_crs":"EPSG:32639 (UTM 39N) for area/perimeter; representative_point for polygon centroid","nahiye_assignment_method":null,"nahiye_fa":null,"name_en":"Shahrak Bidar Cheshme","name_fa":"مرز شهرک بیدار چشمه","name_latin":"Mrz Shhrk Bydar Chshmeh","name_latin_method":"automated_transliteration (rule-based Persian->Latin grapheme mapping, approximate, NOT authoritative; unwritten short vowels not recovered)","name_source":"name","osm_id":8687947,"osm_type":"relation","perimeter_km":1.692402,"place_type":"neighbourhood","point_osm_id":null,"prior_boundary_source":null,"province_fa":"استان البرز","source":"OpenStreetMap via Overpass API (ODbL 1.0) relation/8687947","tentative_match":false,"wikidata":null,"wikipedia":null,"within_municipal_code":null,"within_municipal_code_method":null,"within_municipal_mahalleh":null},"geometry":{"type":"MultiPolygon","coordinates":[[[[50.9477385,35.8833017],[50.9514243,35.8821643],[50.9539026,35.8838438],[50.9541855,35.8848159],[50.9542358,35.8858166],[50.9514297,35.8855868],[50.9479165,35.8855631],[50.9479165,35.8843085],[50.9477385,35.8833017]]]]}},{"type":"Feature","properties":{"admin_level":11,"admin_level_note":"from OSM boundary=administrative admin_level=11 tag on this feature's own OSM geometry (neighborhood)","area_km2":0.262232,"boundary_iou":null,"boundary_source":"OSM relation/8688013","centroid_lat":35.8458676,"centroid_lon":51.0034863,"city_fa":"کرج","confidence":"confirmed_polygon","data_quality_note":"Neighborhood (محله) boundary from OpenStreetMap; no official municipal polygon layer publicly available for Karaj.","duplicate_of_layer":null,"extraction_date":"2026-08-19","feature_level":"mahalleh","geometry_type":"MultiPolygon","is_duplicate":false,"mantaqe":8,"mantaqe_assignment_method":"point_in_polygon_osm_admin9","mantaqe_name_fa":"منطقه ۸ شهر کرج","match_name_method":null,"match_spatial_test":null,"match_tier":null,"metric_crs":"EPSG:32639 (UTM 39N) for area/perimeter; representative_point for polygon centroid","nahiye_assignment_method":null,"nahiye_fa":null,"name_en":"Shahrak Emam Reza","name_fa":"شهرک امام رضا (ع)","name_latin":"Shhrk Amam Rza A","name_latin_method":"automated_transliteration (rule-based Persian->Latin grapheme mapping, approximate, NOT authoritative; unwritten short vowels not recovered)","name_source":"name","osm_id":8688013,"osm_type":"relation","perimeter_km":2.198768,"place_type":"neighbourhood","point_osm_id":null,"prior_boundary_source":null,"province_fa":"استان البرز","source":"OpenStreetMap via Overpass API (ODbL 1.0) relation/8688013","tentative_match":false,"wikidata":null,"wikipedia":null,"within_municipal_code":null,"within_municipal_code_method":null,"within_municipal_mahalleh":null},"geometry":{"type":"MultiPolygon","coordinates":[[[[50.9990693,35.8446838],[51.0014457,35.8445583],[51.0013948,35.8440814],[51.0031511,35.8439757],[51.0062469,35.8438203],[51.0071967,35.8451593],[51.0073646,35.8453486],[51.0074384,35.8457755],[51.0077035,35.8472188],[51.0038338,35.8474086],[51.0008471,35.8477368],[50.9996557,35.8477924],[50.9995279,35.8459596],[50.9994492,35.8452772],[50.9993504,35.8450335],[50.9990693,35.8446838]]]]}},{"type":"Feature","properties":{"admin_level":11,"admin_level_note":"from OSM boundary=administrative admin_level=11 tag on this feature's own OSM geometry (neighborhood)","area_km2":0.339643,"boundary_iou":null,"boundary_source":"OSM relation/8688058","centroid_lat":35.8415074,"centroid_lon":51.0013588,"city_fa":"کرج","confidence":"confirmed_polygon","data_quality_note":"Neighborhood (محله) boundary from OpenStreetMap; no official municipal polygon layer publicly available for Karaj.","duplicate_of_layer":null,"extraction_date":"2026-08-19","feature_level":"mahalleh","geometry_type":"MultiPolygon","is_duplicate":false,"mantaqe":8,"mantaqe_assignment_method":"point_in_polygon_osm_admin9","mantaqe_name_fa":"منطقه ۸ شهر کرج","match_name_method":null,"match_spatial_test":null,"match_tier":null,"metric_crs":"EPSG:32639 (UTM 39N) for area/perimeter; representative_point for polygon centroid","nahiye_assignment_method":null,"nahiye_fa":null,"name_en":"Shahrak Farhangiyan","name_fa":"شهرک فرهنگیان","name_latin":"Shhrk Frhngyan","name_latin_method":"automated_transliteration (rule-based Persian->Latin grapheme mapping, approximate, NOT authoritative; unwritten short vowels not recovered)","name_source":"name","osm_id":8688058,"osm_type":"relation","perimeter_km":2.452325,"place_type":"neighbourhood","point_osm_id":null,"prior_boundary_source":null,"province_fa":"استان البرز","source":"OpenStreetMap via Overpass API (ODbL 1.0) relation/8688058","tentative_match":false,"wikidata":null,"wikipedia":null,"within_municipal_code":null,"within_municipal_code_method":null,"within_municipal_mahalleh":null},"geometry":{"type":"MultiPolygon","coordinates":[[[[50.997368,35.8424415],[50.9975215,35.8423518],[50.9988475,35.8405657],[50.9997986,35.8393209],[51.0007241,35.8381164],[51.0017534,35.8385798],[51.0022489,35.8388446],[51.0028511,35.8391664],[51.0029268,35.8392689],[51.0039567,35.8406629],[51.0062469,35.8438203],[51.0031511,35.8439757],[51.0013948,35.8440814],[51.0014457,35.8445583],[50.9990693,35.8446838],[50.99876,35.8444808],[50.9985077,35.8443558],[50.9979706,35.8442574],[50.9975514,35.8442408],[50.9975113,35.8434624],[50.997497,35.842909],[50.9974237,35.8426175],[50.997368,35.8424415]]]]}},{"type":"Feature","properties":{"admin_level":11,"admin_level_note":"from OSM boundary=administrative admin_level=11 tag on this feature's own OSM geometry (neighborhood)","area_km2":0.04726,"boundary_iou":null,"boundary_source":"OSM relation/8688215","centroid_lat":35.8638946,"centroid_lon":50.9243496,"city_fa":"کرج","confidence":"confirmed_polygon","data_quality_note":"Neighborhood (محله) boundary from OpenStreetMap; no official municipal polygon layer publicly available for Karaj.","duplicate_of_layer":null,"extraction_date":"2026-08-19","feature_level":"mahalleh","geometry_type":"MultiPolygon","is_duplicate":false,"mantaqe":6,"mantaqe_assignment_method":"point_in_polygon_osm_admin9","mantaqe_name_fa":"منطقه ۶ شهر کرج","match_name_method":null,"match_spatial_test":null,"match_tier":null,"metric_crs":"EPSG:32639 (UTM 39N) for area/perimeter; representative_point for polygon centroid","nahiye_assignment_method":null,"nahiye_fa":null,"name_en":"Shahrak Shahid Ehsani Nejad","name_fa":"شهرک شهید احسانی نژاد","name_latin":"Shhrk Shhyd Ahsany Nzhad","name_latin_method":"automated_transliteration (rule-based Persian->Latin grapheme mapping, approximate, NOT authoritative; unwritten short vowels not recovered)","name_source":"name","osm_id":8688215,"osm_type":"relation","perimeter_km":0.931971,"place_type":"neighbourhood","point_osm_id":null,"prior_boundary_source":null,"province_fa":"استان البرز","source":"OpenStreetMap via Overpass API (ODbL 1.0) relation/8688215","tentative_match":false,"wikidata":null,"wikipedia":null,"within_municipal_code":null,"within_municipal_code_method":null,"within_municipal_mahalleh":null},"geometry":{"type":"MultiPolygon","coordinates":[[[[50.9225733,35.8637716],[50.9256337,35.8626176],[50.9261306,35.8639851],[50.9228794,35.8651058],[50.9225808,35.8638042],[50.9225733,35.8637716]]]]}},{"type":"Feature","properties":{"admin_level":11,"admin_level_note":"from OSM boundary=administrative admin_level=11 tag on this feature's own OSM geometry (neighborhood)","area_km2":0.364303,"boundary_iou":null,"boundary_source":"OSM relation/8688293","centroid_lat":35.862403,"centroid_lon":50.9304734,"city_fa":"کرج","confidence":"confirmed_polygon","data_quality_note":"Neighborhood (محله) boundary from OpenStreetMap; no official municipal polygon layer publicly available for Karaj.","duplicate_of_layer":null,"extraction_date":"2026-08-19","feature_level":"mahalleh","geometry_type":"MultiPolygon","is_duplicate":false,"mantaqe":6,"mantaqe_assignment_method":"point_in_polygon_osm_admin9","mantaqe_name_fa":"منطقه ۶ شهر کرج","match_name_method":null,"match_spatial_test":null,"match_tier":null,"metric_crs":"EPSG:32639 (UTM 39N) for area/perimeter; representative_point for polygon centroid","nahiye_assignment_method":null,"nahiye_fa":null,"name_en":"Shahrak Yas","name_fa":"شهرک یاس","name_latin":"Shhrk Yas","name_latin_method":"automated_transliteration (rule-based Persian->Latin grapheme mapping, approximate, NOT authoritative; unwritten short vowels not recovered)","name_source":"name","osm_id":8688293,"osm_type":"relation","perimeter_km":2.716334,"place_type":"neighbourhood","point_osm_id":null,"prior_boundary_source":null,"province_fa":"استان البرز","source":"OpenStreetMap via Overpass API (ODbL 1.0) relation/8688293","tentative_match":false,"wikidata":null,"wikipedia":null,"within_municipal_code":null,"within_municipal_code_method":null,"within_municipal_mahalleh":null},"geometry":{"type":"MultiPolygon","coordinates":[[[[50.9253242,35.8621884],[50.9289404,35.8608303],[50.9294421,35.8604022],[50.9312394,35.8597222],[50.9325105,35.8592425],[50.933707,35.8600877],[50.9342215,35.860449],[50.9348435,35.8608285],[50.9357895,35.861207],[50.9366857,35.861567],[50.9372261,35.861845],[50.9364828,35.8620732],[50.9334725,35.8630513],[50.9336085,35.8633731],[50.9303416,35.8643424],[50.9279012,35.8653979],[50.9268041,35.8655878],[50.9266625,35.8652704],[50.9266258,35.8651783],[50.9261956,35.8641584],[50.9261306,35.8639851],[50.9256337,35.8626176],[50.9253242,35.8621884]]]]}},{"type":"Feature","properties":{"admin_level":11,"admin_level_note":"from OSM boundary=administrative admin_level=11 tag on this feature's own OSM geometry (neighborhood)","area_km2":0.258126,"boundary_iou":null,"boundary_source":"OSM relation/8688314","centroid_lat":35.8657985,"centroid_lon":50.9366883,"city_fa":"کرج","confidence":"confirmed_polygon","data_quality_note":"Neighborhood (محله) boundary from OpenStreetMap; no official municipal polygon layer publicly available for Karaj.","duplicate_of_layer":null,"extraction_date":"2026-08-19","feature_level":"mahalleh","geometry_type":"MultiPolygon","is_duplicate":false,"mantaqe":6,"mantaqe_assignment_method":"point_in_polygon_osm_admin9","mantaqe_name_fa":"منطقه ۶ شهر کرج","match_name_method":null,"match_spatial_test":null,"match_tier":null,"metric_crs":"EPSG:32639 (UTM 39N) for area/perimeter; representative_point for polygon centroid","nahiye_assignment_method":null,"nahiye_fa":null,"name_en":null,"name_fa":"شهرک یاس شمالی","name_latin":"Shhrk Yas Shmaly","name_latin_method":"automated_transliteration (rule-based Persian->Latin grapheme mapping, approximate, NOT authoritative; unwritten short vowels not recovered)","name_source":"name","osm_id":8688314,"osm_type":"relation","perimeter_km":2.192912,"place_type":"neighbourhood","point_osm_id":null,"prior_boundary_source":null,"province_fa":"استان البرز","source":"OpenStreetMap via Overpass API (ODbL 1.0) relation/8688314","tentative_match":false,"wikidata":null,"wikipedia":null,"within_municipal_code":null,"within_municipal_code_method":null,"within_municipal_mahalleh":null},"geometry":{"type":"MultiPolygon","coordinates":[[[[50.9336085,35.8633731],[50.9334725,35.8630513],[50.9364828,35.8620732],[50.9372261,35.861845],[50.9387158,35.8622423],[50.9394317,35.862287],[50.9401989,35.8640815],[50.938292,35.8644561],[50.9392773,35.867141],[50.9354474,35.8679087],[50.9336085,35.8633731]]]]}},{"type":"Feature","properties":{"admin_level":11,"admin_level_note":"from OSM boundary=administrative admin_level=11 tag on this feature's own OSM geometry (neighborhood)","area_km2":0.609961,"boundary_iou":null,"boundary_source":"OSM relation/8688512","centroid_lat":35.8397606,"centroid_lon":50.9762306,"city_fa":"کرج","confidence":"confirmed_polygon","data_quality_note":"Neighborhood (محله) boundary from OpenStreetMap; no official municipal polygon layer publicly available for Karaj.","duplicate_of_layer":null,"extraction_date":"2026-08-19","feature_level":"mahalleh","geometry_type":"MultiPolygon","is_duplicate":false,"mantaqe":8,"mantaqe_assignment_method":"point_in_polygon_osm_admin9","mantaqe_name_fa":"منطقه ۸ شهر کرج","match_name_method":null,"match_spatial_test":null,"match_tier":null,"metric_crs":"EPSG:32639 (UTM 39N) for area/perimeter; representative_point for polygon centroid","nahiye_assignment_method":null,"nahiye_fa":null,"name_en":"Kooye Etehad","name_fa":"کوی اتحاد","name_latin":"Kvy Athad","name_latin_method":"automated_transliteration (rule-based Persian->Latin grapheme mapping, approximate, NOT authoritative; unwritten short vowels not recovered)","name_source":"name","osm_id":8688512,"osm_type":"relation","perimeter_km":3.113195,"place_type":"neighbourhood","point_osm_id":null,"prior_boundary_source":null,"province_fa":"استان البرز","source":"OpenStreetMap via Overpass API (ODbL 1.0) relation/8688512","tentative_match":false,"wikidata":null,"wikipedia":null,"within_municipal_code":null,"within_municipal_code_method":null,"within_municipal_mahalleh":null},"geometry":{"type":"MultiPolygon","coordinates":[[[[50.9711002,35.8380088],[50.9712685,35.8379608],[50.9739245,35.8371557],[50.9743535,35.8372527],[50.9770086,35.8363776],[50.9779823,35.8360994],[50.9785723,35.8360532],[50.978748,35.836067],[50.9789048,35.8361822],[50.9790353,35.8362342],[50.9796136,35.8366377],[50.9799316,35.8372948],[50.9802435,35.8379248],[50.9805039,35.8383994],[50.98174,35.8408127],[50.9817977,35.8409475],[50.9818388,35.8412095],[50.9818626,35.8416805],[50.9809721,35.8419442],[50.9806582,35.8420164],[50.9793004,35.8423001],[50.9780555,35.8425742],[50.9772899,35.8428138],[50.976821,35.8429766],[50.9761618,35.8432444],[50.9756271,35.8434911],[50.9749666,35.8437641],[50.9745624,35.8438585],[50.9741789,35.8438927],[50.9727039,35.8438885],[50.97207,35.8440036],[50.9713471,35.8441363],[50.9713532,35.8437502],[50.9713228,35.8433984],[50.9712909,35.8424025],[50.9713065,35.8423035],[50.9713328,35.8422131],[50.9713472,35.8419987],[50.9713235,35.8417702],[50.9712988,35.8415457],[50.971296,35.8410815],[50.9712954,35.8406368],[50.9713101,35.840386],[50.9713169,35.8402688],[50.9713059,35.8401707],[50.9712142,35.8393505],[50.9711002,35.8380088]]]]}},{"type":"Feature","properties":{"admin_level":11,"admin_level_note":"from OSM boundary=administrative admin_level=11 tag on this feature's own OSM geometry (neighborhood)","area_km2":0.660245,"boundary_iou":null,"boundary_source":"OSM relation/8688604","centroid_lat":35.842353,"centroid_lon":50.966743,"city_fa":"کرج","confidence":"confirmed_polygon","data_quality_note":"Neighborhood (محله) boundary from OpenStreetMap; no official municipal polygon layer publicly available for Karaj.","duplicate_of_layer":null,"extraction_date":"2026-08-19","feature_level":"mahalleh","geometry_type":"MultiPolygon","is_duplicate":false,"mantaqe":7,"mantaqe_assignment_method":"point_in_polygon_osm_admin9","mantaqe_name_fa":"منطقه ۷ شهر کرج","match_name_method":null,"match_spatial_test":null,"match_tier":null,"metric_crs":"EPSG:32639 (UTM 39N) for area/perimeter; representative_point for polygon centroid","nahiye_assignment_method":null,"nahiye_fa":null,"name_en":"Kooye Ghaem","name_fa":"کوی قائم","name_latin":"Kvy Qaym","name_latin_method":"automated_transliteration (rule-based Persian->Latin grapheme mapping, approximate, NOT authoritative; unwritten short vowels not recovered)","name_source":"name","osm_id":8688604,"osm_type":"relation","perimeter_km":4.419841,"place_type":"neighbourhood","point_osm_id":null,"prior_boundary_source":null,"province_fa":"استان البرز","source":"OpenStreetMap via Overpass API (ODbL 1.0) relation/8688604","tentative_match":false,"wikidata":null,"wikipedia":null,"within_municipal_code":null,"within_municipal_code_method":null,"within_municipal_mahalleh":null},"geometry":{"type":"MultiPolygon","coordinates":[[[[50.9539621,35.8462967],[50.9539207,35.8458485],[50.9539141,35.8455786],[50.953928,35.8451851],[50.9540204,35.8443707],[50.9542964,35.8443215],[50.9569714,35.8438818],[50.9574225,35.8438003],[50.9587628,35.8434667],[50.9594503,35.8432442],[50.9605982,35.8428797],[50.9616431,35.8425517],[50.9625527,35.8422196],[50.9633567,35.8419179],[50.9643412,35.8414779],[50.9652744,35.8409567],[50.9693665,35.838601],[50.9698223,35.838369],[50.9702782,35.8381978],[50.9711002,35.8380088],[50.9712142,35.8393505],[50.9713059,35.8401707],[50.9713169,35.8402688],[50.9713101,35.840386],[50.9712954,35.8406368],[50.971296,35.8410815],[50.9712988,35.8415457],[50.9713235,35.8417702],[50.9713472,35.8419987],[50.9713328,35.8422131],[50.9713065,35.8423035],[50.9712909,35.8424025],[50.9713228,35.8433984],[50.9713532,35.8437502],[50.9713471,35.8441363],[50.9710046,35.8442306],[50.9705516,35.8443802],[50.9677055,35.8454488],[50.9672715,35.8455521],[50.9669686,35.8455771],[50.9668186,35.8456021],[50.9657105,35.8462914],[50.9643884,35.846633],[50.9639056,35.8464474],[50.9630352,35.8445734],[50.9587151,35.8457129],[50.9565815,35.8460237],[50.9539621,35.8462967]]]]}},{"type":"Feature","properties":{"admin_level":11,"admin_level_note":"from OSM boundary=administrative admin_level=11 tag on this feature's own OSM geometry (neighborhood)","area_km2":0.451488,"boundary_iou":null,"boundary_source":"OSM relation/8688624","centroid_lat":35.8486978,"centroid_lon":50.9645957,"city_fa":"کرج","confidence":"confirmed_polygon","data_quality_note":"Neighborhood (محله) boundary from OpenStreetMap; no official municipal polygon layer publicly available for Karaj.","duplicate_of_layer":null,"extraction_date":"2026-08-19","feature_level":"mahalleh","geometry_type":"MultiPolygon","is_duplicate":false,"mantaqe":7,"mantaqe_assignment_method":"point_in_polygon_osm_admin9","mantaqe_name_fa":"منطقه ۷ شهر کرج","match_name_method":null,"match_spatial_test":null,"match_tier":null,"metric_crs":"EPSG:32639 (UTM 39N) for area/perimeter; representative_point for polygon centroid","nahiye_assignment_method":null,"nahiye_fa":null,"name_en":"oqafi","name_fa":"اوقافی","name_latin":"Avqafy","name_latin_method":"automated_transliteration (rule-based Persian->Latin grapheme mapping, approximate, NOT authoritative; unwritten short vowels not recovered)","name_source":"name","osm_id":8688624,"osm_type":"relation","perimeter_km":3.312258,"place_type":"neighbourhood","point_osm_id":null,"prior_boundary_source":null,"province_fa":"استان البرز","source":"OpenStreetMap via Overpass API (ODbL 1.0) relation/8688624","tentative_match":false,"wikidata":null,"wikipedia":null,"within_municipal_code":null,"within_municipal_code_method":null,"within_municipal_mahalleh":null},"geometry":{"type":"MultiPolygon","coordinates":[[[[50.9587151,35.8457129],[50.9630352,35.8445734],[50.9639056,35.8464474],[50.9643884,35.846633],[50.9657105,35.8462914],[50.9668186,35.8456021],[50.9669686,35.8455771],[50.9672715,35.8455521],[50.9677055,35.8454488],[50.9705516,35.8443802],[50.9710046,35.8442306],[50.9713471,35.8441363],[50.9712318,35.8443212],[50.971095,35.8444757],[50.970975,35.8446208],[50.9704356,35.8454353],[50.9675608,35.8498707],[50.9673692,35.8499844],[50.9671858,35.8500931],[50.962581,35.8514467],[50.9614541,35.8496694],[50.9602868,35.8477262],[50.9591925,35.8467957],[50.9587151,35.8457129]]]]}},{"type":"Feature","properties":{"admin_level":11,"admin_level_note":"from OSM boundary=administrative admin_level=11 tag on this feature's own OSM geometry (neighborhood)","area_km2":1.87938,"boundary_iou":null,"boundary_source":"OSM relation/8688668","centroid_lat":35.8530698,"centroid_lon":50.9762339,"city_fa":"کرج","confidence":"confirmed_polygon","data_quality_note":"Neighborhood (محله) boundary from OpenStreetMap; no official municipal polygon layer publicly available for Karaj.","duplicate_of_layer":null,"extraction_date":"2026-08-19","feature_level":"mahalleh","geometry_type":"MultiPolygon","is_duplicate":false,"mantaqe":7,"mantaqe_assignment_method":"point_in_polygon_osm_admin9","mantaqe_name_fa":"منطقه ۷ شهر کرج","match_name_method":null,"match_spatial_test":null,"match_tier":null,"metric_crs":"EPSG:32639 (UTM 39N) for area/perimeter; representative_point for polygon centroid","nahiye_assignment_method":null,"nahiye_fa":null,"name_en":"Rajaei Shahr (Gohardasht)","name_fa":"رجایی شهر (گوهردشت)","name_latin":"Rjayy Shhr Gvhrdsht","name_latin_method":"automated_transliteration (rule-based Persian->Latin grapheme mapping, approximate, NOT authoritative; unwritten short vowels not recovered)","name_source":"name","osm_id":8688668,"osm_type":"relation","perimeter_km":5.740083,"place_type":"neighbourhood","point_osm_id":null,"prior_boundary_source":null,"province_fa":"استان البرز","source":"OpenStreetMap via Overpass API (ODbL 1.0) relation/8688668","tentative_match":false,"wikidata":"Q10869212","wikipedia":null,"within_municipal_code":null,"within_municipal_code_method":null,"within_municipal_mahalleh":null},"geometry":{"type":"MultiPolygon","coordinates":[[[[50.9673692,35.8499844],[50.9675608,35.8498707],[50.9704356,35.8454353],[50.970975,35.8446208],[50.971095,35.8444757],[50.9712318,35.8443212],[50.9713471,35.8441363],[50.97207,35.8440036],[50.9727039,35.8438885],[50.9741789,35.8438927],[50.9745624,35.8438585],[50.9749666,35.8437641],[50.9756271,35.8434911],[50.9761618,35.8432444],[50.976821,35.8429766],[50.9772899,35.8428138],[50.9777639,35.8434896],[50.9794833,35.8459119],[50.9819091,35.8492962],[50.9822364,35.8497236],[50.9833293,35.8512363],[50.9836278,35.8515196],[50.9836123,35.8515496],[50.9832334,35.8522821],[50.9826744,35.8534347],[50.9821506,35.8545575],[50.9819942,35.8548927],[50.9811086,35.856894],[50.9805482,35.858175],[50.9805046,35.8582746],[50.9802568,35.8588248],[50.9799985,35.8595526],[50.9799687,35.8596473],[50.9797217,35.8604304],[50.9795351,35.8611858],[50.9793151,35.8617336],[50.9791595,35.8620415],[50.9790053,35.86226],[50.9783576,35.8630348],[50.9779259,35.8635198],[50.9775893,35.8638957],[50.9774771,35.8640122],[50.9774208,35.8639392],[50.9751677,35.8608004],[50.9729254,35.857657],[50.971815,35.8561136],[50.9693527,35.8527048],[50.9673692,35.8499844]]]]}},{"type":"Feature","properties":{"admin_level":11,"admin_level_note":"from OSM boundary=administrative admin_level=11 tag on this feature's own OSM geometry (neighborhood)","area_km2":1.614412,"boundary_iou":null,"boundary_source":"OSM relation/8688970","centroid_lat":35.8567296,"centroid_lon":50.9433465,"city_fa":"کرج","confidence":"confirmed_polygon","data_quality_note":"Neighborhood (محله) boundary from OpenStreetMap; no official municipal polygon layer publicly available for Karaj.","duplicate_of_layer":null,"extraction_date":"2026-08-19","feature_level":"mahalleh","geometry_type":"MultiPolygon","is_duplicate":false,"mantaqe":6,"mantaqe_assignment_method":"point_in_polygon_osm_admin9","mantaqe_name_fa":"منطقه ۶ شهر کرج","match_name_method":null,"match_spatial_test":null,"match_tier":null,"metric_crs":"EPSG:32639 (UTM 39N) for area/perimeter; representative_point for polygon centroid","nahiye_assignment_method":null,"nahiye_fa":null,"name_en":"bonyad","name_fa":"بنیاد","name_latin":"Bnyad","name_latin_method":"automated_transliteration (rule-based Persian->Latin grapheme mapping, approximate, NOT authoritative; unwritten short vowels not recovered)","name_source":"name","osm_id":8688970,"osm_type":"relation","perimeter_km":7.252607,"place_type":"neighbourhood","point_osm_id":null,"prior_boundary_source":null,"province_fa":"استان البرز","source":"OpenStreetMap via Overpass API (ODbL 1.0) relation/8688970","tentative_match":false,"wikidata":null,"wikipedia":null,"within_municipal_code":null,"within_municipal_code_method":null,"within_municipal_mahalleh":null},"geometry":{"type":"MultiPolygon","coordinates":[[[[50.9369723,35.8515837],[50.9393478,35.8496507],[50.940391,35.8487836],[50.9408466,35.8484398],[50.9415639,35.8478971],[50.942342,35.8473074],[50.9469643,35.849957],[50.9470165,35.8503353],[50.9470688,35.8505396],[50.9470125,35.8508266],[50.9469897,35.8510255],[50.9469347,35.8514712],[50.946873,35.851956],[50.9468261,35.8522952],[50.9467899,35.8526517],[50.9467671,35.8530669],[50.9467751,35.8532702],[50.9468824,35.8535974],[50.9469884,35.8538691],[50.9470501,35.8539811],[50.9473518,35.8545213],[50.9476536,35.8550529],[50.9479727,35.85563],[50.9481136,35.8558844],[50.9490353,35.8575748],[50.9506752,35.8604814],[50.9520894,35.8631692],[50.9542907,35.8673715],[50.9583774,35.8661494],[50.9553707,35.8674708],[50.953909,35.8676643],[50.9483785,35.864226],[50.9466511,35.8638521],[50.9456911,35.8637335],[50.9420109,35.8624],[50.9401277,35.8622482],[50.9394317,35.862287],[50.9387158,35.8622423],[50.9372261,35.861845],[50.9401798,35.8607694],[50.9389066,35.8583117],[50.9370554,35.8545956],[50.9383856,35.8541062],[50.9369723,35.8515837]]]]}},{"type":"Feature","properties":{"admin_level":11,"admin_level_note":"from OSM boundary=administrative admin_level=11 tag on this feature's own OSM geometry (neighborhood)","area_km2":2.086533,"boundary_iou":null,"boundary_source":"OSM relation/8688993","centroid_lat":35.8557572,"centroid_lon":50.9534428,"city_fa":"کرج","confidence":"confirmed_polygon","data_quality_note":"Neighborhood (محله) boundary from OpenStreetMap; no official municipal polygon layer publicly available for Karaj.","duplicate_of_layer":null,"extraction_date":"2026-08-19","feature_level":"mahalleh","geometry_type":"MultiPolygon","is_duplicate":false,"mantaqe":6,"mantaqe_assignment_method":"point_in_polygon_osm_admin9","mantaqe_name_fa":"منطقه ۶ شهر کرج","match_name_method":null,"match_spatial_test":null,"match_tier":null,"metric_crs":"EPSG:32639 (UTM 39N) for area/perimeter; representative_point for polygon centroid","nahiye_assignment_method":null,"nahiye_fa":null,"name_en":"shahin vila","name_fa":"صوفی آباد","name_latin":"Svfy Abad","name_latin_method":"automated_transliteration (rule-based Persian->Latin grapheme mapping, approximate, NOT authoritative; unwritten short vowels not recovered)","name_source":"name","osm_id":8688993,"osm_type":"relation","perimeter_km":6.780116,"place_type":"neighbourhood","point_osm_id":null,"prior_boundary_source":null,"province_fa":"استان البرز","source":"OpenStreetMap via Overpass API (ODbL 1.0) relation/8688993","tentative_match":false,"wikidata":null,"wikipedia":null,"within_municipal_code":null,"within_municipal_code_method":null,"within_municipal_mahalleh":null},"geometry":{"type":"MultiPolygon","coordinates":[[[[50.942342,35.8473074],[50.9426277,35.8471295],[50.9436758,35.8466433],[50.9446094,35.8463008],[50.9450211,35.8461638],[50.9455578,35.8460365],[50.945908,35.8459709],[50.946661,35.8458554],[50.9485011,35.8454948],[50.9500515,35.8451572],[50.9513635,35.8448701],[50.9540204,35.8443707],[50.953928,35.8451851],[50.9539141,35.8455786],[50.9539207,35.8458485],[50.9539621,35.8462967],[50.9540062,35.8470548],[50.9540206,35.847214],[50.9542105,35.8474579],[50.9545298,35.847868],[50.9548912,35.8484688],[50.9558176,35.8501713],[50.9566519,35.8517196],[50.9574513,35.8531405],[50.957483,35.8532006],[50.9575854,35.8533943],[50.9581039,35.8543796],[50.9604805,35.8588122],[50.9606746,35.8591759],[50.9609153,35.8596962],[50.9612651,35.8607754],[50.9613468,35.8610503],[50.9618248,35.8632871],[50.9613045,35.8634848],[50.9599725,35.8646693],[50.9583774,35.8661494],[50.9542907,35.8673715],[50.9520894,35.8631692],[50.9506752,35.8604814],[50.9490353,35.8575748],[50.9481136,35.8558844],[50.9479727,35.85563],[50.9476536,35.8550529],[50.9473518,35.8545213],[50.9470501,35.8539811],[50.9469884,35.8538691],[50.9468824,35.8535974],[50.9467751,35.8532702],[50.9467671,35.8530669],[50.9467899,35.8526517],[50.9468261,35.8522952],[50.946873,35.851956],[50.9469347,35.8514712],[50.9469897,35.8510255],[50.9470125,35.8508266],[50.9470688,35.8505396],[50.9470165,35.8503353],[50.9469643,35.849957],[50.942342,35.8473074]]]]}},{"type":"Feature","properties":{"admin_level":11,"admin_level_note":"from OSM boundary=administrative admin_level=11 tag on this feature's own OSM geometry (neighborhood)","area_km2":0.120698,"boundary_iou":null,"boundary_source":"OSM relation/8689080","centroid_lat":35.8523505,"centroid_lon":50.9395057,"city_fa":"کرج","confidence":"confirmed_polygon","data_quality_note":"Neighborhood (محله) boundary from OpenStreetMap; no official municipal polygon layer publicly available for Karaj.","duplicate_of_layer":null,"extraction_date":"2026-08-19","feature_level":"mahalleh","geometry_type":"MultiPolygon","is_duplicate":false,"mantaqe":6,"mantaqe_assignment_method":"point_in_polygon_osm_admin9","mantaqe_name_fa":"منطقه ۶ شهر کرج","match_name_method":null,"match_spatial_test":null,"match_tier":null,"metric_crs":"EPSG:32639 (UTM 39N) for area/perimeter; representative_point for polygon centroid","nahiye_assignment_method":null,"nahiye_fa":null,"name_en":null,"name_fa":"شهرک رازی","name_latin":"Shhrk Razy","name_latin_method":"automated_transliteration (rule-based Persian->Latin grapheme mapping, approximate, NOT authoritative; unwritten short vowels not recovered)","name_source":"name","osm_id":8689080,"osm_type":"relation","perimeter_km":1.377529,"place_type":"neighbourhood","point_osm_id":null,"prior_boundary_source":null,"province_fa":"استان البرز","source":"OpenStreetMap via Overpass API (ODbL 1.0) relation/8689080","tentative_match":false,"wikidata":null,"wikipedia":null,"within_municipal_code":null,"within_municipal_code_method":null,"within_municipal_mahalleh":null},"geometry":{"type":"MultiPolygon","coordinates":[[[[50.9369723,35.8515837],[50.9393478,35.8496507],[50.9405177,35.850852],[50.9409019,35.8512799],[50.9413701,35.8518441],[50.941849,35.8528568],[50.9383856,35.8541062],[50.9369723,35.8515837]]]]}},{"type":"Feature","properties":{"admin_level":11,"admin_level_note":"from OSM boundary=administrative admin_level=11 tag on this feature's own OSM geometry (neighborhood)","area_km2":0.10175,"boundary_iou":null,"boundary_source":"OSM relation/8689093","centroid_lat":35.8536839,"centroid_lon":50.9362601,"city_fa":"کرج","confidence":"confirmed_polygon","data_quality_note":"Neighborhood (محله) boundary from OpenStreetMap; no official municipal polygon layer publicly available for Karaj.","duplicate_of_layer":null,"extraction_date":"2026-08-19","feature_level":"mahalleh","geometry_type":"MultiPolygon","is_duplicate":false,"mantaqe":6,"mantaqe_assignment_method":"point_in_polygon_osm_admin9","mantaqe_name_fa":"منطقه ۶ شهر کرج","match_name_method":null,"match_spatial_test":null,"match_tier":null,"metric_crs":"EPSG:32639 (UTM 39N) for area/perimeter; representative_point for polygon centroid","nahiye_assignment_method":null,"nahiye_fa":null,"name_en":"Shahrak Shardari","name_fa":"شهرک شهرداری","name_latin":"Shhrk Shhrdary","name_latin_method":"automated_transliteration (rule-based Persian->Latin grapheme mapping, approximate, NOT authoritative; unwritten short vowels not recovered)","name_source":"name","osm_id":8689093,"osm_type":"relation","perimeter_km":1.411487,"place_type":"neighbourhood","point_osm_id":null,"prior_boundary_source":null,"province_fa":"استان البرز","source":"OpenStreetMap via Overpass API (ODbL 1.0) relation/8689093","tentative_match":false,"wikidata":null,"wikipedia":null,"within_municipal_code":null,"within_municipal_code_method":null,"within_municipal_mahalleh":null},"geometry":{"type":"MultiPolygon","coordinates":[[[[50.9327015,35.8550543],[50.9348857,35.8532617],[50.9369723,35.8515837],[50.9383856,35.8541062],[50.9370554,35.8545956],[50.9358534,35.8549938],[50.9356003,35.8550791],[50.9349239,35.855285],[50.9342473,35.8554703],[50.9341052,35.8554947],[50.933963,35.8555046],[50.9338244,35.8555132],[50.9336822,35.8555074],[50.9335358,35.8554899],[50.9334,35.8554553],[50.9332711,35.8554219],[50.9331458,35.8553684],[50.9327015,35.8550543]]]]}},{"type":"Feature","properties":{"admin_level":11,"admin_level_note":"from OSM boundary=administrative admin_level=11 tag on this feature's own OSM geometry (neighborhood)","area_km2":0.602769,"boundary_iou":null,"boundary_source":"OSM relation/8689117","centroid_lat":35.8627846,"centroid_lon":50.9474797,"city_fa":"کرج","confidence":"confirmed_polygon","data_quality_note":"Neighborhood (محله) boundary from OpenStreetMap; no official municipal polygon layer publicly available for Karaj.","duplicate_of_layer":null,"extraction_date":"2026-08-19","feature_level":"mahalleh","geometry_type":"MultiPolygon","is_duplicate":false,"mantaqe":6,"mantaqe_assignment_method":"point_in_polygon_osm_admin9","mantaqe_name_fa":"منطقه ۶ شهر کرج","match_name_method":null,"match_spatial_test":null,"match_tier":null,"metric_crs":"EPSG:32639 (UTM 39N) for area/perimeter; representative_point for polygon centroid","nahiye_assignment_method":null,"nahiye_fa":null,"name_en":"Shahrak Zafar","name_fa":"شهرک ظفر","name_latin":"Shhrk Zfr","name_latin_method":"automated_transliteration (rule-based Persian->Latin grapheme mapping, approximate, NOT authoritative; unwritten short vowels not recovered)","name_source":"name","osm_id":8689117,"osm_type":"relation","perimeter_km":4.868838,"place_type":"neighbourhood","point_osm_id":null,"prior_boundary_source":null,"province_fa":"استان البرز","source":"OpenStreetMap via Overpass API (ODbL 1.0) relation/8689117","tentative_match":false,"wikidata":null,"wikipedia":null,"within_municipal_code":null,"within_municipal_code_method":null,"within_municipal_mahalleh":null},"geometry":{"type":"MultiPolygon","coordinates":[[[[50.9372261,35.861845],[50.9401798,35.8607694],[50.9490353,35.8575748],[50.9506752,35.8604814],[50.9520894,35.8631692],[50.9542907,35.8673715],[50.9583774,35.8661494],[50.9553707,35.8674708],[50.953909,35.8676643],[50.9483785,35.864226],[50.9466511,35.8638521],[50.9456911,35.8637335],[50.9420109,35.8624],[50.9401277,35.8622482],[50.9394317,35.862287],[50.9387158,35.8622423],[50.9372261,35.861845]]]]}},{"type":"Feature","properties":{"admin_level":11,"admin_level_note":"from OSM boundary=administrative admin_level=11 tag on this feature's own OSM geometry (neighborhood)","area_km2":5.00424,"boundary_iou":null,"boundary_source":"OSM relation/8689209","centroid_lat":35.837634,"centroid_lon":51.0157095,"city_fa":"کرج","confidence":"confirmed_polygon","data_quality_note":"Neighborhood (محله) boundary from OpenStreetMap; no official municipal polygon layer publicly available for Karaj.","duplicate_of_layer":null,"extraction_date":"2026-08-19","feature_level":"mahalleh","geometry_type":"MultiPolygon","is_duplicate":false,"mantaqe":1,"mantaqe_assignment_method":"point_in_polygon_osm_admin9","mantaqe_name_fa":"منطقه ۱ شهر کرج","match_name_method":null,"match_spatial_test":null,"match_tier":null,"metric_crs":"EPSG:32639 (UTM 39N) for area/perimeter; representative_point for polygon centroid","nahiye_assignment_method":null,"nahiye_fa":null,"name_en":"Azimieh","name_fa":"عظیمیه","name_latin":"Azymyeh","name_latin_method":"automated_transliteration (rule-based Persian->Latin grapheme mapping, approximate, NOT authoritative; unwritten short vowels not recovered)","name_source":"name","osm_id":8689209,"osm_type":"relation","perimeter_km":9.861403,"place_type":"neighbourhood","point_osm_id":null,"prior_boundary_source":null,"province_fa":"استان البرز","source":"OpenStreetMap via Overpass API (ODbL 1.0) relation/8689209","tentative_match":false,"wikidata":"Q25433637","wikipedia":null,"within_municipal_code":null,"within_municipal_code_method":null,"within_municipal_mahalleh":null},"geometry":{"type":"MultiPolygon","coordinates":[[[[50.9983097,35.8313515],[50.9985491,35.831239],[50.9987017,35.8311867],[50.9996985,35.8310453],[51.0015582,35.8309464],[51.0024552,35.8309485],[51.0027549,35.8309489],[51.0050454,35.8308562],[51.0080309,35.8307547],[51.0081905,35.8292293],[51.0082644,35.8291793],[51.0082772,35.828537],[51.0083355,35.8283533],[51.0084536,35.8282969],[51.0107476,35.8282431],[51.0124799,35.8281881],[51.0132275,35.8281854],[51.0143343,35.8281813],[51.0150261,35.8281766],[51.0152658,35.8281675],[51.0178447,35.8280693],[51.0194079,35.8280096],[51.0191756,35.8251743],[51.0201129,35.8258913],[51.0209226,35.8265013],[51.0210916,35.8265928],[51.0212637,35.8267482],[51.0215488,35.8269861],[51.022936,35.828012],[51.0235962,35.8283055],[51.0242244,35.8284725],[51.0248521,35.8285736],[51.0268619,35.8289662],[51.0281526,35.8295072],[51.0283478,35.8295754],[51.0298823,35.8301241],[51.0313854,35.8303807],[51.0327179,35.8306132],[51.0327573,35.8324122],[51.0327092,35.8329466],[51.0323198,35.8332278],[51.0316474,35.8334803],[51.0310875,35.8334788],[51.0311554,35.834033],[51.0308121,35.8359466],[51.0300729,35.838509],[51.0290255,35.84286],[51.0203478,35.8479548],[51.0179042,35.8495285],[51.0165401,35.8502976],[51.0135316,35.8481604],[51.0122815,35.8470023],[51.0077035,35.8472188],[51.0074384,35.8457755],[51.0073646,35.8453486],[51.0071967,35.8451593],[51.0062469,35.8438203],[51.0039567,35.8406629],[51.0029268,35.8392689],[51.0028511,35.8391664],[51.0022489,35.8388446],[51.0017534,35.8385798],[51.0007241,35.8381164],[51.0014633,35.8371517],[51.0017481,35.8368436],[51.0024841,35.8361429],[51.0025572,35.8360727],[51.0019056,35.8353943],[51.0005213,35.8338243],[51.0002582,35.8335325],[50.999926,35.8331188],[50.9990536,35.8321167],[50.998794,35.8318491],[50.9983097,35.8313515]]]]}},{"type":"Feature","properties":{"admin_level":11,"admin_level_note":"from OSM boundary=administrative admin_level=11 tag on this feature's own OSM geometry (neighborhood)","area_km2":1.658009,"boundary_iou":null,"boundary_source":"OSM relation/8689251","centroid_lat":35.7849688,"centroid_lon":51.0359088,"city_fa":"کرج","confidence":"confirmed_polygon","data_quality_note":"Neighborhood (محله) boundary from OpenStreetMap; no official municipal polygon layer publicly available for Karaj.","duplicate_of_layer":null,"extraction_date":"2026-08-19","feature_level":"mahalleh","geometry_type":"MultiPolygon","is_duplicate":false,"mantaqe":10,"mantaqe_assignment_method":"point_in_polygon_osm_admin9","mantaqe_name_fa":"منطقه ۱۰ شهر کرج","match_name_method":null,"match_spatial_test":null,"match_tier":null,"metric_crs":"EPSG:32639 (UTM 39N) for area/perimeter; representative_point for polygon centroid","nahiye_assignment_method":null,"nahiye_fa":null,"name_en":"Shahrak Jahan Nama","name_fa":"شهرک جهان نما","name_latin":"Shhrk Jhan Nma","name_latin_method":"automated_transliteration (rule-based Persian->Latin grapheme mapping, approximate, NOT authoritative; unwritten short vowels not recovered)","name_source":"name","osm_id":8689251,"osm_type":"relation","perimeter_km":5.798588,"place_type":"neighbourhood","point_osm_id":null,"prior_boundary_source":null,"province_fa":"استان البرز","source":"OpenStreetMap via Overpass API (ODbL 1.0) relation/8689251","tentative_match":false,"wikidata":null,"wikipedia":null,"within_municipal_code":null,"within_municipal_code_method":null,"within_municipal_mahalleh":null},"geometry":{"type":"MultiPolygon","coordinates":[[[[51.0251812,35.790823],[51.0255539,35.7901317],[51.0258734,35.7898405],[51.0262626,35.7895798],[51.0268713,35.7892252],[51.0282334,35.7885391],[51.0286718,35.7882676],[51.0300402,35.7869911],[51.0302963,35.7866463],[51.0283437,35.7851387],[51.029004,35.784799],[51.0313171,35.7831563],[51.0313522,35.7830862],[51.0314642,35.7829782],[51.0326379,35.7819236],[51.0337794,35.7808847],[51.0349193,35.779714],[51.0363888,35.7783165],[51.0378711,35.7769543],[51.0410991,35.7783753],[51.042628,35.7790787],[51.0442454,35.7806693],[51.0455489,35.7821968],[51.0398626,35.7887505],[51.0396038,35.7890638],[51.0397007,35.7894352],[51.0397706,35.7899879],[51.0396706,35.7902977],[51.0397135,35.7909069],[51.0397404,35.7913899],[51.0398272,35.7916642],[51.0398298,35.7918379],[51.0395203,35.792391],[51.0394309,35.7925493],[51.039126,35.7925757],[51.0387316,35.7925955],[51.0386137,35.7926548],[51.0384756,35.7927729],[51.0383765,35.7929107],[51.0381813,35.793302],[51.0359496,35.7925685],[51.0343164,35.7920072],[51.0334927,35.7917569],[51.0319028,35.7913698],[51.0306344,35.791251],[51.0251812,35.790823]]]]}},{"type":"Feature","properties":{"admin_level":11,"admin_level_note":"from OSM boundary=administrative admin_level=11 tag on this feature's own OSM geometry (neighborhood)","area_km2":0.370491,"boundary_iou":null,"boundary_source":"OSM relation/8689261","centroid_lat":35.7931064,"centroid_lon":51.0409028,"city_fa":"کرج","confidence":"confirmed_polygon","data_quality_note":"Neighborhood (محله) boundary from OpenStreetMap; no official municipal polygon layer publicly available for Karaj.","duplicate_of_layer":null,"extraction_date":"2026-08-19","feature_level":"mahalleh","geometry_type":"MultiPolygon","is_duplicate":false,"mantaqe":10,"mantaqe_assignment_method":"point_in_polygon_osm_admin9","mantaqe_name_fa":"منطقه ۱۰ شهر کرج","match_name_method":null,"match_spatial_test":null,"match_tier":null,"metric_crs":"EPSG:32639 (UTM 39N) for area/perimeter; representative_point for polygon centroid","nahiye_assignment_method":null,"nahiye_fa":null,"name_en":"Kalak Bala","name_fa":"کلاک بالا","name_latin":"Klak Bala","name_latin_method":"automated_transliteration (rule-based Persian->Latin grapheme mapping, approximate, NOT authoritative; unwritten short vowels not recovered)","name_source":"name","osm_id":8689261,"osm_type":"relation","perimeter_km":2.787232,"place_type":"neighbourhood","point_osm_id":null,"prior_boundary_source":null,"province_fa":"استان البرز","source":"OpenStreetMap via Overpass API (ODbL 1.0) relation/8689261","tentative_match":false,"wikidata":null,"wikipedia":null,"within_municipal_code":null,"within_municipal_code_method":null,"within_municipal_mahalleh":null},"geometry":{"type":"MultiPolygon","coordinates":[[[[51.0381813,35.793302],[51.0383765,35.7929107],[51.0384756,35.7927729],[51.0386137,35.7926548],[51.0387316,35.7925955],[51.039126,35.7925757],[51.0394309,35.7925493],[51.0395203,35.792391],[51.0398298,35.7918379],[51.0398272,35.7916642],[51.0397404,35.7913899],[51.0397135,35.7909069],[51.0396706,35.7902977],[51.0397706,35.7899879],[51.0397007,35.7894352],[51.0406248,35.7900354],[51.0415662,35.7901464],[51.042682,35.7900768],[51.0449887,35.7897548],[51.0459435,35.7904075],[51.0458684,35.7911907],[51.0433364,35.792705],[51.0441411,35.7944016],[51.0435188,35.7954633],[51.0428,35.7967333],[51.0414696,35.7969595],[51.039356,35.796594],[51.0383368,35.7952974],[51.0370817,35.794103],[51.0381813,35.793302]]]]}},{"type":"Feature","properties":{"admin_level":11,"admin_level_note":"from OSM boundary=administrative admin_level=11 tag on this feature's own OSM geometry (neighborhood)","area_km2":0.518312,"boundary_iou":null,"boundary_source":"OSM relation/8689472","centroid_lat":35.7927385,"centroid_lon":51.0194882,"city_fa":"کرج","confidence":"confirmed_polygon","data_quality_note":"Neighborhood (محله) boundary from OpenStreetMap; no official municipal polygon layer publicly available for Karaj.","duplicate_of_layer":null,"extraction_date":"2026-08-19","feature_level":"mahalleh","geometry_type":"MultiPolygon","is_duplicate":false,"mantaqe":10,"mantaqe_assignment_method":"point_in_polygon_osm_admin9","mantaqe_name_fa":"منطقه ۱۰ شهر کرج","match_name_method":null,"match_spatial_test":null,"match_tier":null,"metric_crs":"EPSG:32639 (UTM 39N) for area/perimeter; representative_point for polygon centroid","nahiye_assignment_method":null,"nahiye_fa":null,"name_en":"Kalak No","name_fa":"کلاک نو","name_latin":"Klak Nv","name_latin_method":"automated_transliteration (rule-based Persian->Latin grapheme mapping, approximate, NOT authoritative; unwritten short vowels not recovered)","name_source":"name","osm_id":8689472,"osm_type":"relation","perimeter_km":2.973628,"place_type":"neighbourhood","point_osm_id":null,"prior_boundary_source":null,"province_fa":"استان البرز","source":"OpenStreetMap via Overpass API (ODbL 1.0) relation/8689472","tentative_match":false,"wikidata":null,"wikipedia":null,"within_municipal_code":null,"within_municipal_code_method":null,"within_municipal_mahalleh":null},"geometry":{"type":"MultiPolygon","coordinates":[[[[51.0144416,35.7931071],[51.0163298,35.791426],[51.0167341,35.7910714],[51.0186714,35.7898313],[51.0197496,35.7890837],[51.0218446,35.7880512],[51.0251812,35.790823],[51.0247417,35.792061],[51.0243072,35.79237],[51.0237923,35.7933882],[51.0228374,35.7936144],[51.0228052,35.7942323],[51.0222366,35.7948502],[51.0215499,35.7949894],[51.0218932,35.7958074],[51.0220863,35.7963382],[51.0219147,35.7968865],[51.0200264,35.7963469],[51.016821,35.7953466],[51.0163848,35.7949361],[51.0144416,35.7931071]]]]}},{"type":"Feature","properties":{"admin_level":11,"admin_level_note":"from OSM boundary=administrative admin_level=11 tag on this feature's own OSM geometry (neighborhood)","area_km2":0.341293,"boundary_iou":null,"boundary_source":"OSM relation/8689497","centroid_lat":35.7986765,"centroid_lon":51.0123927,"city_fa":"کرج","confidence":"confirmed_polygon","data_quality_note":"Neighborhood (محله) boundary from OpenStreetMap; no official municipal polygon layer publicly available for Karaj.","duplicate_of_layer":null,"extraction_date":"2026-08-19","feature_level":"mahalleh","geometry_type":"MultiPolygon","is_duplicate":false,"mantaqe":10,"mantaqe_assignment_method":"point_in_polygon_osm_admin9","mantaqe_name_fa":"منطقه ۱۰ شهر کرج","match_name_method":null,"match_spatial_test":null,"match_tier":null,"metric_crs":"EPSG:32639 (UTM 39N) for area/perimeter; representative_point for polygon centroid","nahiye_assignment_method":null,"nahiye_fa":null,"name_en":"Khalaj Abaad","name_fa":"خلج آباد","name_latin":"Khlj Abad","name_latin_method":"automated_transliteration (rule-based Persian->Latin grapheme mapping, approximate, NOT authoritative; unwritten short vowels not recovered)","name_source":"name","osm_id":8689497,"osm_type":"relation","perimeter_km":3.25715,"place_type":"neighbourhood","point_osm_id":null,"prior_boundary_source":null,"province_fa":"استان البرز","source":"OpenStreetMap via Overpass API (ODbL 1.0) relation/8689497","tentative_match":false,"wikidata":null,"wikipedia":null,"within_municipal_code":null,"within_municipal_code_method":null,"within_municipal_mahalleh":null},"geometry":{"type":"MultiPolygon","coordinates":[[[[51.0109148,35.8056044],[51.0106962,35.8046216],[51.0104712,35.8030395],[51.0104338,35.8014412],[51.0104899,35.8004602],[51.0106533,35.7996648],[51.0110783,35.7979035],[51.0113445,35.7971914],[51.0119235,35.7961232],[51.0127174,35.7948164],[51.0137729,35.7936573],[51.0144416,35.7931071],[51.0163848,35.7949361],[51.0141925,35.7979842],[51.0135947,35.7993688],[51.0141365,35.801202],[51.0137442,35.8022322],[51.0124739,35.8023231],[51.0131651,35.8038381],[51.0120256,35.8041714],[51.0117454,35.8054288],[51.0117019,35.8054559],[51.0109148,35.8056044]]]]}},{"type":"Feature","properties":{"admin_level":11,"admin_level_note":"from OSM boundary=administrative admin_level=11 tag on this feature's own OSM geometry (neighborhood)","area_km2":0.654303,"boundary_iou":null,"boundary_source":"OSM relation/8690563","centroid_lat":35.8269068,"centroid_lon":50.8981924,"city_fa":"کرج","confidence":"confirmed_polygon","data_quality_note":"Neighborhood (محله) boundary from OpenStreetMap; no official municipal polygon layer publicly available for Karaj.","duplicate_of_layer":null,"extraction_date":"2026-08-19","feature_level":"mahalleh","geometry_type":"MultiPolygon","is_duplicate":false,"mantaqe":4,"mantaqe_assignment_method":"point_in_polygon_osm_admin9","mantaqe_name_fa":"منطقه ۴ شهر کرج","match_name_method":null,"match_spatial_test":null,"match_tier":null,"metric_crs":"EPSG:32639 (UTM 39N) for area/perimeter; representative_point for polygon centroid","nahiye_assignment_method":null,"nahiye_fa":null,"name_en":"Akbar Abaad","name_fa":"اکبر آباد","name_latin":"Akbr Abad","name_latin_method":"automated_transliteration (rule-based Persian->Latin grapheme mapping, approximate, NOT authoritative; unwritten short vowels not recovered)","name_source":"name","osm_id":8690563,"osm_type":"relation","perimeter_km":3.330172,"place_type":"neighbourhood","point_osm_id":null,"prior_boundary_source":null,"province_fa":"استان البرز","source":"OpenStreetMap via Overpass API (ODbL 1.0) relation/8690563","tentative_match":false,"wikidata":null,"wikipedia":null,"within_municipal_code":null,"within_municipal_code_method":null,"within_municipal_mahalleh":null},"geometry":{"type":"MultiPolygon","coordinates":[[[[50.8914503,35.8273097],[50.8946994,35.8254254],[50.897345,35.8238937],[50.9009633,35.8218854],[50.904954,35.8265039],[50.9010164,35.828725],[50.8968589,35.8310824],[50.895622,35.8318163],[50.8923995,35.8284841],[50.8914503,35.8273097]]]]}},{"type":"Feature","properties":{"admin_level":11,"admin_level_note":"from OSM boundary=administrative admin_level=11 tag on this feature's own OSM geometry (neighborhood)","area_km2":0.527088,"boundary_iou":null,"boundary_source":"OSM relation/8690575","centroid_lat":35.8221552,"centroid_lon":50.8915176,"city_fa":"کرج","confidence":"confirmed_polygon","data_quality_note":"Neighborhood (محله) boundary from OpenStreetMap; no official municipal polygon layer publicly available for Karaj.","duplicate_of_layer":null,"extraction_date":"2026-08-19","feature_level":"mahalleh","geometry_type":"MultiPolygon","is_duplicate":false,"mantaqe":4,"mantaqe_assignment_method":"point_in_polygon_osm_admin9","mantaqe_name_fa":"منطقه ۴ شهر کرج","match_name_method":null,"match_spatial_test":null,"match_tier":null,"metric_crs":"EPSG:32639 (UTM 39N) for area/perimeter; representative_point for polygon centroid","nahiye_assignment_method":null,"nahiye_fa":null,"name_en":"Akhtar Abaad (Akhgar Abaad)","name_fa":"اختر آباد (اخگر آباد)ء","name_latin":"Akhtr Abad Akhgr Abad'","name_latin_method":"automated_transliteration (rule-based Persian->Latin grapheme mapping, approximate, NOT authoritative; unwritten short vowels not recovered)","name_source":"name","osm_id":8690575,"osm_type":"relation","perimeter_km":2.895516,"place_type":"neighbourhood","point_osm_id":null,"prior_boundary_source":null,"province_fa":"استان البرز","source":"OpenStreetMap via Overpass API (ODbL 1.0) relation/8690575","tentative_match":false,"wikidata":null,"wikipedia":null,"within_municipal_code":null,"within_municipal_code_method":null,"within_municipal_mahalleh":null},"geometry":{"type":"MultiPolygon","coordinates":[[[[50.8865487,35.8211943],[50.8875552,35.8206066],[50.8879602,35.8204199],[50.8894148,35.8196053],[50.8895049,35.8195582],[50.8897036,35.8194555],[50.8911377,35.8186458],[50.8913867,35.8185058],[50.8922981,35.8179935],[50.8938989,35.8197709],[50.8941892,35.8200641],[50.894885,35.8208441],[50.8948722,35.8209899],[50.8950532,35.8212341],[50.897345,35.8238937],[50.8946994,35.8254254],[50.8914503,35.8273097],[50.8900984,35.8258386],[50.8880881,35.8234626],[50.8878015,35.8230762],[50.8865487,35.8211943]]]]}},{"type":"Feature","properties":{"admin_level":11,"admin_level_note":"from OSM boundary=administrative admin_level=11 tag on this feature's own OSM geometry (neighborhood)","area_km2":0.309823,"boundary_iou":null,"boundary_source":"OSM relation/8691489","centroid_lat":35.8199175,"centroid_lon":50.8966256,"city_fa":"کرج","confidence":"confirmed_polygon","data_quality_note":"Neighborhood (محله) boundary from OpenStreetMap; no official municipal polygon layer publicly available for Karaj.","duplicate_of_layer":null,"extraction_date":"2026-08-19","feature_level":"mahalleh","geometry_type":"MultiPolygon","is_duplicate":false,"mantaqe":4,"mantaqe_assignment_method":"point_in_polygon_osm_admin9","mantaqe_name_fa":"منطقه ۴ شهر کرج","match_name_method":null,"match_spatial_test":null,"match_tier":null,"metric_crs":"EPSG:32639 (UTM 39N) for area/perimeter; representative_point for polygon centroid","nahiye_assignment_method":null,"nahiye_fa":null,"name_en":"Kooye Farhang","name_fa":"کوی فرهنگ","name_latin":"Kvy Frhng","name_latin_method":"automated_transliteration (rule-based Persian->Latin grapheme mapping, approximate, NOT authoritative; unwritten short vowels not recovered)","name_source":"name","osm_id":8691489,"osm_type":"relation","perimeter_km":2.387713,"place_type":"neighbourhood","point_osm_id":null,"prior_boundary_source":null,"province_fa":"استان البرز","source":"OpenStreetMap via Overpass API (ODbL 1.0) relation/8691489","tentative_match":false,"wikidata":null,"wikipedia":null,"within_municipal_code":null,"within_municipal_code_method":null,"within_municipal_mahalleh":null},"geometry":{"type":"MultiPolygon","coordinates":[[[[50.8922981,35.8179935],[50.8934428,35.817346],[50.8934482,35.817343],[50.8934641,35.817334],[50.8958409,35.8159896],[50.8983902,35.819002],[50.89976,35.820537],[50.9009633,35.8218854],[50.897345,35.8238937],[50.8950532,35.8212341],[50.8948722,35.8209899],[50.894885,35.8208441],[50.8941892,35.8200641],[50.8938989,35.8197709],[50.8922981,35.8179935]]]]}},{"type":"Feature","properties":{"admin_level":11,"admin_level_note":"from OSM boundary=administrative admin_level=11 tag on this feature's own OSM geometry (neighborhood)","area_km2":0.974831,"boundary_iou":null,"boundary_source":"OSM relation/8691510","centroid_lat":35.8215675,"centroid_lon":50.9062119,"city_fa":"کرج","confidence":"confirmed_polygon","data_quality_note":"Neighborhood (محله) boundary from OpenStreetMap; no official municipal polygon layer publicly available for Karaj.","duplicate_of_layer":null,"extraction_date":"2026-08-19","feature_level":"mahalleh","geometry_type":"MultiPolygon","is_duplicate":false,"mantaqe":4,"mantaqe_assignment_method":"point_in_polygon_osm_admin9","mantaqe_name_fa":"منطقه ۴ شهر کرج","match_name_method":null,"match_spatial_test":null,"match_tier":null,"metric_crs":"EPSG:32639 (UTM 39N) for area/perimeter; representative_point for polygon centroid","nahiye_assignment_method":null,"nahiye_fa":null,"name_en":"Hossein Abaad","name_fa":"حسین آباد","name_latin":"Hsyn Abad","name_latin_method":"automated_transliteration (rule-based Persian->Latin grapheme mapping, approximate, NOT authoritative; unwritten short vowels not recovered)","name_source":"name","osm_id":8691510,"osm_type":"relation","perimeter_km":4.353251,"place_type":"neighbourhood","point_osm_id":null,"prior_boundary_source":null,"province_fa":"استان البرز","source":"OpenStreetMap via Overpass API (ODbL 1.0) relation/8691510","tentative_match":false,"wikidata":null,"wikipedia":null,"within_municipal_code":null,"within_municipal_code_method":null,"within_municipal_mahalleh":null},"geometry":{"type":"MultiPolygon","coordinates":[[[[50.89976,35.820537],[50.9007282,35.8203354],[50.9015735,35.8201688],[50.9040473,35.8196388],[50.9042425,35.8195003],[50.9042384,35.8194311],[50.9040311,35.81923],[50.9040352,35.8190981],[50.904027,35.8185575],[50.9041327,35.8178586],[50.9042994,35.8173641],[50.9044092,35.8172592],[50.9055945,35.8151714],[50.9056655,35.8151138],[50.9057608,35.8150648],[50.9058212,35.8150648],[50.907665,35.8170793],[50.9078548,35.8173119],[50.9091087,35.8186827],[50.9110114,35.8209165],[50.9114154,35.8212495],[50.9124185,35.8222195],[50.9129968,35.8228502],[50.9135011,35.8232264],[50.9140778,35.8235113],[50.9149575,35.8238332],[50.9153379,35.8239383],[50.9145105,35.8246862],[50.9137981,35.8255725],[50.9131286,35.8264053],[50.9122109,35.8277912],[50.9109288,35.8277521],[50.9088796,35.8284436],[50.9084558,35.8283479],[50.906648,35.8275237],[50.905661,35.8270779],[50.9051835,35.8267778],[50.904954,35.8265039],[50.9009633,35.8218854],[50.89976,35.820537]]]]}},{"type":"Feature","properties":{"admin_level":11,"admin_level_note":"from OSM boundary=administrative admin_level=11 tag on this feature's own OSM geometry (neighborhood)","area_km2":0.498152,"boundary_iou":null,"boundary_source":"OSM relation/8691516","centroid_lat":35.8166244,"centroid_lon":50.9005739,"city_fa":"کرج","confidence":"confirmed_polygon","data_quality_note":"Neighborhood (محله) boundary from OpenStreetMap; no official municipal polygon layer publicly available for Karaj.","duplicate_of_layer":null,"extraction_date":"2026-08-19","feature_level":"mahalleh","geometry_type":"MultiPolygon","is_duplicate":false,"mantaqe":4,"mantaqe_assignment_method":"point_in_polygon_osm_admin9","mantaqe_name_fa":"منطقه ۴ شهر کرج","match_name_method":null,"match_spatial_test":null,"match_tier":null,"metric_crs":"EPSG:32639 (UTM 39N) for area/perimeter; representative_point for polygon centroid","nahiye_assignment_method":null,"nahiye_fa":null,"name_en":"Ahad Abaad","name_fa":"احد آباد","name_latin":"Ahd Abad","name_latin_method":"automated_transliteration (rule-based Persian->Latin grapheme mapping, approximate, NOT authoritative; unwritten short vowels not recovered)","name_source":"name","osm_id":8691516,"osm_type":"relation","perimeter_km":2.833668,"place_type":"neighbourhood","point_osm_id":null,"prior_boundary_source":null,"province_fa":"استان البرز","source":"OpenStreetMap via Overpass API (ODbL 1.0) relation/8691516","tentative_match":false,"wikidata":null,"wikipedia":null,"within_municipal_code":null,"within_municipal_code_method":null,"within_municipal_mahalleh":null},"geometry":{"type":"MultiPolygon","coordinates":[[[[50.8958409,35.8159896],[50.8959131,35.8159479],[50.8981613,35.8146487],[50.898414,35.8145027],[50.8992436,35.8140232],[50.903204,35.811744],[50.9040838,35.8128603],[50.9056133,35.8148002],[50.9058212,35.8150648],[50.9057608,35.8150648],[50.9056655,35.8151138],[50.9055945,35.8151714],[50.9044092,35.8172592],[50.9042994,35.8173641],[50.9041327,35.8178586],[50.904027,35.8185575],[50.9040352,35.8190981],[50.9040311,35.81923],[50.9042384,35.8194311],[50.9042425,35.8195003],[50.9040473,35.8196388],[50.9015735,35.8201688],[50.9007282,35.8203354],[50.89976,35.820537],[50.8983902,35.819002],[50.8958409,35.8159896]]]]}},{"type":"Feature","properties":{"admin_level":11,"admin_level_note":"from OSM boundary=administrative admin_level=11 tag on this feature's own OSM geometry (neighborhood)","area_km2":0.323493,"boundary_iou":null,"boundary_source":"OSM relation/8691534","centroid_lat":35.8123359,"centroid_lon":50.8982736,"city_fa":"کرج","confidence":"confirmed_polygon","data_quality_note":"Neighborhood (محله) boundary from OpenStreetMap; no official municipal polygon layer publicly available for Karaj.","duplicate_of_layer":null,"extraction_date":"2026-08-19","feature_level":"mahalleh","geometry_type":"MultiPolygon","is_duplicate":false,"mantaqe":4,"mantaqe_assignment_method":"point_in_polygon_osm_admin9","mantaqe_name_fa":"منطقه ۴ شهر کرج","match_name_method":null,"match_spatial_test":null,"match_tier":null,"metric_crs":"EPSG:32639 (UTM 39N) for area/perimeter; representative_point for polygon centroid","nahiye_assignment_method":null,"nahiye_fa":null,"name_en":null,"name_fa":"رجب آباد","name_latin":"Rjb Abad","name_latin_method":"automated_transliteration (rule-based Persian->Latin grapheme mapping, approximate, NOT authoritative; unwritten short vowels not recovered)","name_source":"name","osm_id":8691534,"osm_type":"relation","perimeter_km":2.414189,"place_type":"neighbourhood","point_osm_id":null,"prior_boundary_source":null,"province_fa":"استان البرز","source":"OpenStreetMap via Overpass API (ODbL 1.0) relation/8691534","tentative_match":false,"wikidata":null,"wikipedia":null,"within_municipal_code":null,"within_municipal_code_method":null,"within_municipal_mahalleh":null},"geometry":{"type":"MultiPolygon","coordinates":[[[[50.8933036,35.8129278],[50.8972856,35.810721],[50.9006294,35.8088526],[50.903204,35.811744],[50.8992436,35.8140232],[50.898414,35.8145027],[50.8981613,35.8146487],[50.8959131,35.8159479],[50.8933036,35.8129278]]]]}},{"type":"Feature","properties":{"admin_level":11,"admin_level_note":"from OSM boundary=administrative admin_level=11 tag on this feature's own OSM geometry (neighborhood)","area_km2":0.201825,"boundary_iou":null,"boundary_source":"OSM relation/8691562","centroid_lat":35.8157658,"centroid_lon":50.8923631,"city_fa":"کرج","confidence":"confirmed_polygon","data_quality_note":"Neighborhood (محله) boundary from OpenStreetMap; no official municipal polygon layer publicly available for Karaj.","duplicate_of_layer":null,"extraction_date":"2026-08-19","feature_level":"mahalleh","geometry_type":"MultiPolygon","is_duplicate":false,"mantaqe":4,"mantaqe_assignment_method":"point_in_polygon_osm_admin9","mantaqe_name_fa":"منطقه ۴ شهر کرج","match_name_method":null,"match_spatial_test":null,"match_tier":null,"metric_crs":"EPSG:32639 (UTM 39N) for area/perimeter; representative_point for polygon centroid","nahiye_assignment_method":null,"nahiye_fa":null,"name_en":"Shaaban Abaad","name_fa":"شعبان آباد","name_latin":"Shaban Abad","name_latin_method":"automated_transliteration (rule-based Persian->Latin grapheme mapping, approximate, NOT authoritative; unwritten short vowels not recovered)","name_source":"name","osm_id":8691562,"osm_type":"relation","perimeter_km":1.807887,"place_type":"neighbourhood","point_osm_id":null,"prior_boundary_source":null,"province_fa":"استان البرز","source":"OpenStreetMap via Overpass API (ODbL 1.0) relation/8691562","tentative_match":false,"wikidata":null,"wikipedia":null,"within_municipal_code":null,"within_municipal_code_method":null,"within_municipal_mahalleh":null},"geometry":{"type":"MultiPolygon","coordinates":[[[[50.8888098,35.8155838],[50.8926451,35.8133278],[50.8933036,35.8129278],[50.8959131,35.8159479],[50.8958409,35.8159896],[50.8934641,35.817334],[50.8934482,35.817343],[50.8934428,35.817346],[50.8922981,35.8179935],[50.8913867,35.8185058],[50.8888098,35.8155838]]]]}},{"type":"Feature","properties":{"admin_level":11,"admin_level_note":"from OSM boundary=administrative admin_level=11 tag on this feature's own OSM geometry (neighborhood)","area_km2":0.26029,"boundary_iou":null,"boundary_source":"OSM relation/8691587","centroid_lat":35.8187963,"centroid_lon":50.8870273,"city_fa":"کرج","confidence":"confirmed_polygon","data_quality_note":"Neighborhood (محله) boundary from OpenStreetMap; no official municipal polygon layer publicly available for Karaj.","duplicate_of_layer":null,"extraction_date":"2026-08-19","feature_level":"mahalleh","geometry_type":"MultiPolygon","is_duplicate":false,"mantaqe":4,"mantaqe_assignment_method":"point_in_polygon_osm_admin9","mantaqe_name_fa":"منطقه ۴ شهر کرج","match_name_method":null,"match_spatial_test":null,"match_tier":null,"metric_crs":"EPSG:32639 (UTM 39N) for area/perimeter; representative_point for polygon centroid","nahiye_assignment_method":null,"nahiye_fa":null,"name_en":"Malek Abaad","name_fa":"ملک آباد","name_latin":"Mlk Abad","name_latin_method":"automated_transliteration (rule-based Persian->Latin grapheme mapping, approximate, NOT authoritative; unwritten short vowels not recovered)","name_source":"name","osm_id":8691587,"osm_type":"relation","perimeter_km":2.115914,"place_type":"neighbourhood","point_osm_id":null,"prior_boundary_source":null,"province_fa":"استان البرز","source":"OpenStreetMap via Overpass API (ODbL 1.0) relation/8691587","tentative_match":false,"wikidata":null,"wikipedia":null,"within_municipal_code":null,"within_municipal_code_method":null,"within_municipal_mahalleh":null},"geometry":{"type":"MultiPolygon","coordinates":[[[[50.8829198,35.8189468],[50.8888098,35.8155838],[50.8913867,35.8185058],[50.8911377,35.8186458],[50.8897036,35.8194555],[50.8895049,35.8195582],[50.8894148,35.8196053],[50.8879602,35.8204199],[50.8875552,35.8206066],[50.8865487,35.8211943],[50.8853727,35.8219653],[50.8829198,35.8189468]]]]}},{"type":"Feature","properties":{"admin_level":11,"admin_level_note":"from OSM boundary=administrative admin_level=11 tag on this feature's own OSM geometry (neighborhood)","area_km2":0.969353,"boundary_iou":null,"boundary_source":"OSM relation/8691608","centroid_lat":35.8064901,"centroid_lon":50.8931646,"city_fa":"کرج","confidence":"confirmed_polygon","data_quality_note":"Neighborhood (محله) boundary from OpenStreetMap; no official municipal polygon layer publicly available for Karaj.","duplicate_of_layer":null,"extraction_date":"2026-08-19","feature_level":"mahalleh","geometry_type":"MultiPolygon","is_duplicate":false,"mantaqe":3,"mantaqe_assignment_method":"point_in_polygon_osm_admin9","mantaqe_name_fa":"منطقه ۳ شهر کرج","match_name_method":null,"match_spatial_test":null,"match_tier":null,"metric_crs":"EPSG:32639 (UTM 39N) for area/perimeter; representative_point for polygon centroid","nahiye_assignment_method":null,"nahiye_fa":null,"name_en":"Asad Abaad","name_fa":"اسد آباد","name_latin":"Asd Abad","name_latin_method":"automated_transliteration (rule-based Persian->Latin grapheme mapping, approximate, NOT authoritative; unwritten short vowels not recovered)","name_source":"name","osm_id":8691608,"osm_type":"relation","perimeter_km":4.01663,"place_type":"neighbourhood","point_osm_id":null,"prior_boundary_source":null,"province_fa":"استان البرز","source":"OpenStreetMap via Overpass API (ODbL 1.0) relation/8691608","tentative_match":false,"wikidata":null,"wikipedia":null,"within_municipal_code":null,"within_municipal_code_method":null,"within_municipal_mahalleh":null},"geometry":{"type":"MultiPolygon","coordinates":[[[[50.885656,35.8041115],[50.8929709,35.7999109],[50.896102,35.8035559],[50.8981398,35.80594],[50.9006294,35.8088526],[50.8972856,35.810721],[50.8933036,35.8129278],[50.8881963,35.8070401],[50.885656,35.8041115]]]]}},{"type":"Feature","properties":{"admin_level":11,"admin_level_note":"from OSM boundary=administrative admin_level=11 tag on this feature's own OSM geometry (neighborhood)","area_km2":0.964946,"boundary_iou":null,"boundary_source":"OSM relation/8691673","centroid_lat":35.830917,"centroid_lon":50.9444184,"city_fa":"کرج","confidence":"confirmed_polygon","data_quality_note":"Neighborhood (محله) boundary from OpenStreetMap; no official municipal polygon layer publicly available for Karaj.","duplicate_of_layer":null,"extraction_date":"2026-08-19","feature_level":"mahalleh","geometry_type":"MultiPolygon","is_duplicate":false,"mantaqe":5,"mantaqe_assignment_method":"point_in_polygon_osm_admin9","mantaqe_name_fa":"منطقه ۵ شهر کرج","match_name_method":null,"match_spatial_test":null,"match_tier":null,"metric_crs":"EPSG:32639 (UTM 39N) for area/perimeter; representative_point for polygon centroid","nahiye_assignment_method":null,"nahiye_fa":null,"name_en":"Karaj no","name_fa":"کرج نو","name_latin":"Krj Nv","name_latin_method":"automated_transliteration (rule-based Persian->Latin grapheme mapping, approximate, NOT authoritative; unwritten short vowels not recovered)","name_source":"name","osm_id":8691673,"osm_type":"relation","perimeter_km":4.071007,"place_type":"neighbourhood","point_osm_id":null,"prior_boundary_source":null,"province_fa":"استان البرز","source":"OpenStreetMap via Overpass API (ODbL 1.0) relation/8691673","tentative_match":false,"wikidata":null,"wikipedia":null,"within_municipal_code":null,"within_municipal_code_method":null,"within_municipal_mahalleh":null},"geometry":{"type":"MultiPolygon","coordinates":[[[[50.9375176,35.8258399],[50.9379925,35.8257936],[50.9401136,35.8256101],[50.9412642,35.8255177],[50.9428235,35.8253193],[50.9460023,35.8249327],[50.947011,35.8248317],[50.9473093,35.8247898],[50.9477824,35.8264516],[50.9483027,35.8283436],[50.948925,35.8306313],[50.9494078,35.8323405],[50.9494903,35.8325973],[50.9495404,35.8327532],[50.9495709,35.8328481],[50.9495741,35.8328581],[50.9496338,35.832958],[50.949699,35.8330668],[50.9497458,35.8331451],[50.9501696,35.8337757],[50.9502048,35.8338575],[50.9503224,35.8341302],[50.9503944,35.8344176],[50.9503147,35.8344406],[50.9479663,35.8351404],[50.9467226,35.8355558],[50.9450404,35.836103],[50.9426023,35.8369326],[50.9425833,35.8367907],[50.9424948,35.8365489],[50.9414071,35.83427],[50.94131,35.8340648],[50.9399652,35.8312026],[50.939301,35.8297885],[50.9391864,35.8295434],[50.939058,35.8292686],[50.9390231,35.8291947],[50.9380029,35.8270308],[50.9377333,35.826485],[50.9376505,35.8262873],[50.9375176,35.8258399]]]]}},{"type":"Feature","properties":{"admin_level":11,"admin_level_note":"from OSM boundary=administrative admin_level=11 tag on this feature's own OSM geometry (neighborhood)","area_km2":1.762991,"boundary_iou":null,"boundary_source":"OSM relation/8691681","centroid_lat":35.7991381,"centroid_lon":50.8823243,"city_fa":"کرج","confidence":"confirmed_polygon","data_quality_note":"Neighborhood (محله) boundary from OpenStreetMap; no official municipal polygon layer publicly available for Karaj.","duplicate_of_layer":null,"extraction_date":"2026-08-19","feature_level":"mahalleh","geometry_type":"MultiPolygon","is_duplicate":false,"mantaqe":3,"mantaqe_assignment_method":"point_in_polygon_osm_admin9","mantaqe_name_fa":"منطقه ۳ شهر کرج","match_name_method":null,"match_spatial_test":null,"match_tier":null,"metric_crs":"EPSG:32639 (UTM 39N) for area/perimeter; representative_point for polygon centroid","nahiye_assignment_method":null,"nahiye_fa":null,"name_en":"Agh Tapeh","name_fa":"آق تپه","name_latin":"Aq Tpeh","name_latin_method":"automated_transliteration (rule-based Persian->Latin grapheme mapping, approximate, NOT authoritative; unwritten short vowels not recovered)","name_source":"name","osm_id":8691681,"osm_type":"relation","perimeter_km":5.317393,"place_type":"neighbourhood","point_osm_id":null,"prior_boundary_source":null,"province_fa":"استان البرز","source":"OpenStreetMap via Overpass API (ODbL 1.0) relation/8691681","tentative_match":false,"wikidata":null,"wikipedia":null,"within_municipal_code":null,"within_municipal_code_method":null,"within_municipal_mahalleh":null},"geometry":{"type":"MultiPolygon","coordinates":[[[[50.8720273,35.7987771],[50.8725111,35.7984447],[50.88497,35.7908432],[50.8870858,35.7932412],[50.8909494,35.7976254],[50.8926076,35.7994991],[50.8929709,35.7999109],[50.885656,35.8041115],[50.8801903,35.8072984],[50.8773618,35.8045561],[50.8758538,35.8029225],[50.8720273,35.7987771]]]]}},{"type":"Feature","properties":{"admin_level":11,"admin_level_note":"from OSM boundary=administrative admin_level=11 tag on this feature's own OSM geometry (neighborhood)","area_km2":1.303264,"boundary_iou":null,"boundary_source":"OSM relation/8691803","centroid_lat":35.7866726,"centroid_lon":50.8771912,"city_fa":"کرج","confidence":"confirmed_polygon","data_quality_note":"Neighborhood (محله) boundary from OpenStreetMap; no official municipal polygon layer publicly available for Karaj.","duplicate_of_layer":null,"extraction_date":"2026-08-19","feature_level":"mahalleh","geometry_type":"MultiPolygon","is_duplicate":false,"mantaqe":3,"mantaqe_assignment_method":"point_in_polygon_osm_admin9","mantaqe_name_fa":"منطقه ۳ شهر کرج","match_name_method":null,"match_spatial_test":null,"match_tier":null,"metric_crs":"EPSG:32639 (UTM 39N) for area/perimeter; representative_point for polygon centroid","nahiye_assignment_method":null,"nahiye_fa":null,"name_en":"Kooye Mehr","name_fa":"کوی مهر","name_latin":"Kvy Mhr","name_latin_method":"automated_transliteration (rule-based Persian->Latin grapheme mapping, approximate, NOT authoritative; unwritten short vowels not recovered)","name_source":"name","osm_id":8691803,"osm_type":"relation","perimeter_km":5.050767,"place_type":"neighbourhood","point_osm_id":null,"prior_boundary_source":null,"province_fa":"استان البرز","source":"OpenStreetMap via Overpass API (ODbL 1.0) relation/8691803","tentative_match":false,"wikidata":null,"wikipedia":null,"within_municipal_code":null,"within_municipal_code_method":null,"within_municipal_mahalleh":null},"geometry":{"type":"MultiPolygon","coordinates":[[[[50.8703118,35.7968235],[50.8712929,35.7957952],[50.8712989,35.7940736],[50.8713664,35.7932778],[50.8715568,35.7917048],[50.8718602,35.7907903],[50.8741994,35.7825549],[50.8742744,35.7823328],[50.8758511,35.7806851],[50.8760307,35.7805442],[50.8774441,35.7821664],[50.88497,35.7908432],[50.8725111,35.7984447],[50.8720273,35.7987771],[50.8703118,35.7968235]]]]}},{"type":"Feature","properties":{"admin_level":11,"admin_level_note":"from OSM boundary=administrative admin_level=11 tag on this feature's own OSM geometry (neighborhood)","area_km2":0.275722,"boundary_iou":null,"boundary_source":"OSM relation/8691808","centroid_lat":35.7791663,"centroid_lon":50.8714489,"city_fa":"کرج","confidence":"confirmed_polygon","data_quality_note":"Neighborhood (محله) boundary from OpenStreetMap; no official municipal polygon layer publicly available for Karaj.","duplicate_of_layer":null,"extraction_date":"2026-08-19","feature_level":"mahalleh","geometry_type":"MultiPolygon","is_duplicate":false,"mantaqe":3,"mantaqe_assignment_method":"point_in_polygon_osm_admin9","mantaqe_name_fa":"منطقه ۳ شهر کرج","match_name_method":null,"match_spatial_test":null,"match_tier":null,"metric_crs":"EPSG:32639 (UTM 39N) for area/perimeter; representative_point for polygon centroid","nahiye_assignment_method":null,"nahiye_fa":null,"name_en":"Kooye Zanbagh","name_fa":"کوی زنبق","name_latin":"Kvy Znbq","name_latin_method":"automated_transliteration (rule-based Persian->Latin grapheme mapping, approximate, NOT authoritative; unwritten short vowels not recovered)","name_source":"name","osm_id":8691808,"osm_type":"relation","perimeter_km":2.192236,"place_type":"neighbourhood","point_osm_id":null,"prior_boundary_source":null,"province_fa":"استان البرز","source":"OpenStreetMap via Overpass API (ODbL 1.0) relation/8691808","tentative_match":false,"wikidata":null,"wikipedia":null,"within_municipal_code":null,"within_municipal_code_method":null,"within_municipal_mahalleh":null},"geometry":{"type":"MultiPolygon","coordinates":[[[[50.8669131,35.7800099],[50.8693937,35.7783226],[50.8721841,35.7764245],[50.8725371,35.7768023],[50.8733446,35.7776666],[50.8734013,35.7777273],[50.8760307,35.7805442],[50.8758511,35.7806851],[50.8742744,35.7823328],[50.8741994,35.7825549],[50.8707694,35.7814056],[50.8679456,35.7804189],[50.867896,35.780429],[50.8669131,35.7800099]]]]}},{"type":"Feature","properties":{"admin_level":11,"admin_level_note":"from OSM boundary=administrative admin_level=11 tag on this feature's own OSM geometry (neighborhood)","area_km2":4.267665,"boundary_iou":null,"boundary_source":"OSM relation/8691849","centroid_lat":35.778025,"centroid_lon":50.8587719,"city_fa":"کرج","confidence":"confirmed_polygon","data_quality_note":"Neighborhood (محله) boundary from OpenStreetMap; no official municipal polygon layer publicly available for Karaj.","duplicate_of_layer":null,"extraction_date":"2026-08-19","feature_level":"mahalleh","geometry_type":"MultiPolygon","is_duplicate":false,"mantaqe":3,"mantaqe_assignment_method":"point_in_polygon_osm_admin9","mantaqe_name_fa":"منطقه ۳ شهر کرج","match_name_method":null,"match_spatial_test":null,"match_tier":null,"metric_crs":"EPSG:32639 (UTM 39N) for area/perimeter; representative_point for polygon centroid","nahiye_assignment_method":null,"nahiye_fa":null,"name_en":"Kiyanmehr","name_fa":"کیانمهر","name_latin":"Kyanmhr","name_latin_method":"automated_transliteration (rule-based Persian->Latin grapheme mapping, approximate, NOT authoritative; unwritten short vowels not recovered)","name_source":"name","osm_id":8691849,"osm_type":"relation","perimeter_km":12.944368,"place_type":"neighbourhood","point_osm_id":null,"prior_boundary_source":null,"province_fa":"استان البرز","source":"OpenStreetMap via Overpass API (ODbL 1.0) relation/8691849","tentative_match":false,"wikidata":null,"wikipedia":null,"within_municipal_code":null,"within_municipal_code_method":null,"within_municipal_mahalleh":null},"geometry":{"type":"MultiPolygon","coordinates":[[[[50.8465996,35.7736037],[50.8508935,35.7713372],[50.8565326,35.7763719],[50.859468,35.7738024],[50.8575368,35.7719221],[50.8571763,35.7703135],[50.8577171,35.770021],[50.858541,35.7692898],[50.8637681,35.7689973],[50.8646436,35.7673676],[50.8651328,35.7664483],[50.8671413,35.765738],[50.8686347,35.7677646],[50.875072,35.7743873],[50.8859421,35.7667444],[50.8875831,35.7712055],[50.8774441,35.7821664],[50.8760307,35.7805442],[50.8734013,35.7777273],[50.8733446,35.7776666],[50.8725371,35.7768023],[50.8721841,35.7764245],[50.8693937,35.7783226],[50.8669131,35.7800099],[50.8625604,35.7829272],[50.8611205,35.7839109],[50.859779,35.7847903],[50.8593202,35.7850911],[50.8583655,35.7857151],[50.8513551,35.7904054],[50.8512561,35.7904715],[50.8508618,35.7905364],[50.8500434,35.7872853],[50.8465996,35.7736037]]]]}},{"type":"Feature","properties":{"admin_level":11,"admin_level_note":"from OSM boundary=administrative admin_level=11 tag on this feature's own OSM geometry (neighborhood)","area_km2":1.793127,"boundary_iou":null,"boundary_source":"OSM relation/8694293","centroid_lat":35.8204253,"centroid_lon":50.9492492,"city_fa":"کرج","confidence":"confirmed_polygon","data_quality_note":"Neighborhood (محله) boundary from OpenStreetMap; no official municipal polygon layer publicly available for Karaj.","duplicate_of_layer":null,"extraction_date":"2026-08-19","feature_level":"mahalleh","geometry_type":"MultiPolygon","is_duplicate":false,"mantaqe":5,"mantaqe_assignment_method":"point_in_polygon_osm_admin9","mantaqe_name_fa":"منطقه ۵ شهر کرج","match_name_method":null,"match_spatial_test":null,"match_tier":null,"metric_crs":"EPSG:32639 (UTM 39N) for area/perimeter; representative_point for polygon centroid","nahiye_assignment_method":null,"nahiye_fa":null,"name_en":"Golshahr Vila","name_fa":"گلشهر ویلا","name_latin":"Glshhr Vyla","name_latin_method":"automated_transliteration (rule-based Persian->Latin grapheme mapping, approximate, NOT authoritative; unwritten short vowels not recovered)","name_source":"name","osm_id":8694293,"osm_type":"relation","perimeter_km":6.004604,"place_type":"neighbourhood","point_osm_id":null,"prior_boundary_source":null,"province_fa":"استان البرز","source":"OpenStreetMap via Overpass API (ODbL 1.0) relation/8694293","tentative_match":false,"wikidata":null,"wikipedia":null,"within_municipal_code":null,"within_municipal_code_method":null,"within_municipal_mahalleh":null},"geometry":{"type":"MultiPolygon","coordinates":[[[[50.9364079,35.8189636],[50.9375645,35.818781],[50.9394622,35.8185287],[50.9411171,35.8182199],[50.9418708,35.8180894],[50.9437162,35.8177936],[50.9454006,35.8175391],[50.9467927,35.8172716],[50.9486085,35.8168801],[50.9504271,35.8164886],[50.9521517,35.8161058],[50.9536189,35.8157817],[50.9548607,35.8156512],[50.9560087,35.8155425],[50.9570052,35.8154479],[50.9580058,35.8153555],[50.959956,35.8152101],[50.9602012,35.8164688],[50.960541,35.8175249],[50.9611803,35.8192659],[50.9615747,35.8199904],[50.961678,35.8201657],[50.9620338,35.8206849],[50.962606,35.8214596],[50.9618179,35.8217437],[50.9610107,35.8219886],[50.9590419,35.8223933],[50.956881,35.8228631],[50.9513308,35.8240653],[50.949331,35.8244544],[50.9490565,35.8245048],[50.9480711,35.8246828],[50.9473093,35.8247898],[50.947011,35.8248317],[50.9460023,35.8249327],[50.9428235,35.8253193],[50.9412642,35.8255177],[50.9401136,35.8256101],[50.9379925,35.8257936],[50.9375176,35.8258399],[50.9373563,35.8248718],[50.9364079,35.8189636]]]]}},{"type":"Feature","properties":{"admin_level":11,"admin_level_note":"from OSM boundary=administrative admin_level=11 tag on this feature's own OSM geometry (neighborhood)","area_km2":2.671917,"boundary_iou":null,"boundary_source":"OSM relation/8694597","centroid_lat":35.8047479,"centroid_lon":50.9081044,"city_fa":"کرج","confidence":"confirmed_polygon","data_quality_note":"Neighborhood (محله) boundary from OpenStreetMap; no official municipal polygon layer publicly available for Karaj.","duplicate_of_layer":null,"extraction_date":"2026-08-19","feature_level":"mahalleh","geometry_type":"MultiPolygon","is_duplicate":false,"mantaqe":4,"mantaqe_assignment_method":"point_in_polygon_osm_admin9","mantaqe_name_fa":"منطقه ۴ شهر کرج","match_name_method":null,"match_spatial_test":null,"match_tier":null,"metric_crs":"EPSG:32639 (UTM 39N) for area/perimeter; representative_point for polygon centroid","nahiye_assignment_method":null,"nahiye_fa":null,"name_en":"Phase 1 Mehrshahr","name_fa":"فاز ۱ مهرشهر","name_latin":"Faz 1 Mhrshhr","name_latin_method":"automated_transliteration (rule-based Persian->Latin grapheme mapping, approximate, NOT authoritative; unwritten short vowels not recovered)","name_source":"name","osm_id":8694597,"osm_type":"relation","perimeter_km":6.904765,"place_type":"neighbourhood","point_osm_id":null,"prior_boundary_source":null,"province_fa":"استان البرز","source":"OpenStreetMap via Overpass API (ODbL 1.0) relation/8694597","tentative_match":false,"wikidata":null,"wikipedia":null,"within_municipal_code":null,"within_municipal_code_method":null,"within_municipal_mahalleh":null},"geometry":{"type":"MultiPolygon","coordinates":[[[[50.896102,35.8035559],[50.896167,35.8035238],[50.9000615,35.8013267],[50.9037423,35.799237],[50.9043723,35.7988236],[50.9068212,35.7974342],[50.9103839,35.7953731],[50.9157422,35.7969923],[50.9192616,35.7973026],[50.9238299,35.7991955],[50.9266863,35.8003826],[50.9263206,35.8006286],[50.9048642,35.8128489],[50.9040838,35.8128603],[50.903204,35.811744],[50.9006294,35.8088526],[50.8981398,35.80594],[50.896102,35.8035559]]]]}},{"type":"Feature","properties":{"admin_level":11,"admin_level_note":"from OSM boundary=administrative admin_level=11 tag on this feature's own OSM geometry (neighborhood)","area_km2":1.158737,"boundary_iou":null,"boundary_source":"OSM relation/8694608","centroid_lat":35.7964037,"centroid_lon":50.9008355,"city_fa":"کرج","confidence":"confirmed_polygon","data_quality_note":"Neighborhood (محله) boundary from OpenStreetMap; no official municipal polygon layer publicly available for Karaj.","duplicate_of_layer":null,"extraction_date":"2026-08-19","feature_level":"mahalleh","geometry_type":"MultiPolygon","is_duplicate":false,"mantaqe":4,"mantaqe_assignment_method":"point_in_polygon_osm_admin9","mantaqe_name_fa":"منطقه ۴ شهر کرج","match_name_method":null,"match_spatial_test":null,"match_tier":null,"metric_crs":"EPSG:32639 (UTM 39N) for area/perimeter; representative_point for polygon centroid","nahiye_assignment_method":null,"nahiye_fa":null,"name_en":"Phase 2 Mehrshahr","name_fa":"فاز ۲ مهرشهر","name_latin":"Faz 2 Mhrshhr","name_latin_method":"automated_transliteration (rule-based Persian->Latin grapheme mapping, approximate, NOT authoritative; unwritten short vowels not recovered)","name_source":"name","osm_id":8694608,"osm_type":"relation","perimeter_km":4.527401,"place_type":"neighbourhood","point_osm_id":null,"prior_boundary_source":null,"province_fa":"استان البرز","source":"OpenStreetMap via Overpass API (ODbL 1.0) relation/8694608","tentative_match":false,"wikidata":null,"wikipedia":null,"within_municipal_code":null,"within_municipal_code_method":null,"within_municipal_mahalleh":null},"geometry":{"type":"MultiPolygon","coordinates":[[[[50.8909494,35.7976254],[50.9023919,35.7910279],[50.9028778,35.7912762],[50.9042369,35.7917429],[50.9052399,35.7921629],[50.9057206,35.7924278],[50.9075674,35.7939295],[50.9083602,35.7944427],[50.9092839,35.7949279],[50.9103839,35.7953731],[50.9068212,35.7974342],[50.9043723,35.7988236],[50.9037423,35.799237],[50.9000615,35.8013267],[50.896167,35.8035238],[50.896102,35.8035559],[50.8929709,35.7999109],[50.8926076,35.7994991],[50.8909494,35.7976254]]]]}},{"type":"Feature","properties":{"admin_level":11,"admin_level_note":"from OSM boundary=administrative admin_level=11 tag on this feature's own OSM geometry (neighborhood)","area_km2":0.739643,"boundary_iou":null,"boundary_source":"OSM relation/8694614","centroid_lat":35.7921346,"centroid_lon":50.8947202,"city_fa":"کرج","confidence":"confirmed_polygon","data_quality_note":"Neighborhood (محله) boundary from OpenStreetMap; no official municipal polygon layer publicly available for Karaj.","duplicate_of_layer":null,"extraction_date":"2026-08-19","feature_level":"mahalleh","geometry_type":"MultiPolygon","is_duplicate":false,"mantaqe":3,"mantaqe_assignment_method":"point_in_polygon_osm_admin9","mantaqe_name_fa":"منطقه ۳ شهر کرج","match_name_method":null,"match_spatial_test":null,"match_tier":null,"metric_crs":"EPSG:32639 (UTM 39N) for area/perimeter; representative_point for polygon centroid","nahiye_assignment_method":null,"nahiye_fa":null,"name_en":"Phase 3 Mehrshahr","name_fa":"فاز ۳ مهرشهر","name_latin":"Faz 3 Mhrshhr","name_latin_method":"automated_transliteration (rule-based Persian->Latin grapheme mapping, approximate, NOT authoritative; unwritten short vowels not recovered)","name_source":"name","osm_id":8694614,"osm_type":"relation","perimeter_km":3.658576,"place_type":"neighbourhood","point_osm_id":null,"prior_boundary_source":null,"province_fa":"استان البرز","source":"OpenStreetMap via Overpass API (ODbL 1.0) relation/8694614","tentative_match":false,"wikidata":null,"wikipedia":null,"within_municipal_code":null,"within_municipal_code_method":null,"within_municipal_mahalleh":null},"geometry":{"type":"MultiPolygon","coordinates":[[[[50.8870858,35.7932412],[50.8976423,35.7870342],[50.8992072,35.7882865],[50.9023919,35.7910279],[50.8909494,35.7976254],[50.8870858,35.7932412]]]]}},{"type":"Feature","properties":{"admin_level":11,"admin_level_note":"from OSM boundary=administrative admin_level=11 tag on this feature's own OSM geometry (neighborhood)","area_km2":1.762488,"boundary_iou":null,"boundary_source":"OSM relation/8694676","centroid_lat":35.8229508,"centroid_lon":51.0110198,"city_fa":"کرج","confidence":"confirmed_polygon","data_quality_note":"Neighborhood (محله) boundary from OpenStreetMap; no official municipal polygon layer publicly available for Karaj.","duplicate_of_layer":null,"extraction_date":"2026-08-19","feature_level":"mahalleh","geometry_type":"MultiPolygon","is_duplicate":false,"mantaqe":1,"mantaqe_assignment_method":"point_in_polygon_osm_admin9","mantaqe_name_fa":"منطقه ۱ شهر کرج","match_name_method":null,"match_spatial_test":null,"match_tier":null,"metric_crs":"EPSG:32639 (UTM 39N) for area/perimeter; representative_point for polygon centroid","nahiye_assignment_method":null,"nahiye_fa":null,"name_en":"Eslam Abaad","name_fa":"اسلام‌آباد","name_latin":"Aslam Abad","name_latin_method":"automated_transliteration (rule-based Persian->Latin grapheme mapping, approximate, NOT authoritative; unwritten short vowels not recovered)","name_source":"name","osm_id":8694676,"osm_type":"relation","perimeter_km":5.576672,"place_type":"neighbourhood","point_osm_id":null,"prior_boundary_source":null,"province_fa":"استان البرز","source":"OpenStreetMap via Overpass API (ODbL 1.0) relation/8694676","tentative_match":false,"wikidata":null,"wikipedia":null,"within_municipal_code":null,"within_municipal_code_method":null,"within_municipal_mahalleh":null},"geometry":{"type":"MultiPolygon","coordinates":[[[[51.0024552,35.8309485],[51.002417,35.8305235],[51.0024244,35.8301783],[51.0026758,35.8295641],[51.002737,35.8291014],[51.0030067,35.8279731],[51.0031807,35.8269766],[51.0032631,35.8260547],[51.0033222,35.8252591],[51.0033227,35.8244815],[51.0033079,35.8238735],[51.0033566,35.822892],[51.0034356,35.8224638],[51.003506,35.8220026],[51.0037174,35.821238],[51.0040738,35.8205033],[51.0042693,35.8200495],[51.0048381,35.8192445],[51.0049362,35.8189195],[51.0051156,35.8184897],[51.0053856,35.8182721],[51.0059005,35.8178567],[51.0063802,35.8176193],[51.0070734,35.8172483],[51.0076185,35.8169001],[51.0083913,35.8167191],[51.008818,35.8165873],[51.0092145,35.8163514],[51.010625,35.8155911],[51.0117405,35.8149944],[51.0137986,35.8168317],[51.0158601,35.8189243],[51.0171336,35.8201643],[51.0181121,35.8216549],[51.0185428,35.8223699],[51.0187004,35.8230095],[51.0190591,35.8243578],[51.0191756,35.8251743],[51.0194079,35.8280096],[51.0178447,35.8280693],[51.0152658,35.8281675],[51.0150261,35.8281766],[51.0143343,35.8281813],[51.0132275,35.8281854],[51.0124799,35.8281881],[51.0107476,35.8282431],[51.0084536,35.8282969],[51.0083355,35.8283533],[51.0082772,35.828537],[51.0082644,35.8291793],[51.0081905,35.8292293],[51.0080309,35.8307547],[51.0050454,35.8308562],[51.0027549,35.8309489],[51.0024552,35.8309485]]]]}},{"type":"Feature","properties":{"admin_level":11,"admin_level_note":"from OSM boundary=administrative admin_level=11 tag on this feature's own OSM geometry (neighborhood)","area_km2":0.454528,"boundary_iou":null,"boundary_source":"OSM relation/8694682","centroid_lat":35.8012907,"centroid_lon":50.9965359,"city_fa":"کرج","confidence":"confirmed_polygon","data_quality_note":"Neighborhood (محله) boundary from OpenStreetMap; no official municipal polygon layer publicly available for Karaj.","duplicate_of_layer":null,"extraction_date":"2026-08-19","feature_level":"mahalleh","geometry_type":"MultiPolygon","is_duplicate":false,"mantaqe":2,"mantaqe_assignment_method":"point_in_polygon_osm_admin9","mantaqe_name_fa":"منطقه ۲ شهر کرج","match_name_method":null,"match_spatial_test":null,"match_tier":null,"metric_crs":"EPSG:32639 (UTM 39N) for area/perimeter; representative_point for polygon centroid","nahiye_assignment_method":null,"nahiye_fa":null,"name_en":"Mesbah","name_fa":"مصباح","name_latin":"Msbah","name_latin_method":"automated_transliteration (rule-based Persian->Latin grapheme mapping, approximate, NOT authoritative; unwritten short vowels not recovered)","name_source":"name","osm_id":8694682,"osm_type":"relation","perimeter_km":2.651378,"place_type":"neighbourhood","point_osm_id":null,"prior_boundary_source":null,"province_fa":"استان البرز","source":"OpenStreetMap via Overpass API (ODbL 1.0) relation/8694682","tentative_match":false,"wikidata":null,"wikipedia":null,"within_municipal_code":null,"within_municipal_code_method":null,"within_municipal_mahalleh":null},"geometry":{"type":"MultiPolygon","coordinates":[[[[50.9911416,35.8022348],[50.9914106,35.8018995],[50.9924112,35.8006819],[50.9933981,35.7995224],[50.9938865,35.7991356],[50.9945128,35.7987436],[50.9952125,35.7985848],[50.9960267,35.7984586],[50.9968732,35.798365],[51.0001565,35.7980227],[51.0013633,35.7980007],[51.0013918,35.7984059],[51.0010855,35.8022329],[50.9977205,35.8035015],[50.9945179,35.8046631],[50.9943584,35.8045291],[50.9937608,35.8041071],[50.9933746,35.803817],[50.99259,35.8032762],[50.9917484,35.802688],[50.9911416,35.8022348]]]]}},{"type":"Feature","properties":{"admin_level":11,"admin_level_note":"from OSM boundary=administrative admin_level=11 tag on this feature's own OSM geometry (neighborhood)","area_km2":2.398576,"boundary_iou":null,"boundary_source":"OSM relation/8694723","centroid_lat":35.8117496,"centroid_lon":50.9974959,"city_fa":"کرج","confidence":"confirmed_polygon","data_quality_note":"Neighborhood (محله) boundary from OpenStreetMap; no official municipal polygon layer publicly available for Karaj.","duplicate_of_layer":null,"extraction_date":"2026-08-19","feature_level":"mahalleh","geometry_type":"MultiPolygon","is_duplicate":false,"mantaqe":2,"mantaqe_assignment_method":"point_in_polygon_osm_admin9","mantaqe_name_fa":"منطقه ۲ شهر کرج","match_name_method":null,"match_spatial_test":null,"match_tier":null,"metric_crs":"EPSG:32639 (UTM 39N) for area/perimeter; representative_point for polygon centroid","nahiye_assignment_method":null,"nahiye_fa":null,"name_en":"Esfahaniha","name_fa":"اصفهانی ها","name_latin":"Asfhany Ha","name_latin_method":"automated_transliteration (rule-based Persian->Latin grapheme mapping, approximate, NOT authoritative; unwritten short vowels not recovered)","name_source":"name","osm_id":8694723,"osm_type":"relation","perimeter_km":6.610858,"place_type":"neighbourhood","point_osm_id":null,"prior_boundary_source":null,"province_fa":"استان البرز","source":"OpenStreetMap via Overpass API (ODbL 1.0) relation/8694723","tentative_match":false,"wikidata":null,"wikipedia":null,"within_municipal_code":null,"within_municipal_code_method":null,"within_municipal_mahalleh":null},"geometry":{"type":"MultiPolygon","coordinates":[[[[50.9865899,35.8127597],[50.986542,35.8123444],[50.986569,35.8118824],[50.9866954,35.8110468],[50.9868494,35.8103897],[50.9869727,35.8099893],[50.9871206,35.809577],[50.98759,35.808486],[50.9876712,35.8082974],[50.9879331,35.8077349],[50.9882481,35.8069915],[50.9888179,35.8056553],[50.9893212,35.8046809],[50.9898088,35.8038841],[50.9908863,35.8025165],[50.9911416,35.8022348],[50.9917484,35.802688],[50.99259,35.8032762],[50.9933746,35.803817],[50.9937608,35.8041071],[50.9943584,35.8045291],[50.9945179,35.8046631],[50.9977205,35.8035015],[51.0010855,35.8022329],[51.0010713,35.8023687],[51.0011147,35.8029844],[51.0014486,35.80367],[51.0019319,35.8045806],[51.0032874,35.8069914],[51.0036777,35.8076765],[51.0046,35.8086538],[51.0053551,35.8092231],[51.0056811,35.8094688],[51.0063322,35.8098986],[51.008428,35.8112368],[51.0087097,35.8116169],[51.0072347,35.8122549],[51.0048576,35.8134814],[51.0028603,35.8145247],[51.0009165,35.8155478],[50.9990091,35.816547],[50.9975988,35.8173228],[50.9962627,35.8181101],[50.9937388,35.8194027],[50.9910956,35.8207102],[50.990111,35.8212057],[50.9897464,35.8206535],[50.9894407,35.8200948],[50.9892704,35.8195966],[50.9892003,35.8189662],[50.9892656,35.8186219],[50.989319,35.8182692],[50.9893252,35.8178969],[50.9892328,35.8174522],[50.989091,35.8171099],[50.9887306,35.8166727],[50.9880743,35.816091],[50.9876399,35.8156383],[50.9873626,35.8152485],[50.9871746,35.8148388],[50.9870391,35.8144315],[50.9869435,35.8140842],[50.9868295,35.813697],[50.9866048,35.8128893],[50.9865899,35.8127597]]]]}},{"type":"Feature","properties":{"admin_level":11,"admin_level_note":"from OSM boundary=administrative admin_level=11 tag on this feature's own OSM geometry (neighborhood)","area_km2":1.405977,"boundary_iou":null,"boundary_source":"OSM relation/8694748","centroid_lat":35.796498,"centroid_lon":50.9924988,"city_fa":"کرج","confidence":"confirmed_polygon","data_quality_note":"Neighborhood (محله) boundary from OpenStreetMap; no official municipal polygon layer publicly available for Karaj.","duplicate_of_layer":null,"extraction_date":"2026-08-19","feature_level":"mahalleh","geometry_type":"MultiPolygon","is_duplicate":false,"mantaqe":2,"mantaqe_assignment_method":"point_in_polygon_osm_admin9","mantaqe_name_fa":"منطقه ۲ شهر کرج","match_name_method":null,"match_spatial_test":null,"match_tier":null,"metric_crs":"EPSG:32639 (UTM 39N) for area/perimeter; representative_point for polygon centroid","nahiye_assignment_method":null,"nahiye_fa":null,"name_en":"Ghalamestan","name_fa":"قلمستان","name_latin":"Qlmstan","name_latin_method":"automated_transliteration (rule-based Persian->Latin grapheme mapping, approximate, NOT authoritative; unwritten short vowels not recovered)","name_source":"name","osm_id":8694748,"osm_type":"relation","perimeter_km":5.285435,"place_type":"neighbourhood","point_osm_id":null,"prior_boundary_source":null,"province_fa":"استان البرز","source":"OpenStreetMap via Overpass API (ODbL 1.0) relation/8694748","tentative_match":false,"wikidata":null,"wikipedia":null,"within_municipal_code":null,"within_municipal_code_method":null,"within_municipal_mahalleh":null},"geometry":{"type":"MultiPolygon","coordinates":[[[[50.9811515,35.7949018],[50.9827676,35.7942862],[50.9849007,35.7934888],[50.9874404,35.7926878],[50.9877161,35.7926008],[50.9907617,35.791901],[50.9920641,35.7916598],[50.9936285,35.7914474],[50.9951291,35.7913405],[50.9960489,35.7913004],[50.9985161,35.7911576],[51.0035606,35.7906427],[51.0035329,35.7913967],[51.0033863,35.7921094],[51.0028479,35.7930973],[51.0023238,35.7940487],[51.0022982,35.7940869],[51.0022175,35.7944935],[51.0016765,35.7971018],[51.0016236,35.7972716],[51.0013633,35.7980007],[51.0001565,35.7980227],[50.9968732,35.798365],[50.9960267,35.7984586],[50.9952125,35.7985848],[50.9945128,35.7987436],[50.9938865,35.7991356],[50.9933981,35.7995224],[50.9924112,35.8006819],[50.9914106,35.8018995],[50.9911416,35.8022348],[50.9906155,35.8018457],[50.9897959,35.8012566],[50.9888206,35.8005594],[50.9883583,35.8002242],[50.9859043,35.7984862],[50.9857114,35.7983496],[50.984339,35.7973651],[50.9832206,35.7965741],[50.983171,35.796422],[50.9826685,35.7960545],[50.9819854,35.7955579],[50.9811515,35.7949018]]]]}},{"type":"Feature","properties":{"admin_level":11,"admin_level_note":"from OSM boundary=administrative admin_level=11 tag on this feature's own OSM geometry (neighborhood)","area_km2":1.175046,"boundary_iou":null,"boundary_source":"OSM relation/8694821","centroid_lat":35.8017191,"centroid_lon":50.9848908,"city_fa":"کرج","confidence":"confirmed_polygon","data_quality_note":"Neighborhood (محله) boundary from OpenStreetMap; no official municipal polygon layer publicly available for Karaj.","duplicate_of_layer":null,"extraction_date":"2026-08-19","feature_level":"mahalleh","geometry_type":"MultiPolygon","is_duplicate":false,"mantaqe":2,"mantaqe_assignment_method":"point_in_polygon_osm_admin9","mantaqe_name_fa":"منطقه ۲ شهر کرج","match_name_method":null,"match_spatial_test":null,"match_tier":null,"metric_crs":"EPSG:32639 (UTM 39N) for area/perimeter; representative_point for polygon centroid","nahiye_assignment_method":null,"nahiye_fa":null,"name_en":"Shahrak Fahmideh","name_fa":"شهرک فهمیده","name_latin":"Shhrk Fhmydeh","name_latin_method":"automated_transliteration (rule-based Persian->Latin grapheme mapping, approximate, NOT authoritative; unwritten short vowels not recovered)","name_source":"name","osm_id":8694821,"osm_type":"relation","perimeter_km":5.401798,"place_type":"neighbourhood","point_osm_id":null,"prior_boundary_source":null,"province_fa":"استان البرز","source":"OpenStreetMap via Overpass API (ODbL 1.0) relation/8694821","tentative_match":false,"wikidata":null,"wikipedia":null,"within_municipal_code":null,"within_municipal_code_method":null,"within_municipal_mahalleh":null},"geometry":{"type":"MultiPolygon","coordinates":[[[[50.9720179,35.7996816],[50.9747857,35.7978236],[50.9780023,35.7962092],[50.9799005,35.7954027],[50.9809345,35.7949903],[50.9811515,35.7949018],[50.9819854,35.7955579],[50.9826685,35.7960545],[50.983171,35.796422],[50.9832206,35.7965741],[50.984339,35.7973651],[50.9857114,35.7983496],[50.9859043,35.7984862],[50.9883583,35.8002242],[50.9888206,35.8005594],[50.9897959,35.8012566],[50.9906155,35.8018457],[50.9911416,35.8022348],[50.9908863,35.8025165],[50.9898088,35.8038841],[50.9893212,35.8046809],[50.9888179,35.8056553],[50.9882481,35.8069915],[50.9879331,35.8077349],[50.9876712,35.8082974],[50.98759,35.808486],[50.987231,35.8083713],[50.9814521,35.806273],[50.9801305,35.8058111],[50.9791638,35.8054399],[50.977562,35.8048718],[50.9775897,35.8047817],[50.9776071,35.8047762],[50.9778432,35.8045721],[50.9784682,35.804049],[50.978939,35.8037347],[50.9795799,35.8035868],[50.9803223,35.8034222],[50.9808815,35.803295],[50.9813295,35.8031884],[50.9813565,35.8031605],[50.981232,35.8027068],[50.9807782,35.8025238],[50.9804285,35.8023705],[50.9797333,35.8019765],[50.9791499,35.8015924],[50.9794636,35.8012459],[50.9788998,35.8009817],[50.9783071,35.800775],[50.9766221,35.8002315],[50.9745924,35.7998709],[50.9732738,35.7998519],[50.9722213,35.7998275],[50.972161,35.7997625],[50.9720179,35.7996816]]]]}},{"type":"Feature","properties":{"admin_level":11,"admin_level_note":"from OSM boundary=administrative admin_level=11 tag on this feature's own OSM geometry (neighborhood)","area_km2":1.043758,"boundary_iou":null,"boundary_source":"OSM relation/8695020","centroid_lat":35.8357311,"centroid_lon":50.9356521,"city_fa":"کرج","confidence":"confirmed_polygon","data_quality_note":"Neighborhood (محله) boundary from OpenStreetMap; no official municipal polygon layer publicly available for Karaj.","duplicate_of_layer":null,"extraction_date":"2026-08-19","feature_level":"mahalleh","geometry_type":"MultiPolygon","is_duplicate":false,"mantaqe":5,"mantaqe_assignment_method":"point_in_polygon_osm_admin9","mantaqe_name_fa":"منطقه ۵ شهر کرج","match_name_method":null,"match_spatial_test":null,"match_tier":null,"metric_crs":"EPSG:32639 (UTM 39N) for area/perimeter; representative_point for polygon centroid","nahiye_assignment_method":null,"nahiye_fa":null,"name_en":"Hesarak bala","name_fa":"حصارک بالا","name_latin":"Hsark Bala","name_latin_method":"automated_transliteration (rule-based Persian->Latin grapheme mapping, approximate, NOT authoritative; unwritten short vowels not recovered)","name_source":"name","osm_id":8695020,"osm_type":"relation","perimeter_km":4.284253,"place_type":"neighbourhood","point_osm_id":null,"prior_boundary_source":null,"province_fa":"استان البرز","source":"OpenStreetMap via Overpass API (ODbL 1.0) relation/8695020","tentative_match":false,"wikidata":null,"wikipedia":null,"within_municipal_code":null,"within_municipal_code_method":null,"within_municipal_mahalleh":null},"geometry":{"type":"MultiPolygon","coordinates":[[[[50.9275757,35.8317473],[50.9281946,35.8315798],[50.9290472,35.8313583],[50.9301949,35.8310465],[50.9307404,35.8308851],[50.9310902,35.8307824],[50.9314918,35.8306909],[50.9318826,35.83063],[50.9322793,35.8305929],[50.9326687,35.8305618],[50.932792,35.8305549],[50.9330857,35.8305493],[50.9363638,35.8309484],[50.9364389,35.8309544],[50.9365314,35.830951],[50.9366644,35.8309318],[50.9373361,35.8307118],[50.9378319,35.8304889],[50.9383408,35.8302659],[50.9389856,35.8299225],[50.939301,35.8297885],[50.9399652,35.8312026],[50.94131,35.8340648],[50.9414071,35.83427],[50.9424948,35.8365489],[50.9425833,35.8367907],[50.9426023,35.8369326],[50.9418086,35.8371762],[50.9408197,35.8374797],[50.9382565,35.8382804],[50.9357779,35.8390639],[50.9331768,35.839899],[50.9323097,35.8401803],[50.9315122,35.8404839],[50.9310684,35.8406529],[50.9310251,35.8406694],[50.9299769,35.839321],[50.9284585,35.8374813],[50.9278876,35.8368042],[50.9285681,35.8363646],[50.9298314,35.8350976],[50.9275757,35.8317473]]]]}},{"type":"Feature","properties":{"admin_level":11,"admin_level_note":"from OSM boundary=administrative admin_level=11 tag on this feature's own OSM geometry (neighborhood)","area_km2":2.289264,"boundary_iou":null,"boundary_source":"OSM relation/8695200","centroid_lat":35.8297252,"centroid_lon":50.9826537,"city_fa":"کرج","confidence":"confirmed_polygon","data_quality_note":"Neighborhood (محله) boundary from OpenStreetMap; no official municipal polygon layer publicly available for Karaj.","duplicate_of_layer":null,"extraction_date":"2026-08-19","feature_level":"mahalleh","geometry_type":"MultiPolygon","is_duplicate":false,"mantaqe":8,"mantaqe_assignment_method":"point_in_polygon_osm_admin9","mantaqe_name_fa":"منطقه ۸ شهر کرج","match_name_method":null,"match_spatial_test":null,"match_tier":null,"metric_crs":"EPSG:32639 (UTM 39N) for area/perimeter; representative_point for polygon centroid","nahiye_assignment_method":null,"nahiye_fa":null,"name_en":"Jahanshar","name_fa":"جهانشهر","name_latin":"Jhanshhr","name_latin_method":"automated_transliteration (rule-based Persian->Latin grapheme mapping, approximate, NOT authoritative; unwritten short vowels not recovered)","name_source":"name","osm_id":8695200,"osm_type":"relation","perimeter_km":6.344982,"place_type":"neighbourhood","point_osm_id":null,"prior_boundary_source":null,"province_fa":"استان البرز","source":"OpenStreetMap via Overpass API (ODbL 1.0) relation/8695200","tentative_match":false,"wikidata":"Q5956982","wikipedia":null,"within_municipal_code":null,"within_municipal_code_method":null,"within_municipal_mahalleh":null},"geometry":{"type":"MultiPolygon","coordinates":[[[[50.9698032,35.8283936],[50.9731719,35.8273886],[50.9735951,35.8272645],[50.9742342,35.8270772],[50.974976,35.8268598],[50.9751476,35.8268095],[50.9752583,35.826777],[50.9754812,35.8267117],[50.9766368,35.8263212],[50.9769044,35.8262164],[50.9773174,35.8260531],[50.9777028,35.8259236],[50.9779264,35.8258474],[50.9807462,35.8250208],[50.9811149,35.8248995],[50.9830312,35.824285],[50.9846192,35.8237345],[50.9855073,35.8234251],[50.9874873,35.8225419],[50.9888012,35.8218879],[50.990111,35.8212057],[50.9912006,35.8227454],[50.991906,35.8238162],[50.9919635,35.8238816],[50.9946859,35.8270793],[50.9941591,35.8291875],[50.9937819,35.8302671],[50.9935104,35.8310985],[50.993347,35.8315385],[50.9931496,35.8318102],[50.9924253,35.8326069],[50.9917822,35.8332945],[50.9915552,35.8335024],[50.9910795,35.8337333],[50.9905708,35.8339401],[50.9899851,35.8341683],[50.9865062,35.8357817],[50.9843851,35.8367142],[50.9835195,35.8370854],[50.9811032,35.8381577],[50.9805039,35.8383994],[50.9802435,35.8379248],[50.9799316,35.8372948],[50.9796136,35.8366377],[50.9790353,35.8362342],[50.9789048,35.8361822],[50.978748,35.836067],[50.9785723,35.8360532],[50.9779823,35.8360994],[50.9770086,35.8363776],[50.9768053,35.8360018],[50.9767034,35.8350052],[50.9762382,35.8350148],[50.9757728,35.8342307],[50.975435,35.83349],[50.974696,35.8317654],[50.9744907,35.8315435],[50.97359,35.8312691],[50.9729396,35.8310088],[50.9719552,35.8302628],[50.9698032,35.8283936]]]]}},{"type":"Feature","properties":{"admin_level":11,"admin_level_note":"from OSM boundary=administrative admin_level=11 tag on this feature's own OSM geometry (neighborhood)","area_km2":1.881031,"boundary_iou":null,"boundary_source":"OSM relation/8695303","centroid_lat":35.8118915,"centroid_lon":50.9428195,"city_fa":"کرج","confidence":"confirmed_polygon","data_quality_note":"Neighborhood (محله) boundary from OpenStreetMap; no official municipal polygon layer publicly available for Karaj.","duplicate_of_layer":null,"extraction_date":"2026-08-19","feature_level":"mahalleh","geometry_type":"MultiPolygon","is_duplicate":false,"mantaqe":4,"mantaqe_assignment_method":"point_in_polygon_osm_admin9","mantaqe_name_fa":"منطقه ۴ شهر کرج","match_name_method":null,"match_spatial_test":null,"match_tier":null,"metric_crs":"EPSG:32639 (UTM 39N) for area/perimeter; representative_point for polygon centroid","nahiye_assignment_method":null,"nahiye_fa":null,"name_en":"Phase 4 Mehrshahr","name_fa":"فاز ۴ مهرشهر","name_latin":"Faz 4 Mhrshhr","name_latin_method":"automated_transliteration (rule-based Persian->Latin grapheme mapping, approximate, NOT authoritative; unwritten short vowels not recovered)","name_source":"name","osm_id":8695303,"osm_type":"relation","perimeter_km":6.447274,"place_type":"neighbourhood","point_osm_id":null,"prior_boundary_source":null,"province_fa":"استان البرز","source":"OpenStreetMap via Overpass API (ODbL 1.0) relation/8695303","tentative_match":false,"wikidata":null,"wikipedia":null,"within_municipal_code":null,"within_municipal_code_method":null,"within_municipal_mahalleh":null},"geometry":{"type":"MultiPolygon","coordinates":[[[[50.9260734,35.8143418],[50.9290668,35.81259],[50.9425678,35.8048994],[50.9463362,35.8068781],[50.9488136,35.8084026],[50.9499571,35.8090293],[50.9509838,35.8094518],[50.9527724,35.8101535],[50.9558184,35.8110123],[50.9566034,35.8113498],[50.9540887,35.8124332],[50.9527628,35.8130145],[50.9518652,35.8133025],[50.9500783,35.8138702],[50.9482564,35.8143184],[50.9439008,35.8151022],[50.939833,35.8157516],[50.9376743,35.8161158],[50.9359039,35.8163949],[50.9318227,35.8170541],[50.9288036,35.8175694],[50.9272781,35.817819],[50.9269691,35.8166525],[50.92675,35.8160011],[50.9260734,35.8143418]]]]}},{"type":"Feature","properties":{"admin_level":11,"admin_level_note":"from OSM boundary=administrative admin_level=11 tag on this feature's own OSM geometry (neighborhood)","area_km2":0.86513,"boundary_iou":null,"boundary_source":"OSM relation/8695307","centroid_lat":35.8373548,"centroid_lon":50.9966996,"city_fa":"کرج","confidence":"confirmed_polygon","data_quality_note":"Neighborhood (محله) boundary from OpenStreetMap; no official municipal polygon layer publicly available for Karaj.","duplicate_of_layer":null,"extraction_date":"2026-08-19","feature_level":"mahalleh","geometry_type":"MultiPolygon","is_duplicate":false,"mantaqe":8,"mantaqe_assignment_method":"point_in_polygon_osm_admin9","mantaqe_name_fa":"منطقه ۸ شهر کرج","match_name_method":null,"match_spatial_test":null,"match_tier":null,"metric_crs":"EPSG:32639 (UTM 39N) for area/perimeter; representative_point for polygon centroid","nahiye_assignment_method":null,"nahiye_fa":null,"name_en":"Kooye Modarres","name_fa":"کوی مدرس","name_latin":"Kvy Mdrs","name_latin_method":"automated_transliteration (rule-based Persian->Latin grapheme mapping, approximate, NOT authoritative; unwritten short vowels not recovered)","name_source":"name","osm_id":8695307,"osm_type":"relation","perimeter_km":3.912026,"place_type":"neighbourhood","point_osm_id":null,"prior_boundary_source":null,"province_fa":"استان البرز","source":"OpenStreetMap via Overpass API (ODbL 1.0) relation/8695307","tentative_match":false,"wikidata":null,"wikipedia":null,"within_municipal_code":null,"within_municipal_code_method":null,"within_municipal_mahalleh":null},"geometry":{"type":"MultiPolygon","coordinates":[[[[50.9887229,35.8401337],[50.989294,35.8400025],[50.989794,35.8397717],[50.990086,35.8395816],[50.9902807,35.8393914],[50.9906373,35.8389661],[50.991088,35.8384366],[50.9919123,35.837558],[50.993069,35.8362474],[50.9933268,35.8359544],[50.9937903,35.8353656],[50.9951994,35.8338172],[50.9958149,35.8332022],[50.9969325,35.8322073],[50.9976295,35.8317336],[50.9983097,35.8313515],[50.998794,35.8318491],[50.9990536,35.8321167],[50.999926,35.8331188],[51.0002582,35.8335325],[51.0005213,35.8338243],[51.0019056,35.8353943],[51.0025572,35.8360727],[51.0024841,35.8361429],[51.0017481,35.8368436],[51.0014633,35.8371517],[51.0007241,35.8381164],[50.9997986,35.8393209],[50.9988475,35.8405657],[50.9975215,35.8423518],[50.997368,35.8424415],[50.9969335,35.842499],[50.9910398,35.8428477],[50.988843,35.8429851],[50.9886169,35.8406692],[50.9886624,35.840462],[50.9887229,35.8401337]]]]}},{"type":"Feature","properties":{"admin_level":11,"admin_level_note":"from OSM boundary=administrative admin_level=11 tag on this feature's own OSM geometry (neighborhood)","area_km2":1.684324,"boundary_iou":null,"boundary_source":"OSM relation/8695569","centroid_lat":35.8396783,"centroid_lon":50.9207327,"city_fa":"کرج","confidence":"confirmed_polygon","data_quality_note":"Neighborhood (محله) boundary from OpenStreetMap; no official municipal polygon layer publicly available for Karaj.","duplicate_of_layer":null,"extraction_date":"2026-08-19","feature_level":"mahalleh","geometry_type":"MultiPolygon","is_duplicate":false,"mantaqe":5,"mantaqe_assignment_method":"point_in_polygon_osm_admin9","mantaqe_name_fa":"منطقه ۵ شهر کرج","match_name_method":null,"match_spatial_test":null,"match_tier":null,"metric_crs":"EPSG:32639 (UTM 39N) for area/perimeter; representative_point for polygon centroid","nahiye_assignment_method":null,"nahiye_fa":null,"name_en":"Hesarak","name_fa":"حصارک پایین","name_latin":"Hsark Payyn","name_latin_method":"automated_transliteration (rule-based Persian->Latin grapheme mapping, approximate, NOT authoritative; unwritten short vowels not recovered)","name_source":"name","osm_id":8695569,"osm_type":"relation","perimeter_km":5.586799,"place_type":"neighbourhood","point_osm_id":null,"prior_boundary_source":null,"province_fa":"استان البرز","source":"OpenStreetMap via Overpass API (ODbL 1.0) relation/8695569","tentative_match":false,"wikidata":null,"wikipedia":null,"within_municipal_code":null,"within_municipal_code_method":null,"within_municipal_mahalleh":null},"geometry":{"type":"MultiPolygon","coordinates":[[[[50.910224,35.8402239],[50.9108657,35.8398621],[50.9115559,35.8394946],[50.912817,35.8388404],[50.9137478,35.8383524],[50.9155515,35.8373836],[50.9172,35.8364938],[50.919016,35.8355205],[50.9202431,35.834879],[50.9215097,35.8342009],[50.9223032,35.8337761],[50.9233425,35.8333762],[50.9275757,35.8317473],[50.9298314,35.8350976],[50.9285681,35.8363646],[50.9278876,35.8368042],[50.9284585,35.8374813],[50.9299769,35.839321],[50.9310251,35.8406694],[50.9308798,35.8407289],[50.9272305,35.8422238],[50.9246693,35.8432973],[50.9231658,35.8439079],[50.9202239,35.8451215],[50.9182015,35.8459524],[50.9170754,35.846419],[50.9151428,35.8472634],[50.9137001,35.8445615],[50.9133112,35.8442202],[50.9125038,35.843607],[50.9102725,35.8419646],[50.910109,35.84168],[50.9100441,35.8413348],[50.9101587,35.8403246],[50.910224,35.8402239]]]]}},{"type":"Feature","properties":{"admin_level":11,"admin_level_note":"from OSM boundary=administrative admin_level=11 tag on this feature's own OSM geometry (neighborhood)","area_km2":0.772279,"boundary_iou":null,"boundary_source":"OSM relation/8727523","centroid_lat":35.834767,"centroid_lon":50.9915147,"city_fa":"کرج","confidence":"confirmed_polygon","data_quality_note":"Neighborhood (محله) boundary from OpenStreetMap; no official municipal polygon layer publicly available for Karaj.","duplicate_of_layer":null,"extraction_date":"2026-08-19","feature_level":"mahalleh","geometry_type":"MultiPolygon","is_duplicate":false,"mantaqe":8,"mantaqe_assignment_method":"point_in_polygon_osm_admin9","mantaqe_name_fa":"منطقه ۸ شهر کرج","match_name_method":null,"match_spatial_test":null,"match_tier":null,"metric_crs":"EPSG:32639 (UTM 39N) for area/perimeter; representative_point for polygon centroid","nahiye_assignment_method":null,"nahiye_fa":null,"name_en":"Haji Abad","name_fa":"حاجی آباد","name_latin":"Hajy Abad","name_latin_method":"automated_transliteration (rule-based Persian->Latin grapheme mapping, approximate, NOT authoritative; unwritten short vowels not recovered)","name_source":"name","osm_id":8727523,"osm_type":"relation","perimeter_km":4.849174,"place_type":"neighbourhood","point_osm_id":null,"prior_boundary_source":null,"province_fa":"استان البرز","source":"OpenStreetMap via Overpass API (ODbL 1.0) relation/8727523","tentative_match":false,"wikidata":null,"wikipedia":null,"within_municipal_code":null,"within_municipal_code_method":null,"within_municipal_mahalleh":null},"geometry":{"type":"MultiPolygon","coordinates":[[[[50.9805039,35.8383994],[50.9811032,35.8381577],[50.9835195,35.8370854],[50.9843851,35.8367142],[50.9865062,35.8357817],[50.9899851,35.8341683],[50.9905708,35.8339401],[50.9910795,35.8337333],[50.9915552,35.8335024],[50.9917822,35.8332945],[50.9924253,35.8326069],[50.9931496,35.8318102],[50.993347,35.8315385],[50.9935104,35.8310985],[50.9937819,35.8302671],[50.9941591,35.8291875],[50.9946859,35.8270793],[50.9970697,35.8298946],[50.9979386,35.8308605],[50.9983097,35.8313515],[50.9976295,35.8317336],[50.9969325,35.8322073],[50.9958149,35.8332022],[50.9951994,35.8338172],[50.9937903,35.8353656],[50.9933268,35.8359544],[50.993069,35.8362474],[50.9919123,35.837558],[50.991088,35.8384366],[50.9906373,35.8389661],[50.9902807,35.8393914],[50.990086,35.8395816],[50.989794,35.8397717],[50.989294,35.8400025],[50.9887229,35.8401337],[50.9842466,35.8413432],[50.9839228,35.8414219],[50.9828117,35.841482],[50.982257,35.8415806],[50.9818626,35.8416805],[50.9818388,35.8412095],[50.9817977,35.8409475],[50.98174,35.8408127],[50.9805039,35.8383994]]]]}},{"type":"Feature","properties":{"admin_level":11,"admin_level_note":"from OSM boundary=administrative admin_level=11 tag on this feature's own OSM geometry (neighborhood)","area_km2":0.172073,"boundary_iou":null,"boundary_source":"OSM relation/8727978","centroid_lat":35.8838051,"centroid_lon":50.9452837,"city_fa":"کرج","confidence":"confirmed_polygon","data_quality_note":"Neighborhood (محله) boundary from OpenStreetMap; no official municipal polygon layer publicly available for Karaj.","duplicate_of_layer":null,"extraction_date":"2026-08-19","feature_level":"mahalleh","geometry_type":"MultiPolygon","is_duplicate":false,"mantaqe":6,"mantaqe_assignment_method":"point_in_polygon_osm_admin9","mantaqe_name_fa":"منطقه ۶ شهر کرج","match_name_method":null,"match_spatial_test":null,"match_tier":null,"metric_crs":"EPSG:32639 (UTM 39N) for area/perimeter; representative_point for polygon centroid","nahiye_assignment_method":null,"nahiye_fa":null,"name_en":null,"name_fa":"شهرک البرز ۳","name_latin":"Shhrk Albrz 3","name_latin_method":"automated_transliteration (rule-based Persian->Latin grapheme mapping, approximate, NOT authoritative; unwritten short vowels not recovered)","name_source":"name","osm_id":8727978,"osm_type":"relation","perimeter_km":1.719243,"place_type":"neighbourhood","point_osm_id":null,"prior_boundary_source":null,"province_fa":"استان البرز","source":"OpenStreetMap via Overpass API (ODbL 1.0) relation/8727978","tentative_match":false,"wikidata":null,"wikipedia":null,"within_municipal_code":null,"within_municipal_code_method":null,"within_municipal_mahalleh":null},"geometry":{"type":"MultiPolygon","coordinates":[[[[50.94216,35.8855242],[50.9424119,35.8846816],[50.9433978,35.8820471],[50.9462065,35.8822487],[50.9469196,35.8816416],[50.9477385,35.8833017],[50.9479165,35.8843085],[50.9479165,35.8855631],[50.94216,35.8855242]]]]}},{"type":"Feature","properties":{"admin_level":11,"admin_level_note":"from OSM boundary=administrative admin_level=11 tag on this feature's own OSM geometry (neighborhood)","area_km2":0.089445,"boundary_iou":null,"boundary_source":"OSM relation/8727985","centroid_lat":35.86565,"centroid_lon":50.9210586,"city_fa":"کرج","confidence":"confirmed_polygon","data_quality_note":"Neighborhood (محله) boundary from OpenStreetMap; no official municipal polygon layer publicly available for Karaj.","duplicate_of_layer":null,"extraction_date":"2026-08-19","feature_level":"mahalleh","geometry_type":"MultiPolygon","is_duplicate":false,"mantaqe":6,"mantaqe_assignment_method":"point_in_polygon_osm_admin9","mantaqe_name_fa":"منطقه ۶ شهر کرج","match_name_method":null,"match_spatial_test":null,"match_tier":null,"metric_crs":"EPSG:32639 (UTM 39N) for area/perimeter; representative_point for polygon centroid","nahiye_assignment_method":null,"nahiye_fa":null,"name_en":null,"name_fa":"شهرک کوثر","name_latin":"Shhrk Kvsr","name_latin_method":"automated_transliteration (rule-based Persian->Latin grapheme mapping, approximate, NOT authoritative; unwritten short vowels not recovered)","name_source":"name","osm_id":8727985,"osm_type":"relation","perimeter_km":1.228608,"place_type":"neighbourhood","point_osm_id":null,"prior_boundary_source":null,"province_fa":"استان البرز","source":"OpenStreetMap via Overpass API (ODbL 1.0) relation/8727985","tentative_match":false,"wikidata":null,"wikipedia":null,"within_municipal_code":null,"within_municipal_code_method":null,"within_municipal_mahalleh":null},"geometry":{"type":"MultiPolygon","coordinates":[[[[50.9197025,35.8669951],[50.9187056,35.8650868],[50.9225733,35.8637716],[50.9225808,35.8638042],[50.9228794,35.8651058],[50.9233552,35.8661942],[50.9197025,35.8669951]]]]}},{"type":"Feature","properties":{"admin_level":11,"admin_level_note":"from OSM boundary=administrative admin_level=11 tag on this feature's own OSM geometry (neighborhood)","area_km2":2.920122,"boundary_iou":null,"boundary_source":"OSM relation/14241169","centroid_lat":35.859436,"centroid_lon":50.9674947,"city_fa":"کرج","confidence":"confirmed_polygon","data_quality_note":"Neighborhood (محله) boundary from OpenStreetMap; no official municipal polygon layer publicly available for Karaj.","duplicate_of_layer":null,"extraction_date":"2026-08-19","feature_level":"mahalleh","geometry_type":"MultiPolygon","is_duplicate":false,"mantaqe":7,"mantaqe_assignment_method":"point_in_polygon_osm_admin9","mantaqe_name_fa":"منطقه ۷ شهر کرج","match_name_method":null,"match_spatial_test":null,"match_tier":null,"metric_crs":"EPSG:32639 (UTM 39N) for area/perimeter; representative_point for polygon centroid","nahiye_assignment_method":null,"nahiye_fa":null,"name_en":"phase 3 qohardasht","name_fa":"فاز ۳ گوهردشت","name_latin":"Faz 3 Gvhrdsht","name_latin_method":"automated_transliteration (rule-based Persian->Latin grapheme mapping, approximate, NOT authoritative; unwritten short vowels not recovered)","name_source":"name","osm_id":14241169,"osm_type":"relation","perimeter_km":8.233556,"place_type":"neighbourhood","point_osm_id":null,"prior_boundary_source":null,"province_fa":"استان البرز","source":"OpenStreetMap via Overpass API (ODbL 1.0) relation/14241169","tentative_match":false,"wikidata":null,"wikipedia":null,"within_municipal_code":null,"within_municipal_code_method":null,"within_municipal_mahalleh":null},"geometry":{"type":"MultiPolygon","coordinates":[[[[50.9539621,35.8462967],[50.9565815,35.8460237],[50.9587151,35.8457129],[50.9591925,35.8467957],[50.9602868,35.8477262],[50.9614541,35.8496694],[50.962581,35.8514467],[50.9671858,35.8500931],[50.9673692,35.8499844],[50.9693527,35.8527048],[50.971815,35.8561136],[50.9729254,35.857657],[50.9751677,35.8608004],[50.9774208,35.8639392],[50.9774771,35.8640122],[50.9771989,35.8643009],[50.9761716,35.8653207],[50.976003,35.8654948],[50.9753535,35.866278],[50.9751772,35.8665749],[50.9745967,35.8676022],[50.9742408,35.8682894],[50.9739086,35.8689907],[50.9737442,35.8693864],[50.9732628,35.8705803],[50.9730604,35.8708964],[50.9728424,35.8711323],[50.9726153,35.8712974],[50.9722241,35.8714401],[50.9715852,35.8716261],[50.9702151,35.8720425],[50.9657666,35.8734464],[50.9638957,35.8686031],[50.9619708,35.8631836],[50.961877,35.8627817],[50.9618187,35.8625918],[50.9614031,35.8612389],[50.9613914,35.8611929],[50.9613468,35.8610503],[50.9612651,35.8607754],[50.9609153,35.8596962],[50.9606746,35.8591759],[50.9604805,35.8588122],[50.9581039,35.8543796],[50.9575854,35.8533943],[50.957483,35.8532006],[50.9574513,35.8531405],[50.9566519,35.8517196],[50.9558176,35.8501713],[50.9548912,35.8484688],[50.9545298,35.847868],[50.9542105,35.8474579],[50.9540206,35.847214],[50.9540062,35.8470548],[50.9539621,35.8462967]]]]}},{"type":"Feature","properties":{"admin_level":11,"admin_level_note":"from OSM boundary=administrative admin_level=11 tag on this feature's own OSM geometry (neighborhood)","area_km2":1.300189,"boundary_iou":null,"boundary_source":"OSM relation/14442545","centroid_lat":35.8216203,"centroid_lon":51.00047,"city_fa":"کرج","confidence":"confirmed_polygon","data_quality_note":"Neighborhood (محله) boundary from OpenStreetMap; no official municipal polygon layer publicly available for Karaj.","duplicate_of_layer":null,"extraction_date":"2026-08-19","feature_level":"mahalleh","geometry_type":"MultiPolygon","is_duplicate":false,"mantaqe":1,"mantaqe_assignment_method":"point_in_polygon_osm_admin9","mantaqe_name_fa":"منطقه ۱ شهر کرج","match_name_method":null,"match_spatial_test":null,"match_tier":null,"metric_crs":"EPSG:32639 (UTM 39N) for area/perimeter; representative_point for polygon centroid","nahiye_assignment_method":null,"nahiye_fa":null,"name_en":null,"name_fa":"برغان","name_latin":"Brghan","name_latin_method":"automated_transliteration (rule-based Persian->Latin grapheme mapping, approximate, NOT authoritative; unwritten short vowels not recovered)","name_source":"name","osm_id":14442545,"osm_type":"relation","perimeter_km":5.791036,"place_type":"neighbourhood","point_osm_id":null,"prior_boundary_source":null,"province_fa":"استان البرز","source":"OpenStreetMap via Overpass API (ODbL 1.0) relation/14442545","tentative_match":false,"wikidata":null,"wikipedia":null,"within_municipal_code":null,"within_municipal_code_method":null,"within_municipal_mahalleh":null},"geometry":{"type":"MultiPolygon","coordinates":[[[[50.9946859,35.8270793],[50.9961051,35.8237245],[50.9968185,35.8225979],[50.9982884,35.8197793],[50.9987068,35.8190094],[50.9995919,35.8179915],[51.0000318,35.817115],[51.0005844,35.8163298],[51.0009165,35.8155478],[51.0028603,35.8145247],[51.0048576,35.8134814],[51.0072347,35.8122549],[51.0087097,35.8116169],[51.0117405,35.8149944],[51.010625,35.8155911],[51.0092145,35.8163514],[51.008818,35.8165873],[51.0083913,35.8167191],[51.0076185,35.8169001],[51.0070734,35.8172483],[51.0063802,35.8176193],[51.0059005,35.8178567],[51.0053856,35.8182721],[51.0051156,35.8184897],[51.0049362,35.8189195],[51.0048381,35.8192445],[51.0042693,35.8200495],[51.0040738,35.8205033],[51.0037174,35.821238],[51.003506,35.8220026],[51.0034356,35.8224638],[51.0033566,35.822892],[51.0033079,35.8238735],[51.0033227,35.8244815],[51.0033222,35.8252591],[51.0032631,35.8260547],[51.0031807,35.8269766],[51.0030067,35.8279731],[51.002737,35.8291014],[51.0026758,35.8295641],[51.0024244,35.8301783],[51.002417,35.8305235],[51.0024552,35.8309485],[51.0015582,35.8309464],[50.9996985,35.8310453],[50.9987017,35.8311867],[50.9985491,35.831239],[50.9983097,35.8313515],[50.9979386,35.8308605],[50.9970697,35.8298946],[50.9946859,35.8270793]]]]}},{"type":"Feature","properties":{"admin_level":11,"admin_level_note":"from OSM boundary=administrative admin_level=11 tag on this feature's own OSM geometry (neighborhood)","area_km2":0.047792,"boundary_iou":null,"boundary_source":"OSM relation/16201872","centroid_lat":35.7759121,"centroid_lon":50.8770415,"city_fa":"کرج","confidence":"confirmed_polygon","data_quality_note":"Neighborhood (محله) boundary from OpenStreetMap; no official municipal polygon layer publicly available for Karaj.","duplicate_of_layer":null,"extraction_date":"2026-08-19","feature_level":"mahalleh","geometry_type":"MultiPolygon","is_duplicate":false,"mantaqe":3,"mantaqe_assignment_method":"point_in_polygon_osm_admin9","mantaqe_name_fa":"منطقه ۳ شهر کرج","match_name_method":null,"match_spatial_test":null,"match_tier":null,"metric_crs":"EPSG:32639 (UTM 39N) for area/perimeter; representative_point for polygon centroid","nahiye_assignment_method":null,"nahiye_fa":null,"name_en":null,"name_fa":"شهرک صدف","name_latin":"Shhrk Sdf","name_latin_method":"automated_transliteration (rule-based Persian->Latin grapheme mapping, approximate, NOT authoritative; unwritten short vowels not recovered)","name_source":"name","osm_id":16201872,"osm_type":"relation","perimeter_km":1.117995,"place_type":"neighbourhood","point_osm_id":null,"prior_boundary_source":null,"province_fa":"استان البرز","source":"OpenStreetMap via Overpass API (ODbL 1.0) relation/16201872","tentative_match":false,"wikidata":null,"wikipedia":null,"within_municipal_code":null,"within_municipal_code_method":null,"within_municipal_mahalleh":null},"geometry":{"type":"MultiPolygon","coordinates":[[[[50.8759686,35.7740431],[50.8789487,35.7771322],[50.8786647,35.7776202],[50.8782678,35.7779844],[50.8751594,35.7746921],[50.8751838,35.7745237],[50.8759686,35.7740431]]]]}},{"type":"Feature","properties":{"admin_level":11,"admin_level_note":"from OSM boundary=administrative admin_level=11 tag on this feature's own OSM geometry (neighborhood)","area_km2":0.651979,"boundary_iou":null,"boundary_source":"OSM relation/17193717","centroid_lat":35.7896077,"centroid_lon":50.9960709,"city_fa":"کرج","confidence":"confirmed_polygon","data_quality_note":"Neighborhood (محله) boundary from OpenStreetMap; no official municipal polygon layer publicly available for Karaj.","duplicate_of_layer":null,"extraction_date":"2026-08-19","feature_level":"mahalleh","geometry_type":"MultiPolygon","is_duplicate":false,"mantaqe":2,"mantaqe_assignment_method":"point_in_polygon_osm_admin9","mantaqe_name_fa":"منطقه ۲ شهر کرج","match_name_method":null,"match_spatial_test":null,"match_tier":null,"metric_crs":"EPSG:32639 (UTM 39N) for area/perimeter; representative_point for polygon centroid","nahiye_assignment_method":null,"nahiye_fa":null,"name_en":null,"name_fa":"شهرک یاس (تامین اجتماعی)","name_latin":"Shhrk Yas Tamyn Ajtmaay","name_latin_method":"automated_transliteration (rule-based Persian->Latin grapheme mapping, approximate, NOT authoritative; unwritten short vowels not recovered)","name_source":"name","osm_id":17193717,"osm_type":"relation","perimeter_km":3.732762,"place_type":"neighbourhood","point_osm_id":null,"prior_boundary_source":null,"province_fa":"استان البرز","source":"OpenStreetMap via Overpass API (ODbL 1.0) relation/17193717","tentative_match":false,"wikidata":null,"wikipedia":null,"within_municipal_code":null,"within_municipal_code_method":null,"within_municipal_mahalleh":null},"geometry":{"type":"MultiPolygon","coordinates":[[[[50.9863406,35.7914498],[50.9865618,35.7914244],[50.9870821,35.7909632],[50.9880155,35.7901429],[50.9897107,35.7887004],[50.9909365,35.787656],[50.992012,35.7867705],[50.9924546,35.7865986],[50.9939593,35.7864202],[50.9950778,35.7863767],[50.997005,35.7865235],[50.9979478,35.7865932],[50.9986022,35.7866541],[50.999022,35.7866802],[50.9991574,35.7866476],[50.999317,35.7865192],[50.9995392,35.7862932],[51.0004717,35.7870251],[51.0018557,35.7881369],[51.0026658,35.7887983],[51.0035616,35.7893684],[51.0034329,35.789847],[51.0035606,35.7906427],[50.9985161,35.7911576],[50.9960489,35.7913004],[50.9951291,35.7913405],[50.9936285,35.7914474],[50.9920641,35.7916598],[50.9907617,35.791901],[50.9877161,35.7926008],[50.9874404,35.7926878],[50.9868273,35.7921815],[50.9866556,35.7919988],[50.986425,35.7916289],[50.9863406,35.7914498]]]]}},{"type":"Feature","properties":{"admin_level":11,"admin_level_note":"from OSM boundary=administrative admin_level=11 tag on this feature's own OSM geometry (neighborhood)","area_km2":0.9267,"boundary_iou":null,"boundary_source":"OSM relation/20189736","centroid_lat":35.8767354,"centroid_lon":50.9782907,"city_fa":"کرج","confidence":"confirmed_polygon","data_quality_note":"Neighborhood (محله) boundary from OpenStreetMap; no official municipal polygon layer publicly available for Karaj.","duplicate_of_layer":null,"extraction_date":"2026-08-19","feature_level":"mahalleh","geometry_type":"MultiPolygon","is_duplicate":false,"mantaqe":7,"mantaqe_assignment_method":"point_in_polygon_osm_admin9","mantaqe_name_fa":"منطقه ۷ شهر کرج","match_name_method":null,"match_spatial_test":null,"match_tier":null,"metric_crs":"EPSG:32639 (UTM 39N) for area/perimeter; representative_point for polygon centroid","nahiye_assignment_method":null,"nahiye_fa":null,"name_en":null,"name_fa":"شهرک آسمان","name_latin":"Shhrk Asman","name_latin_method":"automated_transliteration (rule-based Persian->Latin grapheme mapping, approximate, NOT authoritative; unwritten short vowels not recovered)","name_source":"name","osm_id":20189736,"osm_type":"relation","perimeter_km":5.308453,"place_type":"neighbourhood","point_osm_id":null,"prior_boundary_source":null,"province_fa":"استان البرز","source":"OpenStreetMap via Overpass API (ODbL 1.0) relation/20189736","tentative_match":false,"wikidata":null,"wikipedia":null,"within_municipal_code":null,"within_municipal_code_method":null,"within_municipal_mahalleh":null},"geometry":{"type":"MultiPolygon","coordinates":[[[[50.9726153,35.8712974],[50.9728424,35.8711323],[50.9730604,35.8708964],[50.9732628,35.8705803],[50.9737442,35.8693864],[50.9739086,35.8689907],[50.9741539,35.8691777],[50.9746005,35.8696374],[50.9753501,35.8704644],[50.9764498,35.8716642],[50.9774771,35.8727878],[50.9785017,35.8739137],[50.9795129,35.8749852],[50.9800118,35.8752286],[50.9822327,35.8770368],[50.9843624,35.8788059],[50.9850624,35.8792905],[50.985505,35.8795285],[50.9859301,35.8796882],[50.9867348,35.8797871],[50.9874791,35.8797654],[50.9882677,35.8797339],[50.9886056,35.8797719],[50.9889637,35.8799708],[50.9899628,35.8806619],[50.9906224,35.8814734],[50.9898509,35.8816851],[50.9875077,35.8821441],[50.9855894,35.8826308],[50.9840591,35.8835093],[50.9824859,35.884666],[50.9807339,35.8830207],[50.9819274,35.8823113],[50.9808591,35.8814901],[50.9773335,35.881233],[50.9767556,35.881366],[50.976531,35.8810716],[50.9763962,35.880814],[50.9760019,35.8798497],[50.9757026,35.8792062],[50.9752347,35.8779866],[50.9752172,35.8779442],[50.9751091,35.8776823],[50.9750332,35.877498],[50.9745945,35.8764341],[50.9742265,35.8755663],[50.97387,35.8747466],[50.9733544,35.8735257],[50.9730581,35.8727338],[50.9726686,35.8718903],[50.9726153,35.8712974]]]]}},{"type":"Feature","properties":{"admin_level":11,"admin_level_note":"from OSM boundary=administrative admin_level=11 tag on this feature's own OSM geometry (neighborhood)","area_km2":0.764847,"boundary_iou":null,"boundary_source":"OSM relation/20190141","centroid_lat":35.8456834,"centroid_lon":50.9842269,"city_fa":"کرج","confidence":"confirmed_polygon","data_quality_note":"Neighborhood (محله) boundary from OpenStreetMap; no official municipal polygon layer publicly available for Karaj.","duplicate_of_layer":null,"extraction_date":"2026-08-19","feature_level":"mahalleh","geometry_type":"MultiPolygon","is_duplicate":false,"mantaqe":8,"mantaqe_assignment_method":"point_in_polygon_osm_admin9","mantaqe_name_fa":"منطقه ۸ شهر کرج","match_name_method":null,"match_spatial_test":null,"match_tier":null,"metric_crs":"EPSG:32639 (UTM 39N) for area/perimeter; representative_point for polygon centroid","nahiye_assignment_method":null,"nahiye_fa":null,"name_en":null,"name_fa":"مطهری","name_latin":"Mthry","name_latin_method":"automated_transliteration (rule-based Persian->Latin grapheme mapping, approximate, NOT authoritative; unwritten short vowels not recovered)","name_source":"name","osm_id":20190141,"osm_type":"relation","perimeter_km":3.660138,"place_type":"neighbourhood","point_osm_id":null,"prior_boundary_source":null,"province_fa":"استان البرز","source":"OpenStreetMap via Overpass API (ODbL 1.0) relation/20190141","tentative_match":false,"wikidata":null,"wikipedia":null,"within_municipal_code":null,"within_municipal_code_method":null,"within_municipal_mahalleh":null},"geometry":{"type":"MultiPolygon","coordinates":[[[[50.9772899,35.8428138],[50.9780555,35.8425742],[50.9793004,35.8423001],[50.9806582,35.8420164],[50.9809721,35.8419442],[50.9818626,35.8416805],[50.982257,35.8415806],[50.9828117,35.841482],[50.9839228,35.8414219],[50.9842466,35.8413432],[50.9887229,35.8401337],[50.9886624,35.840462],[50.9886169,35.8406692],[50.988843,35.8429851],[50.9889999,35.8447911],[50.9891003,35.8454549],[50.9891953,35.8461232],[50.9890958,35.8464321],[50.988857,35.8468663],[50.9885108,35.847246],[50.987876,35.8477468],[50.9871237,35.848323],[50.9864236,35.8488817],[50.9858657,35.849322],[50.9851845,35.8498601],[50.9845944,35.8503438],[50.983954,35.8509672],[50.9836278,35.8515196],[50.9833293,35.8512363],[50.9822364,35.8497236],[50.9819091,35.8492962],[50.9794833,35.8459119],[50.9777639,35.8434896],[50.9772899,35.8428138]]]]}},{"type":"Feature","properties":{"admin_level":11,"admin_level_note":"from OSM boundary=administrative admin_level=11 tag on this feature's own OSM geometry (neighborhood)","area_km2":0.946691,"boundary_iou":null,"boundary_source":"OSM relation/20190142","centroid_lat":35.8670036,"centroid_lon":50.9800842,"city_fa":"کرج","confidence":"confirmed_polygon","data_quality_note":"Neighborhood (محله) boundary from OpenStreetMap; no official municipal polygon layer publicly available for Karaj.","duplicate_of_layer":null,"extraction_date":"2026-08-19","feature_level":"mahalleh","geometry_type":"MultiPolygon","is_duplicate":false,"mantaqe":7,"mantaqe_assignment_method":"point_in_polygon_osm_admin9","mantaqe_name_fa":"منطقه ۷ شهر کرج","match_name_method":null,"match_spatial_test":null,"match_tier":null,"metric_crs":"EPSG:32639 (UTM 39N) for area/perimeter; representative_point for polygon centroid","nahiye_assignment_method":null,"nahiye_fa":null,"name_en":null,"name_fa":"شهرک سپهر","name_latin":"Shhrk Sphr","name_latin_method":"automated_transliteration (rule-based Persian->Latin grapheme mapping, approximate, NOT authoritative; unwritten short vowels not recovered)","name_source":"name","osm_id":20190142,"osm_type":"relation","perimeter_km":4.183096,"place_type":"neighbourhood","point_osm_id":null,"prior_boundary_source":null,"province_fa":"استان البرز","source":"OpenStreetMap via Overpass API (ODbL 1.0) relation/20190142","tentative_match":false,"wikidata":null,"wikipedia":null,"within_municipal_code":null,"within_municipal_code_method":null,"within_municipal_mahalleh":null},"geometry":{"type":"MultiPolygon","coordinates":[[[[50.9739086,35.8689907],[50.9742408,35.8682894],[50.9745967,35.8676022],[50.9751772,35.8665749],[50.9753535,35.866278],[50.976003,35.8654948],[50.9761716,35.8653207],[50.9771989,35.8643009],[50.9774771,35.8640122],[50.9775893,35.8638957],[50.9779259,35.8635198],[50.9783576,35.8630348],[50.9790053,35.86226],[50.9791595,35.8620415],[50.9793151,35.8617336],[50.9795351,35.8611858],[50.9797217,35.8604304],[50.9799687,35.8596473],[50.9801017,35.8596783],[50.9801337,35.8597489],[50.9801906,35.8598281],[50.9802917,35.859918],[50.9819351,35.8612746],[50.9837685,35.8627713],[50.9845608,35.8633915],[50.9857303,35.8643544],[50.9869344,35.8653201],[50.9864598,35.865689],[50.9856981,35.8664085],[50.9848988,35.8674323],[50.9841746,35.868406],[50.9833431,35.869532],[50.9825787,35.8705861],[50.981766,35.8717098],[50.9810257,35.8727618],[50.98039,35.8736616],[50.9797087,35.8746092],[50.9795129,35.8749852],[50.9785017,35.8739137],[50.9774771,35.8727878],[50.9764498,35.8716642],[50.9753501,35.8704644],[50.9746005,35.8696374],[50.9741539,35.8691777],[50.9739086,35.8689907]]]]}},{"type":"Feature","properties":{"admin_level":11,"admin_level_note":"from OSM boundary=administrative admin_level=11 tag on this feature's own OSM geometry (neighborhood)","area_km2":1.030167,"boundary_iou":null,"boundary_source":"OSM relation/20190143","centroid_lat":35.8720401,"centroid_lon":50.9882727,"city_fa":"کرج","confidence":"confirmed_polygon","data_quality_note":"Neighborhood (محله) boundary from OpenStreetMap; no official municipal polygon layer publicly available for Karaj.","duplicate_of_layer":null,"extraction_date":"2026-08-19","feature_level":"mahalleh","geometry_type":"MultiPolygon","is_duplicate":false,"mantaqe":7,"mantaqe_assignment_method":"point_in_polygon_osm_admin9","mantaqe_name_fa":"منطقه ۷ شهر کرج","match_name_method":null,"match_spatial_test":null,"match_tier":null,"metric_crs":"EPSG:32639 (UTM 39N) for area/perimeter; representative_point for polygon centroid","nahiye_assignment_method":null,"nahiye_fa":null,"name_en":null,"name_fa":"شهرک علی ابن ابیطالب (کوثر)","name_latin":"Shhrk Aly Abn Abytalb Kvsr","name_latin_method":"automated_transliteration (rule-based Persian->Latin grapheme mapping, approximate, NOT authoritative; unwritten short vowels not recovered)","name_source":"name","osm_id":20190143,"osm_type":"relation","perimeter_km":4.15261,"place_type":"neighbourhood","point_osm_id":null,"prior_boundary_source":null,"province_fa":"استان البرز","source":"OpenStreetMap via Overpass API (ODbL 1.0) relation/20190143","tentative_match":false,"wikidata":null,"wikipedia":null,"within_municipal_code":null,"within_municipal_code_method":null,"within_municipal_mahalleh":null},"geometry":{"type":"MultiPolygon","coordinates":[[[[50.9795129,35.8749852],[50.9797087,35.8746092],[50.98039,35.8736616],[50.9810257,35.8727618],[50.981766,35.8717098],[50.9825787,35.8705861],[50.9833431,35.869532],[50.9841746,35.868406],[50.9848988,35.8674323],[50.9856981,35.8664085],[50.9864598,35.865689],[50.9869344,35.8653201],[50.9871867,35.8655717],[50.9883475,35.8665281],[50.9888457,35.8669367],[50.9894384,35.8674312],[50.9901613,35.8680376],[50.99075,35.868531],[50.9913495,35.8690266],[50.9919061,35.8694896],[50.9924764,35.8699808],[50.9926444,35.8701166],[50.9927952,35.870237],[50.9934121,35.8707445],[50.9938399,35.8710931],[50.9942202,35.8714012],[50.9945729,35.8716843],[50.9949356,35.8719777],[50.9950881,35.8721024],[50.992704,35.8735942],[50.9901774,35.8751547],[50.9884608,35.8761414],[50.9861487,35.8775932],[50.9843624,35.8788059],[50.9822327,35.8770368],[50.9800118,35.8752286],[50.9795129,35.8749852]]]]}},{"type":"Feature","properties":{"admin_level":11,"admin_level_note":"from OSM boundary=administrative admin_level=11 tag on this feature's own OSM geometry (neighborhood)","area_km2":0.703326,"boundary_iou":null,"boundary_source":"OSM relation/20190144","centroid_lat":35.8771773,"centroid_lon":50.9928775,"city_fa":"کرج","confidence":"confirmed_polygon","data_quality_note":"Neighborhood (محله) boundary from OpenStreetMap; no official municipal polygon layer publicly available for Karaj.","duplicate_of_layer":null,"extraction_date":"2026-08-19","feature_level":"mahalleh","geometry_type":"MultiPolygon","is_duplicate":false,"mantaqe":7,"mantaqe_assignment_method":"point_in_polygon_osm_admin9","mantaqe_name_fa":"منطقه ۷ شهر کرج","match_name_method":null,"match_spatial_test":null,"match_tier":null,"metric_crs":"EPSG:32639 (UTM 39N) for area/perimeter; representative_point for polygon centroid","nahiye_assignment_method":null,"nahiye_fa":null,"name_en":null,"name_fa":"شهرک کیوانیه (معراج)","name_latin":"Shhrk Kyvanyeh Maraj","name_latin_method":"automated_transliteration (rule-based Persian->Latin grapheme mapping, approximate, NOT authoritative; unwritten short vowels not recovered)","name_source":"name","osm_id":20190144,"osm_type":"relation","perimeter_km":3.60857,"place_type":"neighbourhood","point_osm_id":null,"prior_boundary_source":null,"province_fa":"استان البرز","source":"OpenStreetMap via Overpass API (ODbL 1.0) relation/20190144","tentative_match":false,"wikidata":null,"wikipedia":null,"within_municipal_code":null,"within_municipal_code_method":null,"within_municipal_mahalleh":null},"geometry":{"type":"MultiPolygon","coordinates":[[[[50.9843624,35.8788059],[50.9861487,35.8775932],[50.9884608,35.8761414],[50.9901774,35.8751547],[50.992704,35.8735942],[50.9950881,35.8721024],[50.9960273,35.8728704],[50.9972772,35.8738637],[50.9986854,35.8750221],[50.9994578,35.8756394],[51.0002498,35.8763204],[50.9996614,35.8767613],[50.9969033,35.8783603],[50.9935073,35.880329],[50.992649,35.8808228],[50.9914474,35.881247],[50.9906224,35.8814734],[50.9899628,35.8806619],[50.9889637,35.8799708],[50.9886056,35.8797719],[50.9882677,35.8797339],[50.9874791,35.8797654],[50.9867348,35.8797871],[50.9859301,35.8796882],[50.985505,35.8795285],[50.9850624,35.8792905],[50.9843624,35.8788059]]]]}},{"type":"Feature","properties":{"admin_level":11,"admin_level_note":"from OSM boundary=administrative admin_level=11 tag on this feature's own OSM geometry (neighborhood)","area_km2":0.424985,"boundary_iou":null,"boundary_source":"OSM relation/20190152","centroid_lat":35.8219018,"centroid_lon":50.9938926,"city_fa":"کرج","confidence":"confirmed_polygon","data_quality_note":"Neighborhood (محله) boundary from OpenStreetMap; no official municipal polygon layer publicly available for Karaj.","duplicate_of_layer":null,"extraction_date":"2026-08-19","feature_level":"mahalleh","geometry_type":"MultiPolygon","is_duplicate":false,"mantaqe":1,"mantaqe_assignment_method":"point_in_polygon_osm_admin9","mantaqe_name_fa":"منطقه ۱ شهر کرج","match_name_method":null,"match_spatial_test":null,"match_tier":null,"metric_crs":"EPSG:32639 (UTM 39N) for area/perimeter; representative_point for polygon centroid","nahiye_assignment_method":null,"nahiye_fa":null,"name_en":null,"name_fa":"بهار","name_latin":"Bhar","name_latin_method":"automated_transliteration (rule-based Persian->Latin grapheme mapping, approximate, NOT authoritative; unwritten short vowels not recovered)","name_source":"name","osm_id":20190152,"osm_type":"relation","perimeter_km":3.335853,"place_type":"neighbourhood","point_osm_id":null,"prior_boundary_source":null,"province_fa":"استان البرز","source":"OpenStreetMap via Overpass API (ODbL 1.0) relation/20190152","tentative_match":false,"wikidata":null,"wikipedia":null,"within_municipal_code":null,"within_municipal_code_method":null,"within_municipal_mahalleh":null},"geometry":{"type":"MultiPolygon","coordinates":[[[[50.990111,35.8212057],[50.9910956,35.8207102],[50.9937388,35.8194027],[50.9962627,35.8181101],[50.9975988,35.8173228],[50.9990091,35.816547],[51.0009165,35.8155478],[51.0005844,35.8163298],[51.0000318,35.817115],[50.9995919,35.8179915],[50.9987068,35.8190094],[50.9982884,35.8197793],[50.9968185,35.8225979],[50.9961051,35.8237245],[50.9946859,35.8270793],[50.9919635,35.8238816],[50.991906,35.8238162],[50.9912006,35.8227454],[50.990111,35.8212057]]]]}},{"type":"Feature","properties":{"admin_level":11,"admin_level_note":"from OSM boundary=administrative admin_level=11 tag on this feature's own OSM geometry (neighborhood)","area_km2":3.776567,"boundary_iou":null,"boundary_source":"OSM relation/20190200","centroid_lat":35.8495798,"centroid_lon":50.9280591,"city_fa":"کرج","confidence":"confirmed_polygon","data_quality_note":"Neighborhood (محله) boundary from OpenStreetMap; no official municipal polygon layer publicly available for Karaj.","duplicate_of_layer":null,"extraction_date":"2026-08-19","feature_level":"mahalleh","geometry_type":"MultiPolygon","is_duplicate":false,"mantaqe":6,"mantaqe_assignment_method":"point_in_polygon_osm_admin9","mantaqe_name_fa":"منطقه ۶ شهر کرج","match_name_method":null,"match_spatial_test":null,"match_tier":null,"metric_crs":"EPSG:32639 (UTM 39N) for area/perimeter; representative_point for polygon centroid","nahiye_assignment_method":null,"nahiye_fa":null,"name_en":null,"name_fa":"حصارک بالا","name_latin":"Hsark Bala","name_latin_method":"automated_transliteration (rule-based Persian->Latin grapheme mapping, approximate, NOT authoritative; unwritten short vowels not recovered)","name_source":"name","osm_id":20190200,"osm_type":"relation","perimeter_km":8.783395,"place_type":"neighbourhood","point_osm_id":null,"prior_boundary_source":null,"province_fa":"استان البرز","source":"OpenStreetMap via Overpass API (ODbL 1.0) relation/20190200","tentative_match":false,"wikidata":null,"wikipedia":null,"within_municipal_code":null,"within_municipal_code_method":null,"within_municipal_mahalleh":null},"geometry":{"type":"MultiPolygon","coordinates":[[[[50.9151428,35.8472634],[50.9170754,35.846419],[50.9182015,35.8459524],[50.9202239,35.8451215],[50.9231658,35.8439079],[50.9246693,35.8432973],[50.9272305,35.8422238],[50.9308798,35.8407289],[50.9310251,35.8406694],[50.9310684,35.8406529],[50.9315122,35.8404839],[50.9323097,35.8401803],[50.9331768,35.839899],[50.9357779,35.8390639],[50.9382565,35.8382804],[50.9408197,35.8374797],[50.9418086,35.8371762],[50.9426023,35.8369326],[50.9428029,35.8380063],[50.9429094,35.8383743],[50.9430961,35.8387391],[50.9435449,35.8393868],[50.9437836,35.8396557],[50.9443805,35.8409657],[50.9446143,35.8414962],[50.944877,35.8420817],[50.9452295,35.8428766],[50.9457024,35.8438311],[50.946661,35.8458554],[50.945908,35.8459709],[50.9455578,35.8460365],[50.9450211,35.8461638],[50.9446094,35.8463008],[50.9436758,35.8466433],[50.9426277,35.8471295],[50.942342,35.8473074],[50.9415639,35.8478971],[50.9408466,35.8484398],[50.940391,35.8487836],[50.9393478,35.8496507],[50.9369723,35.8515837],[50.9348857,35.8532617],[50.9327015,35.8550543],[50.9326699,35.8551414],[50.931154,35.8563277],[50.9303836,35.8569587],[50.9296919,35.8575981],[50.9318934,35.8585268],[50.9325105,35.8592425],[50.9312394,35.8597222],[50.9294421,35.8604022],[50.9289404,35.8608303],[50.9253242,35.8621884],[50.9247422,35.8612656],[50.9239134,35.8600874],[50.923149,35.8589352],[50.9223497,35.8578049],[50.9215665,35.8567049],[50.9208396,35.8556375],[50.9201838,35.8546951],[50.9198163,35.8541549],[50.9189259,35.8528222],[50.9181815,35.8517656],[50.9166366,35.849509],[50.9155744,35.8479697],[50.9151428,35.8472634]]]]}},{"type":"Feature","properties":{"admin_level":11,"admin_level_note":"from OSM boundary=administrative admin_level=11 tag on this feature's own OSM geometry (neighborhood)","area_km2":0.414761,"boundary_iou":null,"boundary_source":"OSM relation/20190254","centroid_lat":35.8579549,"centroid_lon":50.9346333,"city_fa":"کرج","confidence":"confirmed_polygon","data_quality_note":"Neighborhood (محله) boundary from OpenStreetMap; no official municipal polygon layer publicly available for Karaj.","duplicate_of_layer":null,"extraction_date":"2026-08-19","feature_level":"mahalleh","geometry_type":"MultiPolygon","is_duplicate":false,"mantaqe":6,"mantaqe_assignment_method":"point_in_polygon_osm_admin9","mantaqe_name_fa":"منطقه ۶ شهر کرج","match_name_method":null,"match_spatial_test":null,"match_tier":null,"metric_crs":"EPSG:32639 (UTM 39N) for area/perimeter; representative_point for polygon centroid","nahiye_assignment_method":null,"nahiye_fa":null,"name_en":null,"name_fa":"شهرک ۳۵۰ متری","name_latin":"Shhrk 350 Mtry","name_latin_method":"automated_transliteration (rule-based Persian->Latin grapheme mapping, approximate, NOT authoritative; unwritten short vowels not recovered)","name_source":"name","osm_id":20190254,"osm_type":"relation","perimeter_km":2.691677,"place_type":"neighbourhood","point_osm_id":null,"prior_boundary_source":null,"province_fa":"استان البرز","source":"OpenStreetMap via Overpass API (ODbL 1.0) relation/20190254","tentative_match":false,"wikidata":null,"wikipedia":null,"within_municipal_code":null,"within_municipal_code_method":null,"within_municipal_mahalleh":null},"geometry":{"type":"MultiPolygon","coordinates":[[[[50.9325105,35.8592425],[50.9318934,35.8585268],[50.9296919,35.8575981],[50.9303836,35.8569587],[50.931154,35.8563277],[50.9326699,35.8551414],[50.9327015,35.8550543],[50.9331458,35.8553684],[50.9332711,35.8554219],[50.9334,35.8554553],[50.9335358,35.8554899],[50.9336822,35.8555074],[50.9338244,35.8555132],[50.933963,35.8555046],[50.9341052,35.8554947],[50.9342473,35.8554703],[50.9349239,35.855285],[50.9356003,35.8550791],[50.9358534,35.8549938],[50.9370554,35.8545956],[50.9389066,35.8583117],[50.9401798,35.8607694],[50.9372261,35.861845],[50.9366857,35.861567],[50.9357895,35.861207],[50.9348435,35.8608285],[50.9342215,35.860449],[50.933707,35.8600877],[50.9325105,35.8592425]]]]}},{"type":"Feature","properties":{"admin_level":11,"admin_level_note":"from OSM boundary=administrative admin_level=11 tag on this feature's own OSM geometry (neighborhood)","area_km2":0.46058,"boundary_iou":null,"boundary_source":"OSM relation/20190319","centroid_lat":35.8523005,"centroid_lon":50.9894701,"city_fa":"کرج","confidence":"confirmed_polygon","data_quality_note":"Neighborhood (محله) boundary from OpenStreetMap; no official municipal polygon layer publicly available for Karaj.","duplicate_of_layer":null,"extraction_date":"2026-08-19","feature_level":"mahalleh","geometry_type":"MultiPolygon","is_duplicate":false,"mantaqe":8,"mantaqe_assignment_method":"point_in_polygon_osm_admin9","mantaqe_name_fa":"منطقه ۸ شهر کرج","match_name_method":null,"match_spatial_test":null,"match_tier":null,"metric_crs":"EPSG:32639 (UTM 39N) for area/perimeter; representative_point for polygon centroid","nahiye_assignment_method":null,"nahiye_fa":null,"name_en":null,"name_fa":"دانشگاه هنر تهران (پردیس کرج)","name_latin":"Danshgaeh Hnr Thran Prdys Krj","name_latin_method":"automated_transliteration (rule-based Persian->Latin grapheme mapping, approximate, NOT authoritative; unwritten short vowels not recovered)","name_source":"name","osm_id":20190319,"osm_type":"relation","perimeter_km":2.814002,"place_type":"neighbourhood","point_osm_id":null,"prior_boundary_source":null,"province_fa":"استان البرز","source":"OpenStreetMap via Overpass API (ODbL 1.0) relation/20190319","tentative_match":false,"wikidata":null,"wikipedia":null,"within_municipal_code":null,"within_municipal_code_method":null,"within_municipal_mahalleh":null},"geometry":{"type":"MultiPolygon","coordinates":[[[[50.983954,35.8509672],[50.9845944,35.8503438],[50.9851845,35.8498601],[50.9858657,35.849322],[50.9864236,35.8488817],[50.9871237,35.848323],[50.987876,35.8477468],[50.9949787,35.8536339],[50.9926933,35.8555005],[50.9912637,35.8566244],[50.9908407,35.8566488],[50.983954,35.8509672]]]]}},{"type":"Feature","properties":{"admin_level":11,"admin_level_note":"from OSM boundary=administrative admin_level=11 tag on this feature's own OSM geometry (neighborhood)","area_km2":0.344645,"boundary_iou":null,"boundary_source":"OSM relation/20190328","centroid_lat":35.8602304,"centroid_lon":50.9990441,"city_fa":"کرج","confidence":"confirmed_polygon","data_quality_note":"Neighborhood (محله) boundary from OpenStreetMap; no official municipal polygon layer publicly available for Karaj.","duplicate_of_layer":null,"extraction_date":"2026-08-19","feature_level":"mahalleh","geometry_type":"MultiPolygon","is_duplicate":false,"mantaqe":8,"mantaqe_assignment_method":"point_in_polygon_osm_admin9","mantaqe_name_fa":"منطقه ۸ شهر کرج","match_name_method":null,"match_spatial_test":null,"match_tier":null,"metric_crs":"EPSG:32639 (UTM 39N) for area/perimeter; representative_point for polygon centroid","nahiye_assignment_method":null,"nahiye_fa":null,"name_en":null,"name_fa":"دانشگاه علوم پزشکی البرز","name_latin":"Danshgaeh Alvm Pzshky Albrz","name_latin_method":"automated_transliteration (rule-based Persian->Latin grapheme mapping, approximate, NOT authoritative; unwritten short vowels not recovered)","name_source":"name","osm_id":20190328,"osm_type":"relation","perimeter_km":2.380835,"place_type":"neighbourhood","point_osm_id":null,"prior_boundary_source":null,"province_fa":"استان البرز","source":"OpenStreetMap via Overpass API (ODbL 1.0) relation/20190328","tentative_match":false,"wikidata":null,"wikipedia":null,"within_municipal_code":null,"within_municipal_code_method":null,"within_municipal_mahalleh":null},"geometry":{"type":"MultiPolygon","coordinates":[[[[50.9945462,35.8597058],[50.9985137,35.8565201],[51.0004614,35.8580942],[51.0035003,35.8607549],[51.0000766,35.8643797],[50.9966001,35.8613872],[50.9945462,35.8597058]]]]}},{"type":"Feature","properties":{"admin_level":11,"admin_level_note":"from OSM boundary=administrative admin_level=11 tag on this feature's own OSM geometry (neighborhood)","area_km2":0.093664,"boundary_iou":null,"boundary_source":"OSM relation/20190387","centroid_lat":35.8619741,"centroid_lon":50.9939656,"city_fa":"کرج","confidence":"confirmed_polygon","data_quality_note":"Neighborhood (محله) boundary from OpenStreetMap; no official municipal polygon layer publicly available for Karaj.","duplicate_of_layer":null,"extraction_date":"2026-08-19","feature_level":"mahalleh","geometry_type":"MultiPolygon","is_duplicate":false,"mantaqe":7,"mantaqe_assignment_method":"point_in_polygon_osm_admin9","mantaqe_name_fa":"منطقه ۷ شهر کرج","match_name_method":null,"match_spatial_test":null,"match_tier":null,"metric_crs":"EPSG:32639 (UTM 39N) for area/perimeter; representative_point for polygon centroid","nahiye_assignment_method":null,"nahiye_fa":null,"name_en":null,"name_fa":"صدا و سیمای استان البرز","name_latin":"Sda V Symay Astan Albrz","name_latin_method":"automated_transliteration (rule-based Persian->Latin grapheme mapping, approximate, NOT authoritative; unwritten short vowels not recovered)","name_source":"name","osm_id":20190387,"osm_type":"relation","perimeter_km":1.293833,"place_type":"neighbourhood","point_osm_id":null,"prior_boundary_source":null,"province_fa":"استان البرز","source":"OpenStreetMap via Overpass API (ODbL 1.0) relation/20190387","tentative_match":false,"wikidata":null,"wikipedia":null,"within_municipal_code":null,"within_municipal_code_method":null,"within_municipal_mahalleh":null},"geometry":{"type":"MultiPolygon","coordinates":[[[[50.9916675,35.8622817],[50.9924224,35.8616666],[50.9941524,35.8603482],[50.9945923,35.8600069],[50.9945462,35.8597058],[50.9966001,35.8613872],[50.9935982,35.8638556],[50.9916675,35.8622817]]]]}},{"type":"Feature","properties":{"admin_level":11,"admin_level_note":"from OSM boundary=administrative admin_level=11 tag on this feature's own OSM geometry (neighborhood)","area_km2":0.506426,"boundary_iou":null,"boundary_source":"OSM relation/20190388","centroid_lat":35.8565514,"centroid_lon":50.9877233,"city_fa":"کرج","confidence":"confirmed_polygon","data_quality_note":"Neighborhood (محله) boundary from OpenStreetMap; no official municipal polygon layer publicly available for Karaj.","duplicate_of_layer":null,"extraction_date":"2026-08-19","feature_level":"mahalleh","geometry_type":"MultiPolygon","is_duplicate":false,"mantaqe":7,"mantaqe_assignment_method":"point_in_polygon_osm_admin9","mantaqe_name_fa":"منطقه ۷ شهر کرج","match_name_method":null,"match_spatial_test":null,"match_tier":null,"metric_crs":"EPSG:32639 (UTM 39N) for area/perimeter; representative_point for polygon centroid","nahiye_assignment_method":null,"nahiye_fa":null,"name_en":null,"name_fa":"دانشگاه آزاد اسلامی واحد کرج","name_latin":"Danshgaeh Azad Aslamy Vahd Krj","name_latin_method":"automated_transliteration (rule-based Persian->Latin grapheme mapping, approximate, NOT authoritative; unwritten short vowels not recovered)","name_source":"name","osm_id":20190388,"osm_type":"relation","perimeter_km":3.40505,"place_type":"neighbourhood","point_osm_id":null,"prior_boundary_source":null,"province_fa":"استان البرز","source":"OpenStreetMap via Overpass API (ODbL 1.0) relation/20190388","tentative_match":false,"wikidata":null,"wikipedia":null,"within_municipal_code":null,"within_municipal_code_method":null,"within_municipal_mahalleh":null},"geometry":{"type":"MultiPolygon","coordinates":[[[[50.9821506,35.8545575],[50.9826744,35.8534347],[50.9832334,35.8522821],[50.9836123,35.8515496],[50.9836278,35.8515196],[50.983954,35.8509672],[50.9908407,35.8566488],[50.9945462,35.8597058],[50.9945923,35.8600069],[50.9941524,35.8603482],[50.9924224,35.8616666],[50.9916675,35.8622817],[50.9906642,35.8614742],[50.9881604,35.8594483],[50.9846084,35.8564539],[50.9822411,35.8545898],[50.9821506,35.8545575]]]]}},{"type":"Feature","properties":{"admin_level":11,"admin_level_note":"from OSM boundary=administrative admin_level=11 tag on this feature's own OSM geometry (neighborhood)","area_km2":0.258536,"boundary_iou":null,"boundary_source":"OSM relation/20190391","centroid_lat":35.8651224,"centroid_lon":50.9981152,"city_fa":"کرج","confidence":"confirmed_polygon","data_quality_note":"Neighborhood (محله) boundary from OpenStreetMap; no official municipal polygon layer publicly available for Karaj.","duplicate_of_layer":null,"extraction_date":"2026-08-19","feature_level":"mahalleh","geometry_type":"MultiPolygon","is_duplicate":false,"mantaqe":8,"mantaqe_assignment_method":"point_in_polygon_osm_admin9","mantaqe_name_fa":"منطقه ۸ شهر کرج","match_name_method":null,"match_spatial_test":null,"match_tier":null,"metric_crs":"EPSG:32639 (UTM 39N) for area/perimeter; representative_point for polygon centroid","nahiye_assignment_method":null,"nahiye_fa":null,"name_en":null,"name_fa":"دانشگاه پیام نور کرج","name_latin":"Danshgaeh Pyam Nvr Krj","name_latin_method":"automated_transliteration (rule-based Persian->Latin grapheme mapping, approximate, NOT authoritative; unwritten short vowels not recovered)","name_source":"name","osm_id":20190391,"osm_type":"relation","perimeter_km":2.138216,"place_type":"neighbourhood","point_osm_id":null,"prior_boundary_source":null,"province_fa":"استان البرز","source":"OpenStreetMap via Overpass API (ODbL 1.0) relation/20190391","tentative_match":false,"wikidata":null,"wikipedia":null,"within_municipal_code":null,"within_municipal_code_method":null,"within_municipal_mahalleh":null},"geometry":{"type":"MultiPolygon","coordinates":[[[[50.9935982,35.8638556],[50.9966001,35.8613872],[51.0000766,35.8643797],[51.0020381,35.8658651],[50.9989287,35.8681436],[50.9935982,35.8638556]]]]}},{"type":"Feature","properties":{"admin_level":11,"admin_level_note":"from OSM boundary=administrative admin_level=11 tag on this feature's own OSM geometry (neighborhood)","area_km2":1.256646,"boundary_iou":null,"boundary_source":"OSM relation/20190398","centroid_lat":35.8660499,"centroid_lon":50.9920465,"city_fa":"کرج","confidence":"confirmed_polygon","data_quality_note":"Neighborhood (محله) boundary from OpenStreetMap; no official municipal polygon layer publicly available for Karaj.","duplicate_of_layer":null,"extraction_date":"2026-08-19","feature_level":"mahalleh","geometry_type":"MultiPolygon","is_duplicate":false,"mantaqe":7,"mantaqe_assignment_method":"point_in_polygon_osm_admin9","mantaqe_name_fa":"منطقه ۷ شهر کرج","match_name_method":null,"match_spatial_test":null,"match_tier":null,"metric_crs":"EPSG:32639 (UTM 39N) for area/perimeter; representative_point for polygon centroid","nahiye_assignment_method":null,"nahiye_fa":null,"name_en":null,"name_fa":"مرکز تحقیقات منطقه البرز","name_latin":"Mrkz Thqyqat Mntqeh Albrz","name_latin_method":"automated_transliteration (rule-based Persian->Latin grapheme mapping, approximate, NOT authoritative; unwritten short vowels not recovered)","name_source":"name","osm_id":20190398,"osm_type":"relation","perimeter_km":5.986025,"place_type":"neighbourhood","point_osm_id":null,"prior_boundary_source":null,"province_fa":"استان البرز","source":"OpenStreetMap via Overpass API (ODbL 1.0) relation/20190398","tentative_match":false,"wikidata":null,"wikipedia":null,"within_municipal_code":null,"within_municipal_code_method":null,"within_municipal_mahalleh":null},"geometry":{"type":"MultiPolygon","coordinates":[[[[50.9834188,35.8594501],[50.9846084,35.8564539],[50.9881604,35.8594483],[50.9906642,35.8614742],[50.9916675,35.8622817],[50.9935982,35.8638556],[50.9989287,35.8681436],[50.9993143,35.8684553],[51.0035234,35.8719744],[51.0031373,35.8732969],[51.0028671,35.8738368],[51.0025203,35.8743682],[51.0018242,35.8751409],[51.0002498,35.8763204],[50.9994578,35.8756394],[50.9986854,35.8750221],[50.9972772,35.8738637],[50.9960273,35.8728704],[50.9950881,35.8721024],[50.9949356,35.8719777],[50.9945729,35.8716843],[50.9942202,35.8714012],[50.9938399,35.8710931],[50.9934121,35.8707445],[50.9927952,35.870237],[50.9926444,35.8701166],[50.9924764,35.8699808],[50.9919061,35.8694896],[50.9913495,35.8690266],[50.99075,35.868531],[50.9901613,35.8680376],[50.9894384,35.8674312],[50.9888457,35.8669367],[50.9883475,35.8665281],[50.9871867,35.8655717],[50.9869344,35.8653201],[50.9857303,35.8643544],[50.9845608,35.8633915],[50.9837685,35.8627713],[50.9855891,35.8612762],[50.9854879,35.8611911],[50.9834188,35.8594501]]]]}},{"type":"Feature","properties":{"admin_level":11,"admin_level_note":"from OSM boundary=administrative admin_level=11 tag on this feature's own OSM geometry (neighborhood)","area_km2":2.691675,"boundary_iou":null,"boundary_source":"OSM relation/20190417","centroid_lat":35.8252222,"centroid_lon":50.9257472,"city_fa":"کرج","confidence":"confirmed_polygon","data_quality_note":"Neighborhood (محله) boundary from OpenStreetMap; no official municipal polygon layer publicly available for Karaj.","duplicate_of_layer":null,"extraction_date":"2026-08-19","feature_level":"mahalleh","geometry_type":"MultiPolygon","is_duplicate":false,"mantaqe":5,"mantaqe_assignment_method":"point_in_polygon_osm_admin9","mantaqe_name_fa":"منطقه ۵ شهر کرج","match_name_method":null,"match_spatial_test":null,"match_tier":null,"metric_crs":"EPSG:32639 (UTM 39N) for area/perimeter; representative_point for polygon centroid","nahiye_assignment_method":null,"nahiye_fa":null,"name_en":null,"name_fa":"گلشهر","name_latin":"Glshhr","name_latin_method":"automated_transliteration (rule-based Persian->Latin grapheme mapping, approximate, NOT authoritative; unwritten short vowels not recovered)","name_source":"name","osm_id":20190417,"osm_type":"relation","perimeter_km":6.606883,"place_type":"neighbourhood","point_osm_id":null,"prior_boundary_source":null,"province_fa":"استان البرز","source":"OpenStreetMap via Overpass API (ODbL 1.0) relation/20190417","tentative_match":false,"wikidata":null,"wikipedia":null,"within_municipal_code":null,"within_municipal_code_method":null,"within_municipal_mahalleh":null},"geometry":{"type":"MultiPolygon","coordinates":[[[[50.9137981,35.8255725],[50.9145105,35.8246862],[50.9153379,35.8239383],[50.91682,35.8225988],[50.9195459,35.8206341],[50.9221771,35.8194983],[50.9246948,35.8185159],[50.9272781,35.817819],[50.9288036,35.8175694],[50.9318227,35.8170541],[50.9359039,35.8163949],[50.9360952,35.8169365],[50.9361793,35.8174825],[50.9363995,35.818911],[50.9364079,35.8189636],[50.9373563,35.8248718],[50.9375176,35.8258399],[50.9376505,35.8262873],[50.9377333,35.826485],[50.9380029,35.8270308],[50.9390231,35.8291947],[50.939058,35.8292686],[50.9391864,35.8295434],[50.939301,35.8297885],[50.9389856,35.8299225],[50.9383408,35.8302659],[50.9378319,35.8304889],[50.9373361,35.8307118],[50.9366644,35.8309318],[50.9365314,35.830951],[50.9364389,35.8309544],[50.9363638,35.8309484],[50.9330857,35.8305493],[50.932792,35.8305549],[50.9326687,35.8305618],[50.9322793,35.8305929],[50.9318826,35.83063],[50.9314918,35.8306909],[50.9310902,35.8307824],[50.9307404,35.8308851],[50.9301949,35.8310465],[50.9290472,35.8313583],[50.9281946,35.8315798],[50.9275757,35.8317473],[50.9233425,35.8333762],[50.9221941,35.8323101],[50.9208852,35.8310445],[50.9194153,35.8298963],[50.9190935,35.8296756],[50.9182942,35.8290199],[50.9177041,35.8284589],[50.9170094,35.8279239],[50.916186,35.8273628],[50.9142065,35.8258579],[50.9137981,35.8255725]]]]}},{"type":"Feature","properties":{"admin_level":11,"admin_level_note":"from OSM boundary=administrative admin_level=11 tag on this feature's own OSM geometry (neighborhood)","area_km2":0.37285,"boundary_iou":null,"boundary_source":"OSM relation/20190424","centroid_lat":35.829786,"centroid_lon":50.9152549,"city_fa":"کرج","confidence":"confirmed_polygon","data_quality_note":"Neighborhood (محله) boundary from OpenStreetMap; no official municipal polygon layer publicly available for Karaj.","duplicate_of_layer":null,"extraction_date":"2026-08-19","feature_level":"mahalleh","geometry_type":"MultiPolygon","is_duplicate":false,"mantaqe":5,"mantaqe_assignment_method":"point_in_polygon_osm_admin9","mantaqe_name_fa":"منطقه ۵ شهر کرج","match_name_method":null,"match_spatial_test":null,"match_tier":null,"metric_crs":"EPSG:32639 (UTM 39N) for area/perimeter; representative_point for polygon centroid","nahiye_assignment_method":null,"nahiye_fa":null,"name_en":null,"name_fa":"شهرک پردیسان گلشهر کرج","name_latin":"Shhrk Prdysan Glshhr Krj","name_latin_method":"automated_transliteration (rule-based Persian->Latin grapheme mapping, approximate, NOT authoritative; unwritten short vowels not recovered)","name_source":"name","osm_id":20190424,"osm_type":"relation","perimeter_km":3.289324,"place_type":"neighbourhood","point_osm_id":null,"prior_boundary_source":null,"province_fa":"استان البرز","source":"OpenStreetMap via Overpass API (ODbL 1.0) relation/20190424","tentative_match":false,"wikidata":null,"wikipedia":null,"within_municipal_code":null,"within_municipal_code_method":null,"within_municipal_mahalleh":null},"geometry":{"type":"MultiPolygon","coordinates":[[[[50.9107621,35.8310118],[50.9108003,35.8308561],[50.9119361,35.8281856],[50.9122109,35.8277912],[50.9131286,35.8264053],[50.9137981,35.8255725],[50.9142065,35.8258579],[50.916186,35.8273628],[50.9170094,35.8279239],[50.9177041,35.8284589],[50.9182942,35.8290199],[50.9190935,35.8296756],[50.9194153,35.8298963],[50.9208852,35.8310445],[50.9221941,35.8323101],[50.9233425,35.8333762],[50.9223032,35.8337761],[50.9215097,35.8342009],[50.9171033,35.8303051],[50.9125972,35.8317491],[50.9107621,35.8310118]]]]}},{"type":"Feature","properties":{"admin_level":11,"admin_level_note":"from OSM boundary=administrative admin_level=11 tag on this feature's own OSM geometry (neighborhood)","area_km2":0.403168,"boundary_iou":null,"boundary_source":"OSM relation/20190430","centroid_lat":35.8190071,"centroid_lon":50.9207113,"city_fa":"کرج","confidence":"confirmed_polygon","data_quality_note":"Neighborhood (محله) boundary from OpenStreetMap; no official municipal polygon layer publicly available for Karaj.","duplicate_of_layer":null,"extraction_date":"2026-08-19","feature_level":"mahalleh","geometry_type":"MultiPolygon","is_duplicate":false,"mantaqe":4,"mantaqe_assignment_method":"point_in_polygon_osm_admin9","mantaqe_name_fa":"منطقه ۴ شهر کرج","match_name_method":null,"match_spatial_test":null,"match_tier":null,"metric_crs":"EPSG:32639 (UTM 39N) for area/perimeter; representative_point for polygon centroid","nahiye_assignment_method":null,"nahiye_fa":null,"name_en":null,"name_fa":"شهرک دریا","name_latin":"Shhrk Drya","name_latin_method":"automated_transliteration (rule-based Persian->Latin grapheme mapping, approximate, NOT authoritative; unwritten short vowels not recovered)","name_source":"name","osm_id":20190430,"osm_type":"relation","perimeter_km":3.54199,"place_type":"neighbourhood","point_osm_id":null,"prior_boundary_source":null,"province_fa":"استان البرز","source":"OpenStreetMap via Overpass API (ODbL 1.0) relation/20190430","tentative_match":false,"wikidata":null,"wikipedia":null,"within_municipal_code":null,"within_municipal_code_method":null,"within_municipal_mahalleh":null},"geometry":{"type":"MultiPolygon","coordinates":[[[[50.9124185,35.8222195],[50.9260734,35.8143418],[50.92675,35.8160011],[50.9269691,35.8166525],[50.9272781,35.817819],[50.9246948,35.8185159],[50.9221771,35.8194983],[50.9195459,35.8206341],[50.91682,35.8225988],[50.9153379,35.8239383],[50.9149575,35.8238332],[50.9140778,35.8235113],[50.9135011,35.8232264],[50.9129968,35.8228502],[50.9124185,35.8222195]]]]}},{"type":"Feature","properties":{"admin_level":11,"admin_level_note":"from OSM boundary=administrative admin_level=11 tag on this feature's own OSM geometry (neighborhood)","area_km2":1.047857,"boundary_iou":null,"boundary_source":"OSM relation/20192487","centroid_lat":35.8120658,"centroid_lon":50.8871201,"city_fa":"کرج","confidence":"confirmed_polygon","data_quality_note":"Neighborhood (محله) boundary from OpenStreetMap; no official municipal polygon layer publicly available for Karaj.","duplicate_of_layer":null,"extraction_date":"2026-08-19","feature_level":"mahalleh","geometry_type":"MultiPolygon","is_duplicate":false,"mantaqe":3,"mantaqe_assignment_method":"point_in_polygon_osm_admin9","mantaqe_name_fa":"منطقه ۳ شهر کرج","match_name_method":null,"match_spatial_test":null,"match_tier":null,"metric_crs":"EPSG:32639 (UTM 39N) for area/perimeter; representative_point for polygon centroid","nahiye_assignment_method":null,"nahiye_fa":null,"name_en":null,"name_fa":"اختر آباد","name_latin":"Akhtr Abad","name_latin_method":"automated_transliteration (rule-based Persian->Latin grapheme mapping, approximate, NOT authoritative; unwritten short vowels not recovered)","name_source":"name","osm_id":20192487,"osm_type":"relation","perimeter_km":4.638711,"place_type":"neighbourhood","point_osm_id":null,"prior_boundary_source":null,"province_fa":"استان البرز","source":"OpenStreetMap via Overpass API (ODbL 1.0) relation/20192487","tentative_match":false,"wikidata":null,"wikipedia":null,"within_municipal_code":null,"within_municipal_code_method":null,"within_municipal_mahalleh":null},"geometry":{"type":"MultiPolygon","coordinates":[[[[50.8801903,35.8072984],[50.885656,35.8041115],[50.8881963,35.8070401],[50.8933036,35.8129278],[50.8926451,35.8133278],[50.8888098,35.8155838],[50.8829198,35.8189468],[50.8816337,35.817413],[50.8843159,35.8149944],[50.8809098,35.8112037],[50.8804649,35.8106859],[50.8783527,35.8083698],[50.8801903,35.8072984]]]]}},{"type":"Feature","properties":{"admin_level":11,"admin_level_note":"from OSM boundary=administrative admin_level=11 tag on this feature's own OSM geometry (neighborhood)","area_km2":1.491345,"boundary_iou":null,"boundary_source":"OSM relation/20192540","centroid_lat":35.7909849,"centroid_lon":50.8582437,"city_fa":"کرج","confidence":"confirmed_polygon","data_quality_note":"Neighborhood (محله) boundary from OpenStreetMap; no official municipal polygon layer publicly available for Karaj.","duplicate_of_layer":null,"extraction_date":"2026-08-19","feature_level":"mahalleh","geometry_type":"MultiPolygon","is_duplicate":false,"mantaqe":3,"mantaqe_assignment_method":"point_in_polygon_osm_admin9","mantaqe_name_fa":"منطقه ۳ شهر کرج","match_name_method":null,"match_spatial_test":null,"match_tier":null,"metric_crs":"EPSG:32639 (UTM 39N) for area/perimeter; representative_point for polygon centroid","nahiye_assignment_method":null,"nahiye_fa":null,"name_en":null,"name_fa":"شهرک نور","name_latin":"Shhrk Nvr","name_latin_method":"automated_transliteration (rule-based Persian->Latin grapheme mapping, approximate, NOT authoritative; unwritten short vowels not recovered)","name_source":"name","osm_id":20192540,"osm_type":"relation","perimeter_km":5.007886,"place_type":"neighbourhood","point_osm_id":null,"prior_boundary_source":null,"province_fa":"استان البرز","source":"OpenStreetMap via Overpass API (ODbL 1.0) relation/20192540","tentative_match":false,"wikidata":null,"wikipedia":null,"within_municipal_code":null,"within_municipal_code_method":null,"within_municipal_mahalleh":null},"geometry":{"type":"MultiPolygon","coordinates":[[[[50.8508618,35.7905364],[50.8512561,35.7904715],[50.8513551,35.7904054],[50.8583655,35.7857151],[50.8593202,35.7850911],[50.859779,35.7847903],[50.8612946,35.7862875],[50.8619598,35.7870338],[50.8630112,35.7882217],[50.8634242,35.7886417],[50.8642477,35.7895489],[50.8651409,35.7905476],[50.8659348,35.7914222],[50.8669513,35.7925318],[50.8674502,35.793215],[50.8677667,35.7937067],[50.8689818,35.7961324],[50.8694565,35.7970375],[50.8677667,35.7970962],[50.8634484,35.7972354],[50.8516936,35.7972137],[50.8514372,35.7934766],[50.8508618,35.7905364]]]]}},{"type":"Feature","properties":{"admin_level":11,"admin_level_note":"from OSM boundary=administrative admin_level=11 tag on this feature's own OSM geometry (neighborhood)","area_km2":1.24796,"boundary_iou":null,"boundary_source":"OSM relation/20192541","centroid_lat":35.7884317,"centroid_lon":50.8678739,"city_fa":"کرج","confidence":"confirmed_polygon","data_quality_note":"Neighborhood (محله) boundary from OpenStreetMap; no official municipal polygon layer publicly available for Karaj.","duplicate_of_layer":null,"extraction_date":"2026-08-19","feature_level":"mahalleh","geometry_type":"MultiPolygon","is_duplicate":false,"mantaqe":3,"mantaqe_assignment_method":"point_in_polygon_osm_admin9","mantaqe_name_fa":"منطقه ۳ شهر کرج","match_name_method":null,"match_spatial_test":null,"match_tier":null,"metric_crs":"EPSG:32639 (UTM 39N) for area/perimeter; representative_point for polygon centroid","nahiye_assignment_method":null,"nahiye_fa":null,"name_en":null,"name_fa":"شهرک بهاران","name_latin":"Shhrk Bharan","name_latin_method":"automated_transliteration (rule-based Persian->Latin grapheme mapping, approximate, NOT authoritative; unwritten short vowels not recovered)","name_source":"name","osm_id":20192541,"osm_type":"relation","perimeter_km":4.900721,"place_type":"neighbourhood","point_osm_id":null,"prior_boundary_source":null,"province_fa":"استان البرز","source":"OpenStreetMap via Overpass API (ODbL 1.0) relation/20192541","tentative_match":false,"wikidata":null,"wikipedia":null,"within_municipal_code":null,"within_municipal_code_method":null,"within_municipal_mahalleh":null},"geometry":{"type":"MultiPolygon","coordinates":[[[[50.859779,35.7847903],[50.8611205,35.7839109],[50.8625604,35.7829272],[50.8669131,35.7800099],[50.867896,35.780429],[50.8679456,35.7804189],[50.8707694,35.7814056],[50.8741994,35.7825549],[50.8718602,35.7907903],[50.8715568,35.7917048],[50.8713664,35.7932778],[50.8712989,35.7940736],[50.8712929,35.7957952],[50.8703118,35.7968235],[50.8694565,35.7970375],[50.8689818,35.7961324],[50.8677667,35.7937067],[50.8674502,35.793215],[50.8669513,35.7925318],[50.8659348,35.7914222],[50.8651409,35.7905476],[50.8642477,35.7895489],[50.8634242,35.7886417],[50.8630112,35.7882217],[50.8619598,35.7870338],[50.8612946,35.7862875],[50.859779,35.7847903]]]]}},{"type":"Feature","properties":{"admin_level":11,"admin_level_note":"from OSM boundary=administrative admin_level=11 tag on this feature's own OSM geometry (neighborhood)","area_km2":2.626417,"boundary_iou":null,"boundary_source":"OSM relation/20192564","centroid_lat":35.8583814,"centroid_lon":50.9149604,"city_fa":"کرج","confidence":"confirmed_polygon","data_quality_note":"Neighborhood (محله) boundary from OpenStreetMap; no official municipal polygon layer publicly available for Karaj.","duplicate_of_layer":null,"extraction_date":"2026-08-19","feature_level":"mahalleh","geometry_type":"MultiPolygon","is_duplicate":false,"mantaqe":6,"mantaqe_assignment_method":"point_in_polygon_osm_admin9","mantaqe_name_fa":"منطقه ۶ شهر کرج","match_name_method":null,"match_spatial_test":null,"match_tier":null,"metric_crs":"EPSG:32639 (UTM 39N) for area/perimeter; representative_point for polygon centroid","nahiye_assignment_method":null,"nahiye_fa":null,"name_en":null,"name_fa":"دانشگاه خوارزمی","name_latin":"Danshgaeh Khvarzmy","name_latin_method":"automated_transliteration (rule-based Persian->Latin grapheme mapping, approximate, NOT authoritative; unwritten short vowels not recovered)","name_source":"name","osm_id":20192564,"osm_type":"relation","perimeter_km":6.805256,"place_type":"neighbourhood","point_osm_id":null,"prior_boundary_source":null,"province_fa":"استان البرز","source":"OpenStreetMap via Overpass API (ODbL 1.0) relation/20192564","tentative_match":false,"wikidata":null,"wikipedia":null,"within_municipal_code":null,"within_municipal_code_method":null,"within_municipal_mahalleh":null},"geometry":{"type":"MultiPolygon","coordinates":[[[[50.9052258,35.8621745],[50.9057699,35.8613517],[50.9064112,35.8601654],[50.907397,35.8578276],[50.9075387,35.8574916],[50.9081227,35.8558172],[50.9085596,35.8541419],[50.9087697,35.8530992],[50.9088696,35.8525376],[50.9089777,35.8515574],[50.9090281,35.850934],[50.9091077,35.8497358],[50.9151428,35.8472634],[50.9155744,35.8479697],[50.9166366,35.849509],[50.9181815,35.8517656],[50.9189259,35.8528222],[50.9198163,35.8541549],[50.9201838,35.8546951],[50.9208396,35.8556375],[50.9215665,35.8567049],[50.9223497,35.8578049],[50.923149,35.8589352],[50.9239134,35.8600874],[50.9247422,35.8612656],[50.9253242,35.8621884],[50.9256337,35.8626176],[50.9225733,35.8637716],[50.9187056,35.8650868],[50.9197025,35.8669951],[50.9092949,35.8696961],[50.9052258,35.8621745]]]]}},{"type":"Feature","properties":{"admin_level":11,"admin_level_note":"from OSM boundary=administrative admin_level=11 tag on this feature's own OSM geometry (neighborhood)","area_km2":1.607196,"boundary_iou":null,"boundary_source":"OSM relation/20192575","centroid_lat":35.8121402,"centroid_lon":50.876738,"city_fa":"کرج","confidence":"confirmed_polygon","data_quality_note":"Neighborhood (محله) boundary from OpenStreetMap; no official municipal polygon layer publicly available for Karaj.","duplicate_of_layer":null,"extraction_date":"2026-08-19","feature_level":"mahalleh","geometry_type":"MultiPolygon","is_duplicate":false,"mantaqe":3,"mantaqe_assignment_method":"point_in_polygon_osm_admin9","mantaqe_name_fa":"منطقه ۳ شهر کرج","match_name_method":null,"match_spatial_test":null,"match_tier":null,"metric_crs":"EPSG:32639 (UTM 39N) for area/perimeter; representative_point for polygon centroid","nahiye_assignment_method":null,"nahiye_fa":null,"name_en":null,"name_fa":"شهرک سهرابیه","name_latin":"Shhrk Shrabyeh","name_latin_method":"automated_transliteration (rule-based Persian->Latin grapheme mapping, approximate, NOT authoritative; unwritten short vowels not recovered)","name_source":"name","osm_id":20192575,"osm_type":"relation","perimeter_km":5.899511,"place_type":"neighbourhood","point_osm_id":null,"prior_boundary_source":null,"province_fa":"استان البرز","source":"OpenStreetMap via Overpass API (ODbL 1.0) relation/20192575","tentative_match":false,"wikidata":null,"wikipedia":null,"within_municipal_code":null,"within_municipal_code_method":null,"within_municipal_mahalleh":null},"geometry":{"type":"MultiPolygon","coordinates":[[[[50.8698046,35.819561],[50.870694,35.8172776],[50.8701735,35.8168431],[50.8707093,35.8163962],[50.8696376,35.8150429],[50.8712819,35.8138633],[50.8722174,35.8130767],[50.871098,35.8109487],[50.872003,35.8104512],[50.8711839,35.8089215],[50.8721387,35.8060327],[50.8730721,35.804658],[50.8758538,35.8029225],[50.8773618,35.8045561],[50.8801903,35.8072984],[50.8783527,35.8083698],[50.8804649,35.8106859],[50.8809098,35.8112037],[50.8843159,35.8149944],[50.8816337,35.817413],[50.8764814,35.8205303],[50.8718746,35.8231312],[50.8714444,35.8218138],[50.8705946,35.8201018],[50.8698046,35.819561]]]]}},{"type":"Feature","properties":{"admin_level":11,"admin_level_note":"from OSM boundary=administrative admin_level=11 tag on this feature's own OSM geometry (neighborhood)","area_km2":0.52164,"boundary_iou":null,"boundary_source":"OSM relation/20192632","centroid_lat":35.8033586,"centroid_lon":50.9745543,"city_fa":"کرج","confidence":"confirmed_polygon","data_quality_note":"Neighborhood (محله) boundary from OpenStreetMap; no official municipal polygon layer publicly available for Karaj.","duplicate_of_layer":null,"extraction_date":"2026-08-19","feature_level":"mahalleh","geometry_type":"MultiPolygon","is_duplicate":false,"mantaqe":2,"mantaqe_assignment_method":"point_in_polygon_osm_admin9","mantaqe_name_fa":"منطقه ۲ شهر کرج","match_name_method":null,"match_spatial_test":null,"match_tier":null,"metric_crs":"EPSG:32639 (UTM 39N) for area/perimeter; representative_point for polygon centroid","nahiye_assignment_method":null,"nahiye_fa":null,"name_en":null,"name_fa":"آسیاب برجی","name_latin":"Asyab Brjy","name_latin_method":"automated_transliteration (rule-based Persian->Latin grapheme mapping, approximate, NOT authoritative; unwritten short vowels not recovered)","name_source":"name","osm_id":20192632,"osm_type":"relation","perimeter_km":3.410257,"place_type":"neighbourhood","point_osm_id":null,"prior_boundary_source":null,"province_fa":"استان البرز","source":"OpenStreetMap via Overpass API (ODbL 1.0) relation/20192632","tentative_match":false,"wikidata":null,"wikipedia":null,"within_municipal_code":null,"within_municipal_code_method":null,"within_municipal_mahalleh":null},"geometry":{"type":"MultiPolygon","coordinates":[[[[50.967436,35.8047706],[50.9686913,35.8031151],[50.9689594,35.8027561],[50.9697425,35.8017074],[50.9705218,35.8010111],[50.9720179,35.7996816],[50.972161,35.7997625],[50.9722213,35.7998275],[50.9732738,35.7998519],[50.9745924,35.7998709],[50.9766221,35.8002315],[50.9783071,35.800775],[50.9788998,35.8009817],[50.9794636,35.8012459],[50.9791499,35.8015924],[50.9797333,35.8019765],[50.9804285,35.8023705],[50.9807782,35.8025238],[50.981232,35.8027068],[50.9813565,35.8031605],[50.9813295,35.8031884],[50.9808815,35.803295],[50.9803223,35.8034222],[50.9795799,35.8035868],[50.978939,35.8037347],[50.9784682,35.804049],[50.9778432,35.8045721],[50.9776071,35.8047762],[50.9775897,35.8047817],[50.977562,35.8048718],[50.9747627,35.8069245],[50.9746224,35.8070386],[50.9730461,35.8051833],[50.9718076,35.8039336],[50.971644,35.8039107],[50.9710935,35.8044208],[50.9706844,35.8047721],[50.9703103,35.8048254],[50.9701078,35.8047993],[50.9691837,35.8046036],[50.9689933,35.8045747],[50.9684381,35.8047504],[50.9679151,35.8050626],[50.9678185,35.8051496],[50.967436,35.8047706]]]]}},{"type":"Feature","properties":{"admin_level":11,"admin_level_note":"from OSM boundary=administrative admin_level=11 tag on this feature's own OSM geometry (neighborhood)","area_km2":0.50526,"boundary_iou":null,"boundary_source":"OSM relation/20192684","centroid_lat":35.7971375,"centroid_lon":50.9719568,"city_fa":"کرج","confidence":"confirmed_polygon","data_quality_note":"Neighborhood (محله) boundary from OpenStreetMap; no official municipal polygon layer publicly available for Karaj.","duplicate_of_layer":null,"extraction_date":"2026-08-19","feature_level":"mahalleh","geometry_type":"MultiPolygon","is_duplicate":false,"mantaqe":2,"mantaqe_assignment_method":"point_in_polygon_osm_admin9","mantaqe_name_fa":"منطقه ۲ شهر کرج","match_name_method":null,"match_spatial_test":null,"match_tier":null,"metric_crs":"EPSG:32639 (UTM 39N) for area/perimeter; representative_point for polygon centroid","nahiye_assignment_method":null,"nahiye_fa":null,"name_en":null,"name_fa":"شهر صنعتی","name_latin":"Shhr Snaty","name_latin_method":"automated_transliteration (rule-based Persian->Latin grapheme mapping, approximate, NOT authoritative; unwritten short vowels not recovered)","name_source":"name","osm_id":20192684,"osm_type":"relation","perimeter_km":3.536576,"place_type":"neighbourhood","point_osm_id":null,"prior_boundary_source":null,"province_fa":"استان البرز","source":"OpenStreetMap via Overpass API (ODbL 1.0) relation/20192684","tentative_match":false,"wikidata":null,"wikipedia":null,"within_municipal_code":null,"within_municipal_code_method":null,"within_municipal_mahalleh":null},"geometry":{"type":"MultiPolygon","coordinates":[[[[50.9660563,35.7984015],[50.9665498,35.7981056],[50.9671426,35.7976553],[50.9683791,35.7966197],[50.9695968,35.7955951],[50.9707689,35.7946117],[50.9720617,35.7934717],[50.9731609,35.7925017],[50.9743282,35.7933999],[50.975503,35.7942788],[50.9766966,35.7951795],[50.9767958,35.7952383],[50.9769487,35.7951208],[50.9782577,35.7941113],[50.9790569,35.7935413],[50.9803444,35.7945312],[50.9809345,35.7949903],[50.9799005,35.7954027],[50.9780023,35.7962092],[50.9747857,35.7978236],[50.9720179,35.7996816],[50.9705218,35.8010111],[50.9699964,35.8007553],[50.9690604,35.8001049],[50.967443,35.799176],[50.9660563,35.7984015]]]]}},{"type":"Feature","properties":{"admin_level":11,"admin_level_note":"from OSM boundary=administrative admin_level=11 tag on this feature's own OSM geometry (neighborhood)","area_km2":0.543556,"boundary_iou":null,"boundary_source":"OSM relation/20192685","centroid_lat":35.7940417,"centroid_lon":50.9664484,"city_fa":"کرج","confidence":"confirmed_polygon","data_quality_note":"Neighborhood (محله) boundary from OpenStreetMap; no official municipal polygon layer publicly available for Karaj.","duplicate_of_layer":null,"extraction_date":"2026-08-19","feature_level":"mahalleh","geometry_type":"MultiPolygon","is_duplicate":false,"mantaqe":2,"mantaqe_assignment_method":"point_in_polygon_osm_admin9","mantaqe_name_fa":"منطقه ۲ شهر کرج","match_name_method":null,"match_spatial_test":null,"match_tier":null,"metric_crs":"EPSG:32639 (UTM 39N) for area/perimeter; representative_point for polygon centroid","nahiye_assignment_method":null,"nahiye_fa":null,"name_en":null,"name_fa":"نوروزآباد","name_latin":"Nvrvzabad","name_latin_method":"automated_transliteration (rule-based Persian->Latin grapheme mapping, approximate, NOT authoritative; unwritten short vowels not recovered)","name_source":"name","osm_id":20192685,"osm_type":"relation","perimeter_km":3.145381,"place_type":"neighbourhood","point_osm_id":null,"prior_boundary_source":null,"province_fa":"استان البرز","source":"OpenStreetMap via Overpass API (ODbL 1.0) relation/20192685","tentative_match":false,"wikidata":null,"wikipedia":null,"within_municipal_code":null,"within_municipal_code_method":null,"within_municipal_mahalleh":null},"geometry":{"type":"MultiPolygon","coordinates":[[[[50.9655954,35.7915925],[50.970325,35.7890713],[50.9703974,35.7891834],[50.9704082,35.7893466],[50.9703934,35.7898144],[50.970376,35.7902506],[50.9704176,35.7903964],[50.9704913,35.7905215],[50.9705999,35.7906303],[50.9711364,35.7910393],[50.9724534,35.7919988],[50.9731609,35.7925017],[50.9720617,35.7934717],[50.9707689,35.7946117],[50.9695968,35.7955951],[50.9683791,35.7966197],[50.9671426,35.7976553],[50.9665498,35.7981056],[50.9660563,35.7984015],[50.9657727,35.7982016],[50.9652926,35.7978831],[50.9610473,35.7950148],[50.9604851,35.7946349],[50.9655954,35.7915925]]]]}},{"type":"Feature","properties":{"admin_level":11,"admin_level_note":"from OSM boundary=administrative admin_level=11 tag on this feature's own OSM geometry (neighborhood)","area_km2":0.434107,"boundary_iou":null,"boundary_source":"OSM relation/20192697","centroid_lat":35.7906977,"centroid_lon":50.9788078,"city_fa":"کرج","confidence":"confirmed_polygon","data_quality_note":"Neighborhood (محله) boundary from OpenStreetMap; no official municipal polygon layer publicly available for Karaj.","duplicate_of_layer":null,"extraction_date":"2026-08-19","feature_level":"mahalleh","geometry_type":"MultiPolygon","is_duplicate":false,"mantaqe":2,"mantaqe_assignment_method":"point_in_polygon_osm_admin9","mantaqe_name_fa":"منطقه ۲ شهر کرج","match_name_method":null,"match_spatial_test":null,"match_tier":null,"metric_crs":"EPSG:32639 (UTM 39N) for area/perimeter; representative_point for polygon centroid","nahiye_assignment_method":null,"nahiye_fa":null,"name_en":null,"name_fa":"شیخ آباد","name_latin":"Shykh Abad","name_latin_method":"automated_transliteration (rule-based Persian->Latin grapheme mapping, approximate, NOT authoritative; unwritten short vowels not recovered)","name_source":"name","osm_id":20192697,"osm_type":"relation","perimeter_km":2.806428,"place_type":"neighbourhood","point_osm_id":null,"prior_boundary_source":null,"province_fa":"استان البرز","source":"OpenStreetMap via Overpass API (ODbL 1.0) relation/20192697","tentative_match":false,"wikidata":null,"wikipedia":null,"within_municipal_code":null,"within_municipal_code_method":null,"within_municipal_mahalleh":null},"geometry":{"type":"MultiPolygon","coordinates":[[[[50.9731609,35.7925017],[50.9737086,35.7920184],[50.9758973,35.7901951],[50.9798616,35.7867096],[50.9801727,35.7864398],[50.9828174,35.7882435],[50.9831205,35.7884872],[50.9842685,35.7890507],[50.9830025,35.7901386],[50.9817097,35.7912003],[50.9810096,35.7918965],[50.979985,35.7928408],[50.9790569,35.7935413],[50.9782577,35.7941113],[50.9769487,35.7951208],[50.9767958,35.7952383],[50.9766966,35.7951795],[50.975503,35.7942788],[50.9743282,35.7933999],[50.9731609,35.7925017]]]]}},{"type":"Feature","properties":{"admin_level":11,"admin_level_note":"from OSM boundary=administrative admin_level=11 tag on this feature's own OSM geometry (neighborhood)","area_km2":0.235748,"boundary_iou":null,"boundary_source":"OSM relation/20192698","centroid_lat":35.7920901,"centroid_lon":50.9837705,"city_fa":"کرج","confidence":"confirmed_polygon","data_quality_note":"Neighborhood (محله) boundary from OpenStreetMap; no official municipal polygon layer publicly available for Karaj.","duplicate_of_layer":null,"extraction_date":"2026-08-19","feature_level":"mahalleh","geometry_type":"MultiPolygon","is_duplicate":false,"mantaqe":2,"mantaqe_assignment_method":"point_in_polygon_osm_admin9","mantaqe_name_fa":"منطقه ۲ شهر کرج","match_name_method":null,"match_spatial_test":null,"match_tier":null,"metric_crs":"EPSG:32639 (UTM 39N) for area/perimeter; representative_point for polygon centroid","nahiye_assignment_method":null,"nahiye_fa":null,"name_en":null,"name_fa":"شهرک استاندارد","name_latin":"Shhrk Astandard","name_latin_method":"automated_transliteration (rule-based Persian->Latin grapheme mapping, approximate, NOT authoritative; unwritten short vowels not recovered)","name_source":"name","osm_id":20192698,"osm_type":"relation","perimeter_km":2.066365,"place_type":"neighbourhood","point_osm_id":null,"prior_boundary_source":null,"province_fa":"استان البرز","source":"OpenStreetMap via Overpass API (ODbL 1.0) relation/20192698","tentative_match":false,"wikidata":null,"wikipedia":null,"within_municipal_code":null,"within_municipal_code_method":null,"within_municipal_mahalleh":null},"geometry":{"type":"MultiPolygon","coordinates":[[[[50.9790569,35.7935413],[50.979985,35.7928408],[50.9810096,35.7918965],[50.9817097,35.7912003],[50.9830025,35.7901386],[50.9842685,35.7890507],[50.984982,35.7894532],[50.9851662,35.7895815],[50.9853896,35.7898884],[50.9858832,35.7905889],[50.9861648,35.7910763],[50.9863406,35.7914498],[50.986425,35.7916289],[50.9866556,35.7919988],[50.9868273,35.7921815],[50.9874404,35.7926878],[50.9849007,35.7934888],[50.9827676,35.7942862],[50.9811515,35.7949018],[50.9809345,35.7949903],[50.9803444,35.7945312],[50.9790569,35.7935413]]]]}},{"type":"Feature","properties":{"admin_level":11,"admin_level_note":"from OSM boundary=administrative admin_level=11 tag on this feature's own OSM geometry (neighborhood)","area_km2":0.327131,"boundary_iou":null,"boundary_source":"OSM relation/20192701","centroid_lat":35.7878101,"centroid_lon":50.9756496,"city_fa":"کرج","confidence":"confirmed_polygon","data_quality_note":"Neighborhood (محله) boundary from OpenStreetMap; no official municipal polygon layer publicly available for Karaj.","duplicate_of_layer":null,"extraction_date":"2026-08-19","feature_level":"mahalleh","geometry_type":"MultiPolygon","is_duplicate":false,"mantaqe":2,"mantaqe_assignment_method":"point_in_polygon_osm_admin9","mantaqe_name_fa":"منطقه ۲ شهر کرج","match_name_method":null,"match_spatial_test":null,"match_tier":null,"metric_crs":"EPSG:32639 (UTM 39N) for area/perimeter; representative_point for polygon centroid","nahiye_assignment_method":null,"nahiye_fa":null,"name_en":null,"name_fa":"مجمع صنفی صنعتی کرج","name_latin":"Mjma Snfy Snaty Krj","name_latin_method":"automated_transliteration (rule-based Persian->Latin grapheme mapping, approximate, NOT authoritative; unwritten short vowels not recovered)","name_source":"name","osm_id":20192701,"osm_type":"relation","perimeter_km":2.494633,"place_type":"neighbourhood","point_osm_id":null,"prior_boundary_source":null,"province_fa":"استان البرز","source":"OpenStreetMap via Overpass API (ODbL 1.0) relation/20192701","tentative_match":false,"wikidata":null,"wikipedia":null,"within_municipal_code":null,"within_municipal_code_method":null,"within_municipal_mahalleh":null},"geometry":{"type":"MultiPolygon","coordinates":[[[[50.970325,35.7890713],[50.9706265,35.7889106],[50.9779471,35.785005],[50.9801727,35.7864398],[50.9798616,35.7867096],[50.9758973,35.7901951],[50.9737086,35.7920184],[50.9731609,35.7925017],[50.9724534,35.7919988],[50.9711364,35.7910393],[50.9705999,35.7906303],[50.9704913,35.7905215],[50.9704176,35.7903964],[50.970376,35.7902506],[50.9703934,35.7898144],[50.9704082,35.7893466],[50.9703974,35.7891834],[50.970325,35.7890713]]]]}},{"type":"Feature","properties":{"admin_level":11,"admin_level_note":"from OSM boundary=administrative admin_level=11 tag on this feature's own OSM geometry (neighborhood)","area_km2":0.38121,"boundary_iou":null,"boundary_source":"OSM relation/20192714","centroid_lat":35.7833076,"centroid_lon":50.9927223,"city_fa":"کرج","confidence":"confirmed_polygon","data_quality_note":"Neighborhood (محله) boundary from OpenStreetMap; no official municipal polygon layer publicly available for Karaj.","duplicate_of_layer":null,"extraction_date":"2026-08-19","feature_level":"mahalleh","geometry_type":"MultiPolygon","is_duplicate":false,"mantaqe":2,"mantaqe_assignment_method":"point_in_polygon_osm_admin9","mantaqe_name_fa":"منطقه ۲ شهر کرج","match_name_method":null,"match_spatial_test":null,"match_tier":null,"metric_crs":"EPSG:32639 (UTM 39N) for area/perimeter; representative_point for polygon centroid","nahiye_assignment_method":null,"nahiye_fa":null,"name_en":null,"name_fa":"اکبر آباد","name_latin":"Akbr Abad","name_latin_method":"automated_transliteration (rule-based Persian->Latin grapheme mapping, approximate, NOT authoritative; unwritten short vowels not recovered)","name_source":"name","osm_id":20192714,"osm_type":"relation","perimeter_km":2.923075,"place_type":"neighbourhood","point_osm_id":null,"prior_boundary_source":null,"province_fa":"استان البرز","source":"OpenStreetMap via Overpass API (ODbL 1.0) relation/20192714","tentative_match":false,"wikidata":null,"wikipedia":null,"within_municipal_code":null,"within_municipal_code_method":null,"within_municipal_mahalleh":null},"geometry":{"type":"MultiPolygon","coordinates":[[[[50.9889699,35.7794053],[50.9906451,35.7786466],[50.9919557,35.7803146],[50.9947693,35.782545],[50.99673,35.7840703],[50.9972556,35.7844882],[50.9979558,35.7850451],[50.9989858,35.7858588],[50.9995392,35.7862932],[50.999317,35.7865192],[50.9991574,35.7866476],[50.999022,35.7866802],[50.9986022,35.7866541],[50.9979478,35.7865932],[50.997005,35.7865235],[50.9950778,35.7863767],[50.9939593,35.7864202],[50.9924546,35.7865986],[50.9909552,35.7852322],[50.9898072,35.7843074],[50.9896463,35.7841725],[50.9897885,35.7816398],[50.9896731,35.78053],[50.9894264,35.7801384],[50.9889699,35.7794053]]]]}},{"type":"Feature","properties":{"admin_level":11,"admin_level_note":"from OSM boundary=administrative admin_level=11 tag on this feature's own OSM geometry (neighborhood)","area_km2":1.52273,"boundary_iou":null,"boundary_source":"OSM relation/20192733","centroid_lat":35.7805322,"centroid_lon":50.9992039,"city_fa":"کرج","confidence":"confirmed_polygon","data_quality_note":"Neighborhood (محله) boundary from OpenStreetMap; no official municipal polygon layer publicly available for Karaj.","duplicate_of_layer":null,"extraction_date":"2026-08-19","feature_level":"mahalleh","geometry_type":"MultiPolygon","is_duplicate":false,"mantaqe":2,"mantaqe_assignment_method":"point_in_polygon_osm_admin9","mantaqe_name_fa":"منطقه ۲ شهر کرج","match_name_method":null,"match_spatial_test":null,"match_tier":null,"metric_crs":"EPSG:32639 (UTM 39N) for area/perimeter; representative_point for polygon centroid","nahiye_assignment_method":null,"nahiye_fa":null,"name_en":null,"name_fa":"شهرک بنفشه","name_latin":"Shhrk Bnfsheh","name_latin_method":"automated_transliteration (rule-based Persian->Latin grapheme mapping, approximate, NOT authoritative; unwritten short vowels not recovered)","name_source":"name","osm_id":20192733,"osm_type":"relation","perimeter_km":5.210703,"place_type":"neighbourhood","point_osm_id":null,"prior_boundary_source":null,"province_fa":"استان البرز","source":"OpenStreetMap via Overpass API (ODbL 1.0) relation/20192733","tentative_match":false,"wikidata":null,"wikipedia":null,"within_municipal_code":null,"within_municipal_code_method":null,"within_municipal_mahalleh":null},"geometry":{"type":"MultiPolygon","coordinates":[[[[50.9906451,35.7786466],[50.9916608,35.7781866],[50.9942748,35.7768675],[51.0012652,35.77334],[51.0044066,35.7720656],[51.0054266,35.7719104],[51.005529,35.7742902],[51.0059649,35.77828],[51.0060261,35.7789285],[51.0061982,35.7807498],[51.0062706,35.782545],[51.0061902,35.784599],[51.0058254,35.7863527],[51.0055947,35.7868271],[51.0038942,35.788794],[51.0035616,35.7893684],[51.0026658,35.7887983],[51.0018557,35.7881369],[51.0004717,35.7870251],[50.9995392,35.7862932],[50.9989858,35.7858588],[50.9979558,35.7850451],[50.9972556,35.7844882],[50.99673,35.7840703],[50.9947693,35.782545],[50.9919557,35.7803146],[50.9906451,35.7786466]]]]}},{"type":"Feature","properties":{"admin_level":11,"admin_level_note":"from OSM boundary=administrative admin_level=11 tag on this feature's own OSM geometry (neighborhood)","area_km2":0.643258,"boundary_iou":null,"boundary_source":"OSM relation/20192749","centroid_lat":35.7780189,"centroid_lon":51.0092108,"city_fa":"کرج","confidence":"confirmed_polygon","data_quality_note":"Neighborhood (محله) boundary from OpenStreetMap; no official municipal polygon layer publicly available for Karaj.","duplicate_of_layer":null,"extraction_date":"2026-08-19","feature_level":"mahalleh","geometry_type":"MultiPolygon","is_duplicate":false,"mantaqe":2,"mantaqe_assignment_method":"point_in_polygon_osm_admin9","mantaqe_name_fa":"منطقه ۲ شهر کرج","match_name_method":null,"match_spatial_test":null,"match_tier":null,"metric_crs":"EPSG:32639 (UTM 39N) for area/perimeter; representative_point for polygon centroid","nahiye_assignment_method":null,"nahiye_fa":null,"name_en":null,"name_fa":"سرحد آباد","name_latin":"Srhd Abad","name_latin_method":"automated_transliteration (rule-based Persian->Latin grapheme mapping, approximate, NOT authoritative; unwritten short vowels not recovered)","name_source":"name","osm_id":20192749,"osm_type":"relation","perimeter_km":3.912162,"place_type":"neighbourhood","point_osm_id":null,"prior_boundary_source":null,"province_fa":"استان البرز","source":"OpenStreetMap via Overpass API (ODbL 1.0) relation/20192749","tentative_match":false,"wikidata":null,"wikipedia":null,"within_municipal_code":null,"within_municipal_code_method":null,"within_municipal_mahalleh":null},"geometry":{"type":"MultiPolygon","coordinates":[[[[51.0054266,35.7719104],[51.0064666,35.7717522],[51.0083463,35.7716896],[51.0104577,35.7722745],[51.0129811,35.7732355],[51.0157817,35.7746334],[51.0150093,35.7755425],[51.0130298,35.7777578],[51.0111415,35.778663],[51.009264,35.7794812],[51.0080087,35.7804996],[51.0076546,35.7821011],[51.0069144,35.7843379],[51.0061902,35.784599],[51.0062706,35.782545],[51.0061982,35.7807498],[51.0060261,35.7789285],[51.0059649,35.77828],[51.005529,35.7742902],[51.0054266,35.7719104]]]]}},{"type":"Feature","properties":{"admin_level":11,"admin_level_note":"from OSM boundary=administrative admin_level=11 tag on this feature's own OSM geometry (neighborhood)","area_km2":1.20688,"boundary_iou":null,"boundary_source":"OSM relation/20192760","centroid_lat":35.8155251,"centroid_lon":51.0197926,"city_fa":"کرج","confidence":"confirmed_polygon","data_quality_note":"Neighborhood (محله) boundary from OpenStreetMap; no official municipal polygon layer publicly available for Karaj.","duplicate_of_layer":null,"extraction_date":"2026-08-19","feature_level":"mahalleh","geometry_type":"MultiPolygon","is_duplicate":false,"mantaqe":10,"mantaqe_assignment_method":"point_in_polygon_osm_admin9","mantaqe_name_fa":"منطقه ۱۰ شهر کرج","match_name_method":null,"match_spatial_test":null,"match_tier":null,"metric_crs":"EPSG:32639 (UTM 39N) for area/perimeter; representative_point for polygon centroid","nahiye_assignment_method":null,"nahiye_fa":null,"name_en":null,"name_fa":"حصار","name_latin":"Hsar","name_latin_method":"automated_transliteration (rule-based Persian->Latin grapheme mapping, approximate, NOT authoritative; unwritten short vowels not recovered)","name_source":"name","osm_id":20192760,"osm_type":"relation","perimeter_km":7.766883,"place_type":"neighbourhood","point_osm_id":null,"prior_boundary_source":null,"province_fa":"استان البرز","source":"OpenStreetMap via Overpass API (ODbL 1.0) relation/20192760","tentative_match":false,"wikidata":null,"wikipedia":null,"within_municipal_code":null,"within_municipal_code_method":null,"within_municipal_mahalleh":null},"geometry":{"type":"MultiPolygon","coordinates":[[[[51.0053551,35.8092231],[51.0056806,35.808978],[51.0063457,35.8092107],[51.0064812,35.8091933],[51.0071947,35.8087801],[51.0081938,35.8088845],[51.0111147,35.8100525],[51.0127187,35.8110575],[51.0138774,35.8113011],[51.0147907,35.8115414],[51.0152319,35.8118166],[51.0164308,35.812741],[51.0178953,35.8116317],[51.0195959,35.8106007],[51.0213661,35.8108617],[51.0229325,35.8110531],[51.0243702,35.8107399],[51.0254162,35.8093826],[51.0254431,35.8086082],[51.0280824,35.8079992],[51.0283828,35.8080775],[51.0283291,35.808878],[51.0262638,35.8094239],[51.0263711,35.8100873],[51.0263765,35.8104267],[51.0267681,35.8108269],[51.0274118,35.8111401],[51.026532,35.8118014],[51.0267627,35.8121581],[51.0262853,35.8125148],[51.0258079,35.8129846],[51.0261619,35.8132935],[51.0261834,35.813872],[51.0255289,35.8140722],[51.025266,35.8152684],[51.0259527,35.8158513],[51.0266179,35.816456],[51.0265267,35.8170998],[51.0250032,35.8181177],[51.0244024,35.8182308],[51.0237157,35.817935],[51.0231149,35.8178741],[51.0238445,35.8189615],[51.023705,35.8192834],[51.023587,35.8204492],[51.0244292,35.8207884],[51.0254162,35.82128],[51.0257918,35.8217976],[51.0253036,35.8224413],[51.0241878,35.8232765],[51.0234689,35.8232765],[51.0218596,35.821815],[51.0208619,35.8196227],[51.0217953,35.818918],[51.0199714,35.8174391],[51.0184586,35.8174565],[51.0176968,35.8176479],[51.0170692,35.817761],[51.0157818,35.8175435],[51.0152507,35.817326],[51.0148805,35.8164038],[51.0143763,35.8156947],[51.0136574,35.8153554],[51.0126436,35.8141722],[51.0117405,35.8149944],[51.0087097,35.8116169],[51.008428,35.8112368],[51.0063322,35.8098986],[51.0056811,35.8094688],[51.0053551,35.8092231]]]]}},{"type":"Feature","properties":{"admin_level":null,"admin_level_note":"not applied: feature stored as point (OSM place node), not an administrative boundary polygon","area_km2":null,"boundary_iou":null,"boundary_source":null,"centroid_lat":35.7812839,"centroid_lon":50.8993352,"city_fa":"کرج","confidence":"point_only","data_quality_note":"No polygon boundary available in OSM/official sources; kept as point (no borrowed boundary).","duplicate_of_layer":null,"extraction_date":"2026-08-19","feature_level":"mahalleh","geometry_type":"Point","is_duplicate":false,"mantaqe":3,"mantaqe_assignment_method":"point_in_polygon_osm_admin9","mantaqe_name_fa":"منطقه ۳ شهر کرج","match_name_method":null,"match_spatial_test":null,"match_tier":null,"metric_crs":"EPSG:32639 (UTM 39N) for area/perimeter; representative_point for polygon centroid","nahiye_assignment_method":null,"nahiye_fa":null,"name_en":null,"name_fa":"شهرک ویلایی گمرک","name_latin":"Shhrk Vylayy Gmrk","name_latin_method":"automated_transliteration (rule-based Persian->Latin grapheme mapping, approximate, NOT authoritative; unwritten short vowels not recovered)","name_source":"name","osm_id":3134415794,"osm_type":"node","perimeter_km":null,"place_type":"neighbourhood","point_osm_id":null,"prior_boundary_source":null,"province_fa":"استان البرز","source":"OpenStreetMap via Overpass API (ODbL 1.0) node/3134415794","tentative_match":false,"wikidata":null,"wikipedia":null,"within_municipal_code":null,"within_municipal_code_method":null,"within_municipal_mahalleh":null},"geometry":{"type":"Point","coordinates":[50.8993352,35.7812839]}},{"type":"Feature","properties":{"admin_level":null,"admin_level_note":"not applied: feature stored as point (OSM place node), not an administrative boundary polygon","area_km2":null,"boundary_iou":null,"boundary_source":null,"centroid_lat":35.8623364,"centroid_lon":50.9300918,"city_fa":"کرج","confidence":"point_only","data_quality_note":"No polygon boundary available in OSM/official sources; kept as point (no borrowed boundary).","duplicate_of_layer":null,"extraction_date":"2026-08-19","feature_level":"mahalleh","geometry_type":"Point","is_duplicate":false,"mantaqe":6,"mantaqe_assignment_method":"point_in_polygon_osm_admin9","mantaqe_name_fa":"منطقه ۶ شهر کرج","match_name_method":null,"match_spatial_test":null,"match_tier":null,"metric_crs":"EPSG:32639 (UTM 39N) for area/perimeter; representative_point for polygon centroid","nahiye_assignment_method":null,"nahiye_fa":null,"name_en":"Southern Shahrak Yas","name_fa":"شهرک یاس جنوبی","name_latin":"Shhrk Yas Jnvby","name_latin_method":"automated_transliteration (rule-based Persian->Latin grapheme mapping, approximate, NOT authoritative; unwritten short vowels not recovered)","name_source":"name","osm_id":3298603974,"osm_type":"node","perimeter_km":null,"place_type":"neighbourhood","point_osm_id":null,"prior_boundary_source":null,"province_fa":"استان البرز","source":"OpenStreetMap via Overpass API (ODbL 1.0) node/3298603974","tentative_match":false,"wikidata":null,"wikipedia":null,"within_municipal_code":null,"within_municipal_code_method":null,"within_municipal_mahalleh":null},"geometry":{"type":"Point","coordinates":[50.9300918,35.8623364]}},{"type":"Feature","properties":{"admin_level":null,"admin_level_note":"not applied: feature stored as point (OSM place node), not an administrative boundary polygon","area_km2":null,"boundary_iou":null,"boundary_source":null,"centroid_lat":35.8527306,"centroid_lon":50.9523211,"city_fa":"کرج","confidence":"point_only","data_quality_note":"No polygon boundary available in OSM/official sources; kept as point (no borrowed boundary).","duplicate_of_layer":null,"extraction_date":"2026-08-19","feature_level":"mahalleh","geometry_type":"Point","is_duplicate":false,"mantaqe":6,"mantaqe_assignment_method":"point_in_polygon_osm_admin9","mantaqe_name_fa":"منطقه ۶ شهر کرج","match_name_method":null,"match_spatial_test":null,"match_tier":null,"metric_crs":"EPSG:32639 (UTM 39N) for area/perimeter; representative_point for polygon centroid","nahiye_assignment_method":null,"nahiye_fa":null,"name_en":"Shahin Vila","name_fa":"شاهین ویلا","name_latin":"Shahyn Vyla","name_latin_method":"automated_transliteration (rule-based Persian->Latin grapheme mapping, approximate, NOT authoritative; unwritten short vowels not recovered)","name_source":"name","osm_id":3298664893,"osm_type":"node","perimeter_km":null,"place_type":"neighbourhood","point_osm_id":null,"prior_boundary_source":null,"province_fa":"استان البرز","source":"OpenStreetMap via Overpass API (ODbL 1.0) node/3298664893","tentative_match":false,"wikidata":null,"wikipedia":null,"within_municipal_code":null,"within_municipal_code_method":null,"within_municipal_mahalleh":null},"geometry":{"type":"Point","coordinates":[50.9523211,35.8527306]}},{"type":"Feature","properties":{"admin_level":null,"admin_level_note":"not applied: feature stored as point (OSM place node), not an administrative boundary polygon","area_km2":null,"boundary_iou":null,"boundary_source":null,"centroid_lat":35.8499558,"centroid_lon":50.9456482,"city_fa":"کرج","confidence":"point_only","data_quality_note":"No polygon boundary available in OSM/official sources; kept as point (no borrowed boundary).","duplicate_of_layer":null,"extraction_date":"2026-08-19","feature_level":"mahalleh","geometry_type":"Point","is_duplicate":false,"mantaqe":6,"mantaqe_assignment_method":"point_in_polygon_osm_admin9","mantaqe_name_fa":"منطقه ۶ شهر کرج","match_name_method":null,"match_spatial_test":null,"match_tier":null,"metric_crs":"EPSG:32639 (UTM 39N) for area/perimeter; representative_point for polygon centroid","nahiye_assignment_method":null,"nahiye_fa":null,"name_en":null,"name_fa":"جواد آباد","name_latin":"Jvad Abad","name_latin_method":"automated_transliteration (rule-based Persian->Latin grapheme mapping, approximate, NOT authoritative; unwritten short vowels not recovered)","name_source":"name","osm_id":3321473226,"osm_type":"node","perimeter_km":null,"place_type":"neighbourhood","point_osm_id":null,"prior_boundary_source":null,"province_fa":"استان البرز","source":"OpenStreetMap via Overpass API (ODbL 1.0) node/3321473226","tentative_match":false,"wikidata":null,"wikipedia":null,"within_municipal_code":null,"within_municipal_code_method":null,"within_municipal_mahalleh":null},"geometry":{"type":"Point","coordinates":[50.9456482,35.8499558]}},{"type":"Feature","properties":{"admin_level":null,"admin_level_note":"not applied: feature stored as point (OSM place node), not an administrative boundary polygon","area_km2":null,"boundary_iou":null,"boundary_source":null,"centroid_lat":35.8232109,"centroid_lon":50.8918553,"city_fa":"کرج","confidence":"point_only","data_quality_note":"No polygon boundary available in OSM/official sources; kept as point (no borrowed boundary).","duplicate_of_layer":null,"extraction_date":"2026-08-19","feature_level":"mahalleh","geometry_type":"Point","is_duplicate":false,"mantaqe":4,"mantaqe_assignment_method":"point_in_polygon_osm_admin9","mantaqe_name_fa":"منطقه ۴ شهر کرج","match_name_method":null,"match_spatial_test":null,"match_tier":null,"metric_crs":"EPSG:32639 (UTM 39N) for area/perimeter; representative_point for polygon centroid","nahiye_assignment_method":null,"nahiye_fa":null,"name_en":null,"name_fa":"شهرک قائم","name_latin":"Shhrk Qaym","name_latin_method":"automated_transliteration (rule-based Persian->Latin grapheme mapping, approximate, NOT authoritative; unwritten short vowels not recovered)","name_source":"name","osm_id":3321661920,"osm_type":"node","perimeter_km":null,"place_type":"neighbourhood","point_osm_id":null,"prior_boundary_source":null,"province_fa":"استان البرز","source":"OpenStreetMap via Overpass API (ODbL 1.0) node/3321661920","tentative_match":false,"wikidata":null,"wikipedia":null,"within_municipal_code":null,"within_municipal_code_method":null,"within_municipal_mahalleh":null},"geometry":{"type":"Point","coordinates":[50.8918553,35.8232109]}},{"type":"Feature","properties":{"admin_level":null,"admin_level_note":"not applied: feature stored as point (OSM place node), not an administrative boundary polygon","area_km2":null,"boundary_iou":null,"boundary_source":null,"centroid_lat":35.7820611,"centroid_lon":51.0280446,"city_fa":"کرج","confidence":"point_only","data_quality_note":"No polygon boundary available in OSM/official sources; kept as point (no borrowed boundary).","duplicate_of_layer":null,"extraction_date":"2026-08-19","feature_level":"mahalleh","geometry_type":"Point","is_duplicate":false,"mantaqe":10,"mantaqe_assignment_method":"point_in_polygon_osm_admin9","mantaqe_name_fa":"منطقه ۱۰ شهر کرج","match_name_method":null,"match_spatial_test":null,"match_tier":null,"metric_crs":"EPSG:32639 (UTM 39N) for area/perimeter; representative_point for polygon centroid","nahiye_assignment_method":null,"nahiye_fa":null,"name_en":null,"name_fa":"کلاک پایین","name_latin":"Klak Payyn","name_latin_method":"automated_transliteration (rule-based Persian->Latin grapheme mapping, approximate, NOT authoritative; unwritten short vowels not recovered)","name_source":"name","osm_id":4701956168,"osm_type":"node","perimeter_km":null,"place_type":"neighbourhood","point_osm_id":null,"prior_boundary_source":null,"province_fa":"استان البرز","source":"OpenStreetMap via Overpass API (ODbL 1.0) node/4701956168","tentative_match":false,"wikidata":null,"wikipedia":null,"within_municipal_code":null,"within_municipal_code_method":null,"within_municipal_mahalleh":null},"geometry":{"type":"Point","coordinates":[51.0280446,35.7820611]}},{"type":"Feature","properties":{"admin_level":null,"admin_level_note":"not applied: feature stored as point (OSM place node), not an administrative boundary polygon","area_km2":null,"boundary_iou":null,"boundary_source":null,"centroid_lat":35.7772076,"centroid_lon":51.0415778,"city_fa":"کرج","confidence":"point_only","data_quality_note":"No polygon boundary available in OSM/official sources; kept as point (no borrowed boundary).","duplicate_of_layer":null,"extraction_date":"2026-08-19","feature_level":"mahalleh","geometry_type":"Point","is_duplicate":false,"mantaqe":10,"mantaqe_assignment_method":"point_in_polygon_osm_admin9","mantaqe_name_fa":"منطقه ۱۰ شهر کرج","match_name_method":null,"match_spatial_test":null,"match_tier":null,"metric_crs":"EPSG:32639 (UTM 39N) for area/perimeter; representative_point for polygon centroid","nahiye_assignment_method":null,"nahiye_fa":null,"name_en":"Khatam-ol Anbiya Town","name_fa":"شهرک خاتم الانبیا","name_latin":"Shhrk Khatm Alanbya","name_latin_method":"automated_transliteration (rule-based Persian->Latin grapheme mapping, approximate, NOT authoritative; unwritten short vowels not recovered)","name_source":"name","osm_id":5163609650,"osm_type":"node","perimeter_km":null,"place_type":"suburb","point_osm_id":null,"prior_boundary_source":null,"province_fa":"استان البرز","source":"OpenStreetMap via Overpass API (ODbL 1.0) node/5163609650","tentative_match":false,"wikidata":null,"wikipedia":null,"within_municipal_code":null,"within_municipal_code_method":null,"within_municipal_mahalleh":null},"geometry":{"type":"Point","coordinates":[51.0415778,35.7772076]}},{"type":"Feature","properties":{"admin_level":null,"admin_level_note":"not applied: feature stored as point (OSM place node), not an administrative boundary polygon","area_km2":null,"boundary_iou":null,"boundary_source":null,"centroid_lat":35.8491207,"centroid_lon":50.99476,"city_fa":"کرج","confidence":"point_only","data_quality_note":"No polygon boundary available in OSM/official sources; kept as point (no borrowed boundary).","duplicate_of_layer":null,"extraction_date":"2026-08-19","feature_level":"mahalleh","geometry_type":"Point","is_duplicate":false,"mantaqe":8,"mantaqe_assignment_method":"point_in_polygon_osm_admin9","mantaqe_name_fa":"منطقه ۸ شهر کرج","match_name_method":null,"match_spatial_test":null,"match_tier":null,"metric_crs":"EPSG:32639 (UTM 39N) for area/perimeter; representative_point for polygon centroid","nahiye_assignment_method":null,"nahiye_fa":null,"name_en":"Shahrak Ouj","name_fa":"شهرک اوج","name_latin":"Shhrk Avj","name_latin_method":"automated_transliteration (rule-based Persian->Latin grapheme mapping, approximate, NOT authoritative; unwritten short vowels not recovered)","name_source":"name","osm_id":5895894658,"osm_type":"node","perimeter_km":null,"place_type":"neighbourhood","point_osm_id":null,"prior_boundary_source":null,"province_fa":"استان البرز","source":"OpenStreetMap via Overpass API (ODbL 1.0) node/5895894658","tentative_match":false,"wikidata":null,"wikipedia":null,"within_municipal_code":null,"within_municipal_code_method":null,"within_municipal_mahalleh":null},"geometry":{"type":"Point","coordinates":[50.99476,35.8491207]}},{"type":"Feature","properties":{"admin_level":null,"admin_level_note":"not applied: feature stored as point (OSM place node), not an administrative boundary polygon","area_km2":null,"boundary_iou":null,"boundary_source":null,"centroid_lat":35.8761535,"centroid_lon":50.8958657,"city_fa":"کرج","confidence":"point_only","data_quality_note":"No polygon boundary available in OSM/official sources; kept as point (no borrowed boundary).","duplicate_of_layer":null,"extraction_date":"2026-08-19","feature_level":"mahalleh","geometry_type":"Point","is_duplicate":false,"mantaqe":6,"mantaqe_assignment_method":"point_in_polygon_osm_admin9","mantaqe_name_fa":"منطقه ۶ شهر کرج","match_name_method":null,"match_spatial_test":null,"match_tier":null,"metric_crs":"EPSG:32639 (UTM 39N) for area/perimeter; representative_point for polygon centroid","nahiye_assignment_method":null,"nahiye_fa":null,"name_en":"Shahrak Taleghani","name_fa":"شهرک طالقانی","name_latin":"Shhrk Talqany","name_latin_method":"automated_transliteration (rule-based Persian->Latin grapheme mapping, approximate, NOT authoritative; unwritten short vowels not recovered)","name_source":"name","osm_id":5898555235,"osm_type":"node","perimeter_km":null,"place_type":"neighbourhood","point_osm_id":null,"prior_boundary_source":null,"province_fa":"استان البرز","source":"OpenStreetMap via Overpass API (ODbL 1.0) node/5898555235","tentative_match":false,"wikidata":"Q7462123","wikipedia":null,"within_municipal_code":null,"within_municipal_code_method":null,"within_municipal_mahalleh":null},"geometry":{"type":"Point","coordinates":[50.8958657,35.8761535]}},{"type":"Feature","properties":{"admin_level":null,"admin_level_note":"not applied: feature stored as point (OSM place node), not an administrative boundary polygon","area_km2":null,"boundary_iou":null,"boundary_source":null,"centroid_lat":35.8839333,"centroid_lon":50.950336,"city_fa":"کرج","confidence":"point_only","data_quality_note":"No polygon boundary available in OSM/official sources; kept as point (no borrowed boundary).","duplicate_of_layer":null,"extraction_date":"2026-08-19","feature_level":"mahalleh","geometry_type":"Point","is_duplicate":false,"mantaqe":6,"mantaqe_assignment_method":"point_in_polygon_osm_admin9","mantaqe_name_fa":"منطقه ۶ شهر کرج","match_name_method":null,"match_spatial_test":null,"match_tier":null,"metric_crs":"EPSG:32639 (UTM 39N) for area/perimeter; representative_point for polygon centroid","nahiye_assignment_method":null,"nahiye_fa":null,"name_en":"Shahrak Bidar Cheshme","name_fa":"شهرک بیدار چشمه","name_latin":"Shhrk Bydar Chshmeh","name_latin_method":"automated_transliteration (rule-based Persian->Latin grapheme mapping, approximate, NOT authoritative; unwritten short vowels not recovered)","name_source":"name","osm_id":5903212474,"osm_type":"node","perimeter_km":null,"place_type":"neighbourhood","point_osm_id":null,"prior_boundary_source":null,"province_fa":"استان البرز","source":"OpenStreetMap via Overpass API (ODbL 1.0) node/5903212474","tentative_match":false,"wikidata":null,"wikipedia":null,"within_municipal_code":null,"within_municipal_code_method":null,"within_municipal_mahalleh":null},"geometry":{"type":"Point","coordinates":[50.950336,35.8839333]}},{"type":"Feature","properties":{"admin_level":null,"admin_level_note":"not applied: feature stored as point (OSM place node), not an administrative boundary polygon","area_km2":null,"boundary_iou":null,"boundary_source":null,"centroid_lat":35.8237065,"centroid_lon":50.8921387,"city_fa":"کرج","confidence":"point_only","data_quality_note":"No polygon boundary available in OSM/official sources; kept as point (no borrowed boundary).","duplicate_of_layer":null,"extraction_date":"2026-08-19","feature_level":"mahalleh","geometry_type":"Point","is_duplicate":false,"mantaqe":4,"mantaqe_assignment_method":"point_in_polygon_osm_admin9","mantaqe_name_fa":"منطقه ۴ شهر کرج","match_name_method":null,"match_spatial_test":null,"match_tier":null,"metric_crs":"EPSG:32639 (UTM 39N) for area/perimeter; representative_point for polygon centroid","nahiye_assignment_method":null,"nahiye_fa":null,"name_en":"Akhgar Abaad","name_fa":"اخگر آباد","name_latin":"Akhgr Abad","name_latin_method":"automated_transliteration (rule-based Persian->Latin grapheme mapping, approximate, NOT authoritative; unwritten short vowels not recovered)","name_source":"name","osm_id":5904447916,"osm_type":"node","perimeter_km":null,"place_type":"neighbourhood","point_osm_id":null,"prior_boundary_source":null,"province_fa":"استان البرز","source":"OpenStreetMap via Overpass API (ODbL 1.0) node/5904447916","tentative_match":false,"wikidata":null,"wikipedia":null,"within_municipal_code":null,"within_municipal_code_method":null,"within_municipal_mahalleh":null},"geometry":{"type":"Point","coordinates":[50.8921387,35.8237065]}},{"type":"Feature","properties":{"admin_level":null,"admin_level_note":"not applied: feature stored as point (OSM place node), not an administrative boundary polygon","area_km2":null,"boundary_iou":null,"boundary_source":null,"centroid_lat":35.81237,"centroid_lon":50.9384707,"city_fa":"کرج","confidence":"point_only","data_quality_note":"No polygon boundary available in OSM/official sources; kept as point (no borrowed boundary).","duplicate_of_layer":null,"extraction_date":"2026-08-19","feature_level":"mahalleh","geometry_type":"Point","is_duplicate":false,"mantaqe":4,"mantaqe_assignment_method":"point_in_polygon_osm_admin9","mantaqe_name_fa":"منطقه ۴ شهر کرج","match_name_method":null,"match_spatial_test":null,"match_tier":null,"metric_crs":"EPSG:32639 (UTM 39N) for area/perimeter; representative_point for polygon centroid","nahiye_assignment_method":null,"nahiye_fa":null,"name_en":"Mehrshahr Phase 4","name_fa":"مهرشهر فاز ۴","name_latin":"Mhrshhr Faz 4","name_latin_method":"automated_transliteration (rule-based Persian->Latin grapheme mapping, approximate, NOT authoritative; unwritten short vowels not recovered)","name_source":"name","osm_id":5906211482,"osm_type":"node","perimeter_km":null,"place_type":"neighbourhood","point_osm_id":null,"prior_boundary_source":null,"province_fa":"استان البرز","source":"OpenStreetMap via Overpass API (ODbL 1.0) node/5906211482","tentative_match":false,"wikidata":null,"wikipedia":null,"within_municipal_code":null,"within_municipal_code_method":null,"within_municipal_mahalleh":null},"geometry":{"type":"Point","coordinates":[50.9384707,35.81237]}},{"type":"Feature","properties":{"admin_level":null,"admin_level_note":"not applied: feature stored as point (OSM place node), not an administrative boundary polygon","area_km2":null,"boundary_iou":null,"boundary_source":null,"centroid_lat":35.8493806,"centroid_lon":50.9780582,"city_fa":"کرج","confidence":"point_only","data_quality_note":"No polygon boundary available in OSM/official sources; kept as point (no borrowed boundary).","duplicate_of_layer":null,"extraction_date":"2026-08-19","feature_level":"mahalleh","geometry_type":"Point","is_duplicate":false,"mantaqe":7,"mantaqe_assignment_method":"point_in_polygon_osm_admin9","mantaqe_name_fa":"منطقه ۷ شهر کرج","match_name_method":null,"match_spatial_test":null,"match_tier":null,"metric_crs":"EPSG:32639 (UTM 39N) for area/perimeter; representative_point for polygon centroid","nahiye_assignment_method":null,"nahiye_fa":null,"name_en":null,"name_fa":"فاز یک گوهردشت","name_latin":"Faz Yk Gvhrdsht","name_latin_method":"automated_transliteration (rule-based Persian->Latin grapheme mapping, approximate, NOT authoritative; unwritten short vowels not recovered)","name_source":"name","osm_id":5907457171,"osm_type":"node","perimeter_km":null,"place_type":"neighbourhood","point_osm_id":null,"prior_boundary_source":null,"province_fa":"استان البرز","source":"OpenStreetMap via Overpass API (ODbL 1.0) node/5907457171","tentative_match":false,"wikidata":null,"wikipedia":null,"within_municipal_code":null,"within_municipal_code_method":null,"within_municipal_mahalleh":null},"geometry":{"type":"Point","coordinates":[50.9780582,35.8493806]}},{"type":"Feature","properties":{"admin_level":null,"admin_level_note":"not applied: feature stored as point (OSM place node), not an administrative boundary polygon","area_km2":null,"boundary_iou":null,"boundary_source":null,"centroid_lat":35.8548765,"centroid_lon":50.9748503,"city_fa":"کرج","confidence":"point_only","data_quality_note":"No polygon boundary available in OSM/official sources; kept as point (no borrowed boundary).","duplicate_of_layer":null,"extraction_date":"2026-08-19","feature_level":"mahalleh","geometry_type":"Point","is_duplicate":false,"mantaqe":7,"mantaqe_assignment_method":"point_in_polygon_osm_admin9","mantaqe_name_fa":"منطقه ۷ شهر کرج","match_name_method":null,"match_spatial_test":null,"match_tier":null,"metric_crs":"EPSG:32639 (UTM 39N) for area/perimeter; representative_point for polygon centroid","nahiye_assignment_method":null,"nahiye_fa":null,"name_en":null,"name_fa":"فاز دو گوهردشت","name_latin":"Faz Dv Gvhrdsht","name_latin_method":"automated_transliteration (rule-based Persian->Latin grapheme mapping, approximate, NOT authoritative; unwritten short vowels not recovered)","name_source":"name","osm_id":5907457172,"osm_type":"node","perimeter_km":null,"place_type":"neighbourhood","point_osm_id":null,"prior_boundary_source":null,"province_fa":"استان البرز","source":"OpenStreetMap via Overpass API (ODbL 1.0) node/5907457172","tentative_match":false,"wikidata":null,"wikipedia":null,"within_municipal_code":null,"within_municipal_code_method":null,"within_municipal_mahalleh":null},"geometry":{"type":"Point","coordinates":[50.9748503,35.8548765]}},{"type":"Feature","properties":{"admin_level":null,"admin_level_note":"not applied: feature stored as point (OSM place node), not an administrative boundary polygon","area_km2":null,"boundary_iou":null,"boundary_source":null,"centroid_lat":35.8022972,"centroid_lon":50.9911909,"city_fa":"کرج","confidence":"point_only","data_quality_note":"No polygon boundary available in OSM/official sources; kept as point (no borrowed boundary).","duplicate_of_layer":null,"extraction_date":"2026-08-19","feature_level":"mahalleh","geometry_type":"Point","is_duplicate":false,"mantaqe":2,"mantaqe_assignment_method":"point_in_polygon_osm_admin9","mantaqe_name_fa":"منطقه ۲ شهر کرج","match_name_method":null,"match_spatial_test":null,"match_tier":null,"metric_crs":"EPSG:32639 (UTM 39N) for area/perimeter; representative_point for polygon centroid","nahiye_assignment_method":null,"nahiye_fa":null,"name_en":null,"name_fa":"چهار راه مصباح","name_latin":"Chhar Raeh Msbah","name_latin_method":"automated_transliteration (rule-based Persian->Latin grapheme mapping, approximate, NOT authoritative; unwritten short vowels not recovered)","name_source":"name","osm_id":5982608066,"osm_type":"node","perimeter_km":null,"place_type":"neighbourhood","point_osm_id":null,"prior_boundary_source":null,"province_fa":"استان البرز","source":"OpenStreetMap via Overpass API (ODbL 1.0) node/5982608066","tentative_match":false,"wikidata":null,"wikipedia":null,"within_municipal_code":null,"within_municipal_code_method":null,"within_municipal_mahalleh":null},"geometry":{"type":"Point","coordinates":[50.9911909,35.8022972]}},{"type":"Feature","properties":{"admin_level":null,"admin_level_note":"not applied: feature stored as point (OSM place node), not an administrative boundary polygon","area_km2":null,"boundary_iou":null,"boundary_source":null,"centroid_lat":35.8333759,"centroid_lon":50.9318164,"city_fa":"کرج","confidence":"point_only","data_quality_note":"No polygon boundary available in OSM/official sources; kept as point (no borrowed boundary).","duplicate_of_layer":null,"extraction_date":"2026-08-19","feature_level":"mahalleh","geometry_type":"Point","is_duplicate":false,"mantaqe":5,"mantaqe_assignment_method":"point_in_polygon_osm_admin9","mantaqe_name_fa":"منطقه ۵ شهر کرج","match_name_method":null,"match_spatial_test":null,"match_tier":null,"metric_crs":"EPSG:32639 (UTM 39N) for area/perimeter; representative_point for polygon centroid","nahiye_assignment_method":null,"nahiye_fa":null,"name_en":null,"name_fa":"کوی گلها","name_latin":"Kvy Glha","name_latin_method":"automated_transliteration (rule-based Persian->Latin grapheme mapping, approximate, NOT authoritative; unwritten short vowels not recovered)","name_source":"name","osm_id":7026877833,"osm_type":"node","perimeter_km":null,"place_type":"neighbourhood","point_osm_id":null,"prior_boundary_source":null,"province_fa":"استان البرز","source":"OpenStreetMap via Overpass API (ODbL 1.0) node/7026877833","tentative_match":false,"wikidata":null,"wikipedia":null,"within_municipal_code":null,"within_municipal_code_method":null,"within_municipal_mahalleh":null},"geometry":{"type":"Point","coordinates":[50.9318164,35.8333759]}},{"type":"Feature","properties":{"admin_level":null,"admin_level_note":"not applied: feature stored as point (OSM place node), not an administrative boundary polygon","area_km2":null,"boundary_iou":null,"boundary_source":null,"centroid_lat":35.8255904,"centroid_lon":50.9191632,"city_fa":"کرج","confidence":"point_only","data_quality_note":"No polygon boundary available in OSM/official sources; kept as point (no borrowed boundary).","duplicate_of_layer":null,"extraction_date":"2026-08-19","feature_level":"mahalleh","geometry_type":"Point","is_duplicate":false,"mantaqe":5,"mantaqe_assignment_method":"point_in_polygon_osm_admin9","mantaqe_name_fa":"منطقه ۵ شهر کرج","match_name_method":null,"match_spatial_test":null,"match_tier":null,"metric_crs":"EPSG:32639 (UTM 39N) for area/perimeter; representative_point for polygon centroid","nahiye_assignment_method":null,"nahiye_fa":null,"name_en":null,"name_fa":"شهرک مترو","name_latin":"Shhrk Mtrv","name_latin_method":"automated_transliteration (rule-based Persian->Latin grapheme mapping, approximate, NOT authoritative; unwritten short vowels not recovered)","name_source":"name","osm_id":9959191086,"osm_type":"node","perimeter_km":null,"place_type":"neighbourhood","point_osm_id":null,"prior_boundary_source":null,"province_fa":"استان البرز","source":"OpenStreetMap via Overpass API (ODbL 1.0) node/9959191086","tentative_match":false,"wikidata":null,"wikipedia":null,"within_municipal_code":null,"within_municipal_code_method":null,"within_municipal_mahalleh":null},"geometry":{"type":"Point","coordinates":[50.9191632,35.8255904]}},{"type":"Feature","properties":{"admin_level":null,"admin_level_note":"not applied: feature stored as point (OSM place node), not an administrative boundary polygon","area_km2":null,"boundary_iou":null,"boundary_source":null,"centroid_lat":35.8585266,"centroid_lon":50.9565961,"city_fa":"کرج","confidence":"point_only","data_quality_note":"No polygon boundary available in OSM/official sources; kept as point (no borrowed boundary).","duplicate_of_layer":null,"extraction_date":"2026-08-19","feature_level":"mahalleh","geometry_type":"Point","is_duplicate":false,"mantaqe":6,"mantaqe_assignment_method":"point_in_polygon_osm_admin9","mantaqe_name_fa":"منطقه ۶ شهر کرج","match_name_method":null,"match_spatial_test":null,"match_tier":null,"metric_crs":"EPSG:32639 (UTM 39N) for area/perimeter; representative_point for polygon centroid","nahiye_assignment_method":null,"nahiye_fa":null,"name_en":null,"name_fa":"شاهین ویلای شمالی","name_latin":"Shahyn Vylay Shmaly","name_latin_method":"automated_transliteration (rule-based Persian->Latin grapheme mapping, approximate, NOT authoritative; unwritten short vowels not recovered)","name_source":"name","osm_id":11180595831,"osm_type":"node","perimeter_km":null,"place_type":"neighbourhood","point_osm_id":null,"prior_boundary_source":null,"province_fa":"استان البرز","source":"OpenStreetMap via Overpass API (ODbL 1.0) node/11180595831","tentative_match":false,"wikidata":null,"wikipedia":null,"within_municipal_code":null,"within_municipal_code_method":null,"within_municipal_mahalleh":null},"geometry":{"type":"Point","coordinates":[50.9565961,35.8585266]}},{"type":"Feature","properties":{"admin_level":null,"admin_level_note":"not applied: feature stored as point (OSM place node), not an administrative boundary polygon","area_km2":null,"boundary_iou":null,"boundary_source":null,"centroid_lat":35.7747539,"centroid_lon":50.8661752,"city_fa":"کرج","confidence":"point_only","data_quality_note":"No polygon boundary available in OSM/official sources; kept as point (no borrowed boundary).","duplicate_of_layer":null,"extraction_date":"2026-08-19","feature_level":"mahalleh","geometry_type":"Point","is_duplicate":false,"mantaqe":3,"mantaqe_assignment_method":"point_in_polygon_osm_admin9","mantaqe_name_fa":"منطقه ۳ شهر کرج","match_name_method":null,"match_spatial_test":null,"match_tier":null,"metric_crs":"EPSG:32639 (UTM 39N) for area/perimeter; representative_point for polygon centroid","nahiye_assignment_method":null,"nahiye_fa":null,"name_en":"zeytoon town","name_fa":"کوی زیتون","name_latin":"Kvy Zytvn","name_latin_method":"automated_transliteration (rule-based Persian->Latin grapheme mapping, approximate, NOT authoritative; unwritten short vowels not recovered)","name_source":"name","osm_id":12761899423,"osm_type":"node","perimeter_km":null,"place_type":"neighbourhood","point_osm_id":null,"prior_boundary_source":null,"province_fa":"استان البرز","source":"OpenStreetMap via Overpass API (ODbL 1.0) node/12761899423","tentative_match":false,"wikidata":null,"wikipedia":null,"within_municipal_code":null,"within_municipal_code_method":null,"within_municipal_mahalleh":null},"geometry":{"type":"Point","coordinates":[50.8661752,35.7747539]}},{"type":"Feature","properties":{"admin_level":null,"admin_level_note":"not applied: point centroid from community dataset, not an administrative boundary polygon","area_km2":null,"boundary_iou":null,"boundary_source":null,"centroid_lat":35.828716,"centroid_lon":50.999584,"city_fa":"کرج","confidence":"point_only","data_quality_note":"Point centroid from community dataset (babaie774, MIT); inside Karaj city polygon; not present in OSM neighborhood set; no polygon (no borrowed boundary).","duplicate_of_layer":null,"extraction_date":"2026-08-19","feature_level":"mahalleh","geometry_type":"Point","is_duplicate":false,"mantaqe":1,"mantaqe_assignment_method":"point_in_polygon_osm_admin9","mantaqe_name_fa":"منطقه ۱ شهر کرج","match_name_method":null,"match_spatial_test":null,"match_tier":null,"metric_crs":"EPSG:32639 (UTM 39N) for area/perimeter; representative_point for polygon centroid","nahiye_assignment_method":null,"nahiye_fa":null,"name_en":null,"name_fa":"آزادگان","name_latin":"Azadgan","name_latin_method":"automated_transliteration (rule-based Persian->Latin grapheme mapping, approximate, NOT authoritative; unwritten short vowels not recovered)","name_source":"babaie774 display","osm_id":null,"osm_type":null,"perimeter_km":null,"place_type":"neighbourhood","point_osm_id":null,"prior_boundary_source":null,"province_fa":"استان البرز","source":"babaie774/iran-geography-data neighborhoods.json (MIT License)","tentative_match":false,"wikidata":null,"wikipedia":null,"within_municipal_code":null,"within_municipal_code_method":null,"within_municipal_mahalleh":null},"geometry":{"type":"Point","coordinates":[50.999584,35.828716]}},{"type":"Feature","properties":{"admin_level":null,"admin_level_note":"not applied: point centroid from community dataset, not an administrative boundary polygon","area_km2":null,"boundary_iou":null,"boundary_source":null,"centroid_lat":35.840054,"centroid_lon":50.97603,"city_fa":"کرج","confidence":"point_only","data_quality_note":"Point centroid from community dataset (babaie774, MIT); inside Karaj city polygon; not present in OSM neighborhood set; no polygon (no borrowed boundary).","duplicate_of_layer":null,"extraction_date":"2026-08-19","feature_level":"mahalleh","geometry_type":"Point","is_duplicate":false,"mantaqe":8,"mantaqe_assignment_method":"point_in_polygon_osm_admin9","mantaqe_name_fa":"منطقه ۸ شهر کرج","match_name_method":null,"match_spatial_test":null,"match_tier":null,"metric_crs":"EPSG:32639 (UTM 39N) for area/perimeter; representative_point for polygon centroid","nahiye_assignment_method":null,"nahiye_fa":null,"name_en":null,"name_fa":"اتحاد","name_latin":"Athad","name_latin_method":"automated_transliteration (rule-based Persian->Latin grapheme mapping, approximate, NOT authoritative; unwritten short vowels not recovered)","name_source":"babaie774 display","osm_id":null,"osm_type":null,"perimeter_km":null,"place_type":"neighbourhood","point_osm_id":null,"prior_boundary_source":null,"province_fa":"استان البرز","source":"babaie774/iran-geography-data neighborhoods.json (MIT License)","tentative_match":false,"wikidata":null,"wikipedia":null,"within_municipal_code":null,"within_municipal_code_method":null,"within_municipal_mahalleh":null},"geometry":{"type":"Point","coordinates":[50.97603,35.840054]}},{"type":"Feature","properties":{"admin_level":null,"admin_level_note":"not applied: point centroid from community dataset, not an administrative boundary polygon","area_km2":null,"boundary_iou":null,"boundary_source":null,"centroid_lat":35.849277,"centroid_lon":50.92282,"city_fa":"کرج","confidence":"point_only","data_quality_note":"Point centroid from community dataset (babaie774, MIT); inside Karaj city polygon; not present in OSM neighborhood set; no polygon (no borrowed boundary).","duplicate_of_layer":null,"extraction_date":"2026-08-19","feature_level":"mahalleh","geometry_type":"Point","is_duplicate":false,"mantaqe":6,"mantaqe_assignment_method":"point_in_polygon_osm_admin9","mantaqe_name_fa":"منطقه ۶ شهر کرج","match_name_method":null,"match_spatial_test":null,"match_tier":null,"metric_crs":"EPSG:32639 (UTM 39N) for area/perimeter; representative_point for polygon centroid","nahiye_assignment_method":null,"nahiye_fa":null,"name_en":null,"name_fa":"حصارک","name_latin":"Hsark","name_latin_method":"automated_transliteration (rule-based Persian->Latin grapheme mapping, approximate, NOT authoritative; unwritten short vowels not recovered)","name_source":"babaie774 display","osm_id":null,"osm_type":null,"perimeter_km":null,"place_type":"neighbourhood","point_osm_id":null,"prior_boundary_source":null,"province_fa":"استان البرز","source":"babaie774/iran-geography-data neighborhoods.json (MIT License)","tentative_match":false,"wikidata":null,"wikipedia":null,"within_municipal_code":null,"within_municipal_code_method":null,"within_municipal_mahalleh":null},"geometry":{"type":"Point","coordinates":[50.92282,35.849277]}},{"type":"Feature","properties":{"admin_level":null,"admin_level_note":"not applied: point centroid from community dataset, not an administrative boundary polygon","area_km2":null,"boundary_iou":null,"boundary_source":null,"centroid_lat":35.813576,"centroid_lon":50.96867,"city_fa":"کرج","confidence":"point_only","data_quality_note":"Point centroid from community dataset (babaie774, MIT); inside Karaj city polygon; not present in OSM neighborhood set; no polygon (no borrowed boundary).","duplicate_of_layer":null,"extraction_date":"2026-08-19","feature_level":"mahalleh","geometry_type":"Point","is_duplicate":false,"mantaqe":9,"mantaqe_assignment_method":"point_in_polygon_osm_admin9","mantaqe_name_fa":"منطقه ۹ شهر کرج","match_name_method":null,"match_spatial_test":null,"match_tier":null,"metric_crs":"EPSG:32639 (UTM 39N) for area/perimeter; representative_point for polygon centroid","nahiye_assignment_method":null,"nahiye_fa":null,"name_en":null,"name_fa":"درختی","name_latin":"Drkhty","name_latin_method":"automated_transliteration (rule-based Persian->Latin grapheme mapping, approximate, NOT authoritative; unwritten short vowels not recovered)","name_source":"babaie774 display","osm_id":null,"osm_type":null,"perimeter_km":null,"place_type":"neighbourhood","point_osm_id":null,"prior_boundary_source":null,"province_fa":"استان البرز","source":"babaie774/iran-geography-data neighborhoods.json (MIT License)","tentative_match":false,"wikidata":null,"wikipedia":null,"within_municipal_code":null,"within_municipal_code_method":null,"within_municipal_mahalleh":null},"geometry":{"type":"Point","coordinates":[50.96867,35.813576]}},{"type":"Feature","properties":{"admin_level":null,"admin_level_note":"not applied: point centroid from community dataset, not an administrative boundary polygon","area_km2":null,"boundary_iou":null,"boundary_source":null,"centroid_lat":35.795418,"centroid_lon":50.99311,"city_fa":"کرج","confidence":"point_only","data_quality_note":"Point centroid from community dataset (babaie774, MIT); inside Karaj city polygon; not present in OSM neighborhood set; no polygon (no borrowed boundary).","duplicate_of_layer":null,"extraction_date":"2026-08-19","feature_level":"mahalleh","geometry_type":"Point","is_duplicate":false,"mantaqe":2,"mantaqe_assignment_method":"point_in_polygon_osm_admin9","mantaqe_name_fa":"منطقه ۲ شهر کرج","match_name_method":null,"match_spatial_test":null,"match_tier":null,"metric_crs":"EPSG:32639 (UTM 39N) for area/perimeter; representative_point for polygon centroid","nahiye_assignment_method":null,"nahiye_fa":null,"name_en":null,"name_fa":"ساسانی","name_latin":"Sasany","name_latin_method":"automated_transliteration (rule-based Persian->Latin grapheme mapping, approximate, NOT authoritative; unwritten short vowels not recovered)","name_source":"babaie774 display","osm_id":null,"osm_type":null,"perimeter_km":null,"place_type":"neighbourhood","point_osm_id":null,"prior_boundary_source":null,"province_fa":"استان البرز","source":"babaie774/iran-geography-data neighborhoods.json (MIT License)","tentative_match":false,"wikidata":null,"wikipedia":null,"within_municipal_code":null,"within_municipal_code_method":null,"within_municipal_mahalleh":null},"geometry":{"type":"Point","coordinates":[50.99311,35.795418]}},{"type":"Feature","properties":{"admin_level":null,"admin_level_note":"not applied: point centroid from community dataset, not an administrative boundary polygon","area_km2":null,"boundary_iou":null,"boundary_source":null,"centroid_lat":35.789024,"centroid_lon":50.864017,"city_fa":"کرج","confidence":"point_only","data_quality_note":"Point centroid from community dataset (babaie774, MIT); inside Karaj city polygon; not present in OSM neighborhood set; no polygon (no borrowed boundary).","duplicate_of_layer":null,"extraction_date":"2026-08-19","feature_level":"mahalleh","geometry_type":"Point","is_duplicate":false,"mantaqe":3,"mantaqe_assignment_method":"point_in_polygon_osm_admin9","mantaqe_name_fa":"منطقه ۳ شهر کرج","match_name_method":null,"match_spatial_test":null,"match_tier":null,"metric_crs":"EPSG:32639 (UTM 39N) for area/perimeter; representative_point for polygon centroid","nahiye_assignment_method":null,"nahiye_fa":null,"name_en":null,"name_fa":"ساماندهی","name_latin":"Samandhy","name_latin_method":"automated_transliteration (rule-based Persian->Latin grapheme mapping, approximate, NOT authoritative; unwritten short vowels not recovered)","name_source":"babaie774 display","osm_id":null,"osm_type":null,"perimeter_km":null,"place_type":"neighbourhood","point_osm_id":null,"prior_boundary_source":null,"province_fa":"استان البرز","source":"babaie774/iran-geography-data neighborhoods.json (MIT License)","tentative_match":false,"wikidata":null,"wikipedia":null,"within_municipal_code":null,"within_municipal_code_method":null,"within_municipal_mahalleh":null},"geometry":{"type":"Point","coordinates":[50.864017,35.789024]}},{"type":"Feature","properties":{"admin_level":null,"admin_level_note":"not applied: point centroid from community dataset, not an administrative boundary polygon","area_km2":null,"boundary_iou":null,"boundary_source":null,"centroid_lat":35.829407,"centroid_lon":50.937378,"city_fa":"کرج","confidence":"point_only","data_quality_note":"Point centroid from community dataset (babaie774, MIT); inside Karaj city polygon; not present in OSM neighborhood set; no polygon (no borrowed boundary).","duplicate_of_layer":null,"extraction_date":"2026-08-19","feature_level":"mahalleh","geometry_type":"Point","is_duplicate":false,"mantaqe":5,"mantaqe_assignment_method":"point_in_polygon_osm_admin9","mantaqe_name_fa":"منطقه ۵ شهر کرج","match_name_method":null,"match_spatial_test":null,"match_tier":null,"metric_crs":"EPSG:32639 (UTM 39N) for area/perimeter; representative_point for polygon centroid","nahiye_assignment_method":null,"nahiye_fa":null,"name_en":null,"name_fa":"شهرک استادان","name_latin":"Shhrk Astadan","name_latin_method":"automated_transliteration (rule-based Persian->Latin grapheme mapping, approximate, NOT authoritative; unwritten short vowels not recovered)","name_source":"babaie774 display","osm_id":null,"osm_type":null,"perimeter_km":null,"place_type":"neighbourhood","point_osm_id":null,"prior_boundary_source":null,"province_fa":"استان البرز","source":"babaie774/iran-geography-data neighborhoods.json (MIT License)","tentative_match":false,"wikidata":null,"wikipedia":null,"within_municipal_code":null,"within_municipal_code_method":null,"within_municipal_mahalleh":null},"geometry":{"type":"Point","coordinates":[50.937378,35.829407]}},{"type":"Feature","properties":{"admin_level":null,"admin_level_note":"not applied: point centroid from community dataset, not an administrative boundary polygon","area_km2":null,"boundary_iou":null,"boundary_source":null,"centroid_lat":35.864754,"centroid_lon":50.9366,"city_fa":"کرج","confidence":"point_only","data_quality_note":"Point centroid from community dataset (babaie774, MIT); inside Karaj city polygon; not present in OSM neighborhood set; no polygon (no borrowed boundary).","duplicate_of_layer":null,"extraction_date":"2026-08-19","feature_level":"mahalleh","geometry_type":"Point","is_duplicate":false,"mantaqe":6,"mantaqe_assignment_method":"point_in_polygon_osm_admin9","mantaqe_name_fa":"منطقه ۶ شهر کرج","match_name_method":null,"match_spatial_test":null,"match_tier":null,"metric_crs":"EPSG:32639 (UTM 39N) for area/perimeter; representative_point for polygon centroid","nahiye_assignment_method":null,"nahiye_fa":null,"name_en":null,"name_fa":"شهرک گلها","name_latin":"Shhrk Glha","name_latin_method":"automated_transliteration (rule-based Persian->Latin grapheme mapping, approximate, NOT authoritative; unwritten short vowels not recovered)","name_source":"babaie774 display","osm_id":null,"osm_type":null,"perimeter_km":null,"place_type":"neighbourhood","point_osm_id":null,"prior_boundary_source":null,"province_fa":"استان البرز","source":"babaie774/iran-geography-data neighborhoods.json (MIT License)","tentative_match":false,"wikidata":null,"wikipedia":null,"within_municipal_code":null,"within_municipal_code_method":null,"within_municipal_mahalleh":null},"geometry":{"type":"Point","coordinates":[50.9366,35.864754]}},{"type":"Feature","properties":{"admin_level":null,"admin_level_note":"not applied: point centroid from community dataset, not an administrative boundary polygon","area_km2":null,"boundary_iou":null,"boundary_source":null,"centroid_lat":35.82034,"centroid_lon":50.990555,"city_fa":"کرج","confidence":"point_only","data_quality_note":"Point centroid from community dataset (babaie774, MIT); inside Karaj city polygon; not present in OSM neighborhood set; no polygon (no borrowed boundary).","duplicate_of_layer":null,"extraction_date":"2026-08-19","feature_level":"mahalleh","geometry_type":"Point","is_duplicate":false,"mantaqe":9,"mantaqe_assignment_method":"point_in_polygon_osm_admin9","mantaqe_name_fa":"منطقه ۹ شهر کرج","match_name_method":null,"match_spatial_test":null,"match_tier":null,"metric_crs":"EPSG:32639 (UTM 39N) for area/perimeter; representative_point for polygon centroid","nahiye_assignment_method":null,"nahiye_fa":null,"name_en":null,"name_fa":"طالقانی","name_latin":"Talqany","name_latin_method":"automated_transliteration (rule-based Persian->Latin grapheme mapping, approximate, NOT authoritative; unwritten short vowels not recovered)","name_source":"babaie774 display","osm_id":null,"osm_type":null,"perimeter_km":null,"place_type":"neighbourhood","point_osm_id":null,"prior_boundary_source":null,"province_fa":"استان البرز","source":"babaie774/iran-geography-data neighborhoods.json (MIT License)","tentative_match":false,"wikidata":null,"wikipedia":null,"within_municipal_code":null,"within_municipal_code_method":null,"within_municipal_mahalleh":null},"geometry":{"type":"Point","coordinates":[50.990555,35.82034]}},{"type":"Feature","properties":{"admin_level":null,"admin_level_note":"not applied: point centroid from community dataset, not an administrative boundary polygon","area_km2":null,"boundary_iou":null,"boundary_source":null,"centroid_lat":35.807465,"centroid_lon":50.916885,"city_fa":"کرج","confidence":"point_only","data_quality_note":"Point centroid from community dataset (babaie774, MIT); inside Karaj city polygon; not present in OSM neighborhood set; no polygon (no borrowed boundary).","duplicate_of_layer":null,"extraction_date":"2026-08-19","feature_level":"mahalleh","geometry_type":"Point","is_duplicate":false,"mantaqe":4,"mantaqe_assignment_method":"point_in_polygon_osm_admin9","mantaqe_name_fa":"منطقه ۴ شهر کرج","match_name_method":null,"match_spatial_test":null,"match_tier":null,"metric_crs":"EPSG:32639 (UTM 39N) for area/perimeter; representative_point for polygon centroid","nahiye_assignment_method":null,"nahiye_fa":null,"name_en":null,"name_fa":"مهرشهر - فاز ۱","name_latin":"Mhrshhr Faz 1","name_latin_method":"automated_transliteration (rule-based Persian->Latin grapheme mapping, approximate, NOT authoritative; unwritten short vowels not recovered)","name_source":"babaie774 display","osm_id":null,"osm_type":null,"perimeter_km":null,"place_type":"neighbourhood","point_osm_id":null,"prior_boundary_source":null,"province_fa":"استان البرز","source":"babaie774/iran-geography-data neighborhoods.json (MIT License)","tentative_match":false,"wikidata":null,"wikipedia":null,"within_municipal_code":null,"within_municipal_code_method":null,"within_municipal_mahalleh":null},"geometry":{"type":"Point","coordinates":[50.916885,35.807465]}},{"type":"Feature","properties":{"admin_level":null,"admin_level_note":"not applied: point centroid from community dataset, not an administrative boundary polygon","area_km2":null,"boundary_iou":null,"boundary_source":null,"centroid_lat":35.810448,"centroid_lon":50.96095,"city_fa":"کرج","confidence":"point_only","data_quality_note":"Point centroid from community dataset (babaie774, MIT); inside Karaj city polygon; not present in OSM neighborhood set; no polygon (no borrowed boundary).","duplicate_of_layer":null,"extraction_date":"2026-08-19","feature_level":"mahalleh","geometry_type":"Point","is_duplicate":false,"mantaqe":9,"mantaqe_assignment_method":"point_in_polygon_osm_admin9","mantaqe_name_fa":"منطقه ۹ شهر کرج","match_name_method":null,"match_spatial_test":null,"match_tier":null,"metric_crs":"EPSG:32639 (UTM 39N) for area/perimeter; representative_point for polygon centroid","nahiye_assignment_method":null,"nahiye_fa":null,"name_en":null,"name_fa":"مهرویلا","name_latin":"Mhrvyla","name_latin_method":"automated_transliteration (rule-based Persian->Latin grapheme mapping, approximate, NOT authoritative; unwritten short vowels not recovered)","name_source":"babaie774 display","osm_id":null,"osm_type":null,"perimeter_km":null,"place_type":"neighbourhood","point_osm_id":null,"prior_boundary_source":null,"province_fa":"استان البرز","source":"babaie774/iran-geography-data neighborhoods.json (MIT License)","tentative_match":false,"wikidata":null,"wikipedia":null,"within_municipal_code":null,"within_municipal_code_method":null,"within_municipal_mahalleh":null},"geometry":{"type":"Point","coordinates":[50.96095,35.810448]}},{"type":"Feature","properties":{"admin_level":null,"admin_level_note":"not applied: point centroid from community dataset, not an administrative boundary polygon","area_km2":null,"boundary_iou":null,"boundary_source":null,"centroid_lat":35.81189,"centroid_lon":50.98891,"city_fa":"کرج","confidence":"point_only","data_quality_note":"Point centroid from community dataset (babaie774, MIT); inside Karaj city polygon; not present in OSM neighborhood set; no polygon (no borrowed boundary).","duplicate_of_layer":null,"extraction_date":"2026-08-19","feature_level":"mahalleh","geometry_type":"Point","is_duplicate":false,"mantaqe":2,"mantaqe_assignment_method":"point_in_polygon_osm_admin9","mantaqe_name_fa":"منطقه ۲ شهر کرج","match_name_method":null,"match_spatial_test":null,"match_tier":null,"metric_crs":"EPSG:32639 (UTM 39N) for area/perimeter; representative_point for polygon centroid","nahiye_assignment_method":null,"nahiye_fa":null,"name_en":null,"name_fa":"هفت تیر","name_latin":"Hft Tyr","name_latin_method":"automated_transliteration (rule-based Persian->Latin grapheme mapping, approximate, NOT authoritative; unwritten short vowels not recovered)","name_source":"babaie774 display","osm_id":null,"osm_type":null,"perimeter_km":null,"place_type":"neighbourhood","point_osm_id":null,"prior_boundary_source":null,"province_fa":"استان البرز","source":"babaie774/iran-geography-data neighborhoods.json (MIT License)","tentative_match":false,"wikidata":null,"wikipedia":null,"within_municipal_code":null,"within_municipal_code_method":null,"within_municipal_mahalleh":null},"geometry":{"type":"Point","coordinates":[50.98891,35.81189]}},{"type":"Feature","properties":{"admin_level":null,"admin_level_note":"not applied: point centroid from community dataset, not an administrative boundary polygon","area_km2":null,"boundary_iou":null,"boundary_source":null,"centroid_lat":35.818733,"centroid_lon":50.975098,"city_fa":"کرج","confidence":"point_only","data_quality_note":"Point centroid from community dataset (babaie774, MIT); inside Karaj city polygon; not present in OSM neighborhood set; no polygon (no borrowed boundary).","duplicate_of_layer":null,"extraction_date":"2026-08-19","feature_level":"mahalleh","geometry_type":"Point","is_duplicate":false,"mantaqe":9,"mantaqe_assignment_method":"point_in_polygon_osm_admin9","mantaqe_name_fa":"منطقه ۹ شهر کرج","match_name_method":null,"match_spatial_test":null,"match_tier":null,"metric_crs":"EPSG:32639 (UTM 39N) for area/perimeter; representative_point for polygon centroid","nahiye_assignment_method":null,"nahiye_fa":null,"name_en":null,"name_fa":"ولیعصر","name_latin":"Vlyasr","name_latin_method":"automated_transliteration (rule-based Persian->Latin grapheme mapping, approximate, NOT authoritative; unwritten short vowels not recovered)","name_source":"babaie774 display","osm_id":null,"osm_type":null,"perimeter_km":null,"place_type":"neighbourhood","point_osm_id":null,"prior_boundary_source":null,"province_fa":"استان البرز","source":"babaie774/iran-geography-data neighborhoods.json (MIT License)","tentative_match":false,"wikidata":null,"wikipedia":null,"within_municipal_code":null,"within_municipal_code_method":null,"within_municipal_mahalleh":null},"geometry":{"type":"Point","coordinates":[50.975098,35.818733]}},{"type":"Feature","properties":{"admin_level":null,"admin_level_note":"not applied: point centroid from community dataset, not an administrative boundary polygon","area_km2":null,"boundary_iou":null,"boundary_source":null,"centroid_lat":35.845024,"centroid_lon":50.96471,"city_fa":"کرج","confidence":"point_only","data_quality_note":"Point centroid from community dataset (babaie774, MIT); inside Karaj city polygon; not present in OSM neighborhood set; no polygon (no borrowed boundary).","duplicate_of_layer":null,"extraction_date":"2026-08-19","feature_level":"mahalleh","geometry_type":"Point","is_duplicate":false,"mantaqe":7,"mantaqe_assignment_method":"point_in_polygon_osm_admin9","mantaqe_name_fa":"منطقه ۷ شهر کرج","match_name_method":null,"match_spatial_test":null,"match_tier":null,"metric_crs":"EPSG:32639 (UTM 39N) for area/perimeter; representative_point for polygon centroid","nahiye_assignment_method":null,"nahiye_fa":null,"name_en":null,"name_fa":"کوی امامیه","name_latin":"Kvy Amamyeh","name_latin_method":"automated_transliteration (rule-based Persian->Latin grapheme mapping, approximate, NOT authoritative; unwritten short vowels not recovered)","name_source":"babaie774 display","osm_id":null,"osm_type":null,"perimeter_km":null,"place_type":"neighbourhood","point_osm_id":null,"prior_boundary_source":null,"province_fa":"استان البرز","source":"babaie774/iran-geography-data neighborhoods.json (MIT License)","tentative_match":false,"wikidata":null,"wikipedia":null,"within_municipal_code":null,"within_municipal_code_method":null,"within_municipal_mahalleh":null},"geometry":{"type":"Point","coordinates":[50.96471,35.845024]}},{"type":"Feature","properties":{"admin_level":null,"admin_level_note":"not applied: point centroid from community dataset, not an administrative boundary polygon","area_km2":null,"boundary_iou":null,"boundary_source":null,"centroid_lat":35.84294,"centroid_lon":51.003223,"city_fa":"کرج","confidence":"point_only","data_quality_note":"Point centroid from community dataset (babaie774, MIT); inside Karaj city polygon; not present in OSM neighborhood set; no polygon (no borrowed boundary).","duplicate_of_layer":null,"extraction_date":"2026-08-19","feature_level":"mahalleh","geometry_type":"Point","is_duplicate":false,"mantaqe":8,"mantaqe_assignment_method":"point_in_polygon_osm_admin9","mantaqe_name_fa":"منطقه ۸ شهر کرج","match_name_method":null,"match_spatial_test":null,"match_tier":null,"metric_crs":"EPSG:32639 (UTM 39N) for area/perimeter; representative_point for polygon centroid","nahiye_assignment_method":null,"nahiye_fa":null,"name_en":null,"name_fa":"کوی فرهنگیان","name_latin":"Kvy Frhngyan","name_latin_method":"automated_transliteration (rule-based Persian->Latin grapheme mapping, approximate, NOT authoritative; unwritten short vowels not recovered)","name_source":"babaie774 display","osm_id":null,"osm_type":null,"perimeter_km":null,"place_type":"neighbourhood","point_osm_id":null,"prior_boundary_source":null,"province_fa":"استان البرز","source":"babaie774/iran-geography-data neighborhoods.json (MIT License)","tentative_match":false,"wikidata":null,"wikipedia":null,"within_municipal_code":null,"within_municipal_code_method":null,"within_municipal_mahalleh":null},"geometry":{"type":"Point","coordinates":[51.003223,35.84294]}},{"type":"Feature","properties":{"admin_level":null,"admin_level_note":"not applied: point centroid from community dataset, not an administrative boundary polygon","area_km2":null,"boundary_iou":null,"boundary_source":null,"centroid_lat":35.870514,"centroid_lon":50.902557,"city_fa":"کرج","confidence":"point_only","data_quality_note":"Point centroid from community dataset (babaie774, MIT); inside Karaj city polygon; not present in OSM neighborhood set; no polygon (no borrowed boundary).","duplicate_of_layer":null,"extraction_date":"2026-08-19","feature_level":"mahalleh","geometry_type":"Point","is_duplicate":false,"mantaqe":6,"mantaqe_assignment_method":"point_in_polygon_osm_admin9","mantaqe_name_fa":"منطقه ۶ شهر کرج","match_name_method":null,"match_spatial_test":null,"match_tier":null,"metric_crs":"EPSG:32639 (UTM 39N) for area/perimeter; representative_point for polygon centroid","nahiye_assignment_method":null,"nahiye_fa":null,"name_en":null,"name_fa":"گلدشت","name_latin":"Gldsht","name_latin_method":"automated_transliteration (rule-based Persian->Latin grapheme mapping, approximate, NOT authoritative; unwritten short vowels not recovered)","name_source":"babaie774 display","osm_id":null,"osm_type":null,"perimeter_km":null,"place_type":"neighbourhood","point_osm_id":null,"prior_boundary_source":null,"province_fa":"استان البرز","source":"babaie774/iran-geography-data neighborhoods.json (MIT License)","tentative_match":false,"wikidata":null,"wikipedia":null,"within_municipal_code":null,"within_municipal_code_method":null,"within_municipal_mahalleh":null},"geometry":{"type":"Point","coordinates":[50.902557,35.870514]}},{"type":"Feature","properties":{"admin_level":null,"admin_level_note":"not applied: point centroid from community dataset, not an administrative boundary polygon","area_km2":null,"boundary_iou":null,"boundary_source":null,"centroid_lat":35.778778,"centroid_lon":50.896282,"city_fa":"کرج","confidence":"point_only","data_quality_note":"Point centroid from community dataset (babaie774, MIT); inside Karaj city polygon; not present in OSM neighborhood set; no polygon (no borrowed boundary).","duplicate_of_layer":null,"extraction_date":"2026-08-19","feature_level":"mahalleh","geometry_type":"Point","is_duplicate":false,"mantaqe":3,"mantaqe_assignment_method":"point_in_polygon_osm_admin9","mantaqe_name_fa":"منطقه ۳ شهر کرج","match_name_method":null,"match_spatial_test":null,"match_tier":null,"metric_crs":"EPSG:32639 (UTM 39N) for area/perimeter; representative_point for polygon centroid","nahiye_assignment_method":null,"nahiye_fa":null,"name_en":null,"name_fa":"گلستان","name_latin":"Glstan","name_latin_method":"automated_transliteration (rule-based Persian->Latin grapheme mapping, approximate, NOT authoritative; unwritten short vowels not recovered)","name_source":"babaie774 display","osm_id":null,"osm_type":null,"perimeter_km":null,"place_type":"neighbourhood","point_osm_id":null,"prior_boundary_source":null,"province_fa":"استان البرز","source":"babaie774/iran-geography-data neighborhoods.json (MIT License)","tentative_match":false,"wikidata":null,"wikipedia":null,"within_municipal_code":null,"within_municipal_code_method":null,"within_municipal_mahalleh":null},"geometry":{"type":"Point","coordinates":[50.896282,35.778778]}},{"type":"Feature","properties":{"admin_level":null,"admin_level_note":"not applied: point centroid from community dataset, not an administrative boundary polygon","area_km2":null,"boundary_iou":null,"boundary_source":null,"centroid_lat":35.855244,"centroid_lon":50.971992,"city_fa":"کرج","confidence":"point_only","data_quality_note":"Point centroid from community dataset (babaie774, MIT); inside Karaj city polygon; not present in OSM neighborhood set; no polygon (no borrowed boundary).","duplicate_of_layer":null,"extraction_date":"2026-08-19","feature_level":"mahalleh","geometry_type":"Point","is_duplicate":false,"mantaqe":7,"mantaqe_assignment_method":"point_in_polygon_osm_admin9","mantaqe_name_fa":"منطقه ۷ شهر کرج","match_name_method":null,"match_spatial_test":null,"match_tier":null,"metric_crs":"EPSG:32639 (UTM 39N) for area/perimeter; representative_point for polygon centroid","nahiye_assignment_method":null,"nahiye_fa":null,"name_en":null,"name_fa":"گوهردشت","name_latin":"Gvhrdsht","name_latin_method":"automated_transliteration (rule-based Persian->Latin grapheme mapping, approximate, NOT authoritative; unwritten short vowels not recovered)","name_source":"babaie774 display","osm_id":null,"osm_type":null,"perimeter_km":null,"place_type":"neighbourhood","point_osm_id":null,"prior_boundary_source":null,"province_fa":"استان البرز","source":"babaie774/iran-geography-data neighborhoods.json (MIT License)","tentative_match":false,"wikidata":"Q10869212","wikipedia":null,"within_municipal_code":null,"within_municipal_code_method":null,"within_municipal_mahalleh":null},"geometry":{"type":"Point","coordinates":[50.971992,35.855244]}},{"type":"Feature","properties":{"admin_level":null,"admin_level_note":"not applied: point centroid from community dataset, not an administrative boundary polygon","area_km2":null,"boundary_iou":null,"boundary_source":null,"centroid_lat":35.85758,"centroid_lon":50.9358,"city_fa":"کرج","confidence":"point_only","data_quality_note":"Point centroid from community dataset (babaie774, MIT); inside Karaj city polygon; not present in OSM neighborhood set; no polygon (no borrowed boundary).","duplicate_of_layer":null,"extraction_date":"2026-08-19","feature_level":"mahalleh","geometry_type":"Point","is_duplicate":false,"mantaqe":6,"mantaqe_assignment_method":"point_in_polygon_osm_admin9","mantaqe_name_fa":"منطقه ۶ شهر کرج","match_name_method":null,"match_spatial_test":null,"match_tier":null,"metric_crs":"EPSG:32639 (UTM 39N) for area/perimeter; representative_point for polygon centroid","nahiye_assignment_method":null,"nahiye_fa":null,"name_en":null,"name_fa":"۳۵۰ متری","name_latin":"350 Mtry","name_latin_method":"automated_transliteration (rule-based Persian->Latin grapheme mapping, approximate, NOT authoritative; unwritten short vowels not recovered)","name_source":"babaie774 display","osm_id":null,"osm_type":null,"perimeter_km":null,"place_type":"neighbourhood","point_osm_id":null,"prior_boundary_source":null,"province_fa":"استان البرز","source":"babaie774/iran-geography-data neighborhoods.json (MIT License)","tentative_match":false,"wikidata":null,"wikipedia":null,"within_municipal_code":null,"within_municipal_code_method":null,"within_municipal_mahalleh":null},"geometry":{"type":"Point","coordinates":[50.9358,35.85758]}}]}